group,replicate,studies,delta,sigma2,tau2,sd_total,loa_l,loa_u,bootstrap_mode,agreement_method_version,results_status
main,0,76,-0.0011477236552422823,16.266419355567226,14.053567275014988,5.506358745176545,-11.013865214008332,11.011569766697848,cluster_plus_withinstudy,agreement_natural_log_tau2_direct_v1,provisional
main,1,76,0.7187094309220864,14.957953497641755,10.371664592072646,5.032853871285595,-9.346998311649104,10.784417173493276,cluster_plus_withinstudy,agreement_natural_log_tau2_direct_v1,provisional
main,2,76,0.11240254108896985,14.036447679908354,12.88297983419095,5.188393538861456,-10.264384536633942,10.489189618811883,cluster_plus_withinstudy,agreement_natural_log_tau2_direct_v1,provisional
main,3,76,-0.47657315539696726,17.66530016878976,2.922703574652392,4.5374005491517,-9.551374253700367,8.598227942906433,cluster_plus_withinstudy,agreement_natural_log_tau2_direct_v1,provisional
main,4,76,0.09037503247574319,16.77885215477704,11.597198138504945,5.3269175226656165,-10.56346001285549,10.744210077806976,cluster_plus_withinstudy,agreement_natural_log_tau2_direct_v1,provisional
main,5,76,-0.16473221871215984,14.989905209074568,13.375512328017004,5.325919407678976,-10.816571034070112,10.487106596645791,cluster_plus_withinstudy,agreement_natural_log_tau2_direct_v1,provisional
main,6,76,-0.11839817235557425,11.78752803021845,13.847522852919493,5.063106840975998,-10.24461185430757,10.007815509596421,cluster_plus_withinstudy,agreement_natural_log_tau2_direct_v1,provisional
main,7,76,0.11813226559840082,15.677707945086617,11.767082820071218,5.23877760218525,-10.359422938772099,10.595687469968901,cluster_plus_withinstudy,agreement_natural_log_tau2_direct_v1,provisional
main,8,76,-0.03816787634739564,18.14336233096706,10.072765033009032,5.311885481067536,-10.661938838482468,10.585603085787676,cluster_plus_withinstudy,agreement_natural_log_tau2_direct_v1,provisional
main,9,76,-0.7262220249003023,16.11335470323563,2.8249084927507386,4.351811484426499,-9.4298449937533,7.977400943952695,cluster_plus_withinstudy,agreement_natural_log_tau2_direct_v1,provisional
main,10,76,0.03695204273477125,16.660686774409832,9.021635880607963,5.067772948250325,-10.098593853765879,10.172497939235422,cluster_plus_withinstudy,agreement_natural_log_tau2_direct_v1,provisional
main,11,76,0.0233903707665255,15.151814161310158,12.249872056265504,5.234661996497545,-10.445933622228564,10.492714363761616,cluster_plus_withinstudy,agreement_natural_log_tau2_direct_v1,provisional
main,12,76,-0.4381062689790004,15.73834595035736,13.8649118865215,5.44088759642017,-11.31988146181934,10.44366892386134,cluster_plus_withinstudy,agreement_natural_log_tau2_direct_v1,provisional
main,13,76,-0.10019543463020213,15.078909528953346,7.794868020790995,4.782653818722858,-9.665503072075918,9.465112202815515,cluster_plus_withinstudy,agreement_natural_log_tau2_direct_v1,provisional
main,14,76,-0.21217800604386217,16.65878882237629,10.20358458852298,5.182892378865229,-10.57796276377432,10.153606751686596,cluster_plus_withinstudy,agreement_natural_log_tau2_direct_v1,provisional
main,15,76,-0.15074050272941594,14.504327744317662,13.327124314942177,5.275552298978737,-10.70184510068689,10.400364095228058,cluster_plus_withinstudy,agreement_natural_log_tau2_direct_v1,provisional
main,16,76,0.6243462595935212,12.768445471242359,10.540459174058938,4.827929643781204,-9.031513027968886,10.280205547155928,cluster_plus_withinstudy,agreement_natural_log_tau2_direct_v1,provisional
main,17,76,-0.008840229654454974,16.70792149827713,2.5264167941323037,4.385697013293261,-8.780234256240977,8.762553796932067,cluster_plus_withinstudy,agreement_natural_log_tau2_direct_v1,provisional
main,18,76,-0.2440222878751915,17.90179086274965,11.954526177987207,5.464093432650731,-11.172209153176654,10.684164577426271,cluster_plus_withinstudy,agreement_natural_log_tau2_direct_v1,provisional
main,19,76,0.32061549735497746,18.431478446249855,10.90828900218685,5.4166195591380335,-10.51262362092109,11.153854615631044,cluster_plus_withinstudy,agreement_natural_log_tau2_direct_v1,provisional
main,20,76,-0.35237302888170174,15.921175374079233,4.6556421593801876,4.5361677144324615,-9.424708457746625,8.71996239998322,cluster_plus_withinstudy,agreement_natural_log_tau2_direct_v1,provisional
main,21,76,-0.18816543356142426,15.552285725029536,2.8638604978462876,4.291403759013573,-8.77097295158857,8.39464208446572,cluster_plus_withinstudy,agreement_natural_log_tau2_direct_v1,provisional
main,22,76,-0.21769377791218472,14.776153447154597,12.48544361536574,5.221263933428412,-10.66022164476901,10.22483408894464,cluster_plus_withinstudy,agreement_natural_log_tau2_direct_v1,provisional
main,23,76,-0.32633887534667066,19.095709544438588,9.81436794119343,5.376809229053232,-11.079957333453136,10.427279582759793,cluster_plus_withinstudy,agreement_natural_log_tau2_direct_v1,provisional
main,24,76,-0.3146688135486692,13.19205096626862,7.9672185748824775,4.599920601613803,-9.514510016776276,8.885172389678937,cluster_plus_withinstudy,agreement_natural_log_tau2_direct_v1,provisional
main,25,76,-0.35224966363726135,19.52887967659319,10.374070975478288,5.468359045643536,-11.288967754924332,10.58446842764981,cluster_plus_withinstudy,agreement_natural_log_tau2_direct_v1,provisional
main,26,76,-0.6341847426213276,16.973511757090677,3.29015215844411,4.501517956815766,-9.63722065625286,8.368851171010204,cluster_plus_withinstudy,agreement_natural_log_tau2_direct_v1,provisional
main,27,76,-0.34300634926833773,16.730634423674864,2.8799610912648195,4.428385203992498,-9.199776757253334,8.513764058716658,cluster_plus_withinstudy,agreement_natural_log_tau2_direct_v1,provisional
main,28,76,-0.3975120081920538,16.37187444152768,2.58061668978385,4.353445891625567,-9.104403791443188,8.30937977505908,cluster_plus_withinstudy,agreement_natural_log_tau2_direct_v1,provisional
main,29,76,-0.1665535561337529,15.845101340535198,8.568088023821614,4.940970488108263,-10.04849453235028,9.715387420082774,cluster_plus_withinstudy,agreement_natural_log_tau2_direct_v1,provisional
main,30,76,-0.2857239412563044,14.198667890335143,10.626537750075759,4.982489903693825,-10.250703748643954,9.679255866131346,cluster_plus_withinstudy,agreement_natural_log_tau2_direct_v1,provisional
main,31,76,-0.11514464739569003,17.30402201173432,10.01029176138678,5.226309766280707,-10.567764179957104,10.337474885165724,cluster_plus_withinstudy,agreement_natural_log_tau2_direct_v1,provisional
main,32,76,0.112478401939478,16.071772907215866,10.64490697241538,5.168818035066745,-10.225157668194012,10.450114472072968,cluster_plus_withinstudy,agreement_natural_log_tau2_direct_v1,provisional
main,33,76,-0.19081743962402367,13.257323429745147,7.253098128959626,4.528843291471319,-9.248504022566662,8.866869143318615,cluster_plus_withinstudy,agreement_natural_log_tau2_direct_v1,provisional
main,34,76,-0.223417994766052,20.66645141895394,3.716366561395382,4.937896108703516,-10.099210212173084,9.65237422264098,cluster_plus_withinstudy,agreement_natural_log_tau2_direct_v1,provisional
main,35,76,-0.3255968609759628,16.641372263785982,11.572410645117905,5.3116647963612955,-10.948926453698554,10.297732731746628,cluster_plus_withinstudy,agreement_natural_log_tau2_direct_v1,provisional
main,36,76,-0.14550365067510682,16.69748755194095,14.154210475043785,5.554430486286126,-11.254364623247358,10.963357321897146,cluster_plus_withinstudy,agreement_natural_log_tau2_direct_v1,provisional
main,37,76,0.31275885942407594,13.21205989329815,8.671382567700487,4.677974183447215,-9.043189507470354,9.668707226318505,cluster_plus_withinstudy,agreement_natural_log_tau2_direct_v1,provisional
main,38,76,0.186191143879717,17.282777531062674,13.09781500464119,5.511859263053064,-10.837527382226412,11.209909669985844,cluster_plus_withinstudy,agreement_natural_log_tau2_direct_v1,provisional
main,39,76,-0.3887982847380679,13.863370597274614,14.056101424208833,5.283887964509036,-10.95657421375614,10.178977644280005,cluster_plus_withinstudy,agreement_natural_log_tau2_direct_v1,provisional
main,40,76,0.22542244961542862,17.038766399789818,1.9505382617669755,4.35767193138226,-8.48992141314909,8.94076631237995,cluster_plus_withinstudy,agreement_natural_log_tau2_direct_v1,provisional
main,41,76,-0.3210857274235465,16.181830499411134,3.353252992218505,4.419851071204734,-9.160787869833015,8.518616414985921,cluster_plus_withinstudy,agreement_natural_log_tau2_direct_v1,provisional
main,42,76,-0.03806765431953384,14.70180752550522,2.854251271852229,4.1899950832139945,-8.418057820747523,8.341922512108455,cluster_plus_withinstudy,agreement_natural_log_tau2_direct_v1,provisional
main,43,76,-0.18480865959427972,15.51911226085791,10.759417924986112,5.126258887906855,-10.43732643540799,10.06770911621943,cluster_plus_withinstudy,agreement_natural_log_tau2_direct_v1,provisional
main,44,76,0.19432471959009592,16.123387029843844,15.054104826815738,5.583680851970283,-10.97303698435047,11.361686423530662,cluster_plus_withinstudy,agreement_natural_log_tau2_direct_v1,provisional
main,45,76,-0.2693302043550546,13.640328523946105,2.469541073039091,4.013710203413445,-8.296750611181944,7.758090202471835,cluster_plus_withinstudy,agreement_natural_log_tau2_direct_v1,provisional
main,46,76,0.0456053482070961,18.208165504127898,2.838765888758498,4.587693471984195,-9.129781595761294,9.220992292175485,cluster_plus_withinstudy,agreement_natural_log_tau2_direct_v1,provisional
main,47,76,-0.041862332379057385,15.274261848226615,9.013651492482664,4.928276913963874,-9.898416160306805,9.81469149554869,cluster_plus_withinstudy,agreement_natural_log_tau2_direct_v1,provisional
main,48,76,0.17002640990336929,19.25523827088821,10.764822625328648,5.479056569904792,-10.788086729906214,11.128139549712953,cluster_plus_withinstudy,agreement_natural_log_tau2_direct_v1,provisional
main,49,76,-0.029983560695662572,17.822722764809498,9.98325260756133,5.273137147123221,-10.576257854942105,10.51629073355078,cluster_plus_withinstudy,agreement_natural_log_tau2_direct_v1,provisional
main,50,76,0.23714708289191622,15.907495318646319,11.542844118867613,5.239307152430933,-10.24146722196995,10.715761387753782,cluster_plus_withinstudy,agreement_natural_log_tau2_direct_v1,provisional
main,51,76,-0.4560542661337808,13.647242409825685,8.135810719551554,4.667231848684747,-9.790517963503275,8.878409431235712,cluster_plus_withinstudy,agreement_natural_log_tau2_direct_v1,provisional
main,52,76,-0.27622081960908057,20.269849617840872,3.4387829537567867,4.8691511140647155,-10.014523047738512,9.46208140852035,cluster_plus_withinstudy,agreement_natural_log_tau2_direct_v1,provisional
main,53,76,-0.7086478915627323,17.702359413059607,8.87714086496511,5.155531037441703,-11.019709966446138,9.602414183320674,cluster_plus_withinstudy,agreement_natural_log_tau2_direct_v1,provisional
main,54,76,0.09924342343078907,15.65536530098247,12.5764900638778,5.313365728505828,-10.527488033580868,10.725974880442445,cluster_plus_withinstudy,agreement_natural_log_tau2_direct_v1,provisional
main,55,76,-0.24247469713436204,15.308344651207307,2.605557393539368,4.232481783155915,-8.707438263446193,8.222488869177468,cluster_plus_withinstudy,agreement_natural_log_tau2_direct_v1,provisional
main,56,76,-0.24585568906104185,15.733723812424474,3.100077685932139,4.339792794403508,-8.925441277868059,8.433729899745975,cluster_plus_withinstudy,agreement_natural_log_tau2_direct_v1,provisional
main,57,76,0.23844818724248829,14.671173934160121,8.66512469621845,4.830765843049999,-9.42308349885751,9.899979873342486,cluster_plus_withinstudy,agreement_natural_log_tau2_direct_v1,provisional
main,58,76,-0.27287773352914185,15.059461835174611,9.131741366312234,4.918455367438729,-10.1097884684066,9.564033001348315,cluster_plus_withinstudy,agreement_natural_log_tau2_direct_v1,provisional
main,59,76,-0.45349642176160143,14.551479695047865,2.3719782920512,4.113813071482353,-8.681122564726307,7.774129721203105,cluster_plus_withinstudy,agreement_natural_log_tau2_direct_v1,provisional
main,60,76,-0.2269774642981167,17.07265135978081,8.88803181374098,5.095162722967912,-10.417302910233941,9.963347981637709,cluster_plus_withinstudy,agreement_natural_log_tau2_direct_v1,provisional
main,61,76,0.12742934597375302,17.684396795547592,11.78594552881364,5.42865934871228,-10.729889351450806,10.984748043398314,cluster_plus_withinstudy,agreement_natural_log_tau2_direct_v1,provisional
main,62,76,-0.16211861149654325,12.282461107437156,11.588370717973714,4.885778528076244,-9.933675667649032,9.609438444655945,cluster_plus_withinstudy,agreement_natural_log_tau2_direct_v1,provisional
main,63,76,-0.2775014582001055,18.820471256846506,3.26382265550733,4.699392930193627,-9.67628731858736,9.121284402187147,cluster_plus_withinstudy,agreement_natural_log_tau2_direct_v1,provisional
main,64,76,-0.0934066108665952,16.117894220906624,9.268910796119979,5.038532029969304,-10.170470670805203,9.983657449072014,cluster_plus_withinstudy,agreement_natural_log_tau2_direct_v1,provisional
main,65,76,-0.5296898486133361,14.366899566621052,3.021606934247065,4.169952817582966,-8.869595483779268,7.810215786552596,cluster_plus_withinstudy,agreement_natural_log_tau2_direct_v1,provisional
main,66,76,-0.24849080878946686,13.691549953123582,7.888300945273121,4.645411811497093,-9.539314431783653,9.042332814204718,cluster_plus_withinstudy,agreement_natural_log_tau2_direct_v1,provisional
main,67,76,-0.33732779482110276,13.20478211027472,13.002679789760087,5.119322406338051,-10.575972607497205,9.901317017854998,cluster_plus_withinstudy,agreement_natural_log_tau2_direct_v1,provisional
main,68,76,0.11734202205245631,16.125330183885147,12.450206455727253,5.345609099028136,-10.573876176003816,10.80856022010873,cluster_plus_withinstudy,agreement_natural_log_tau2_direct_v1,provisional
main,69,76,-0.24980550456414674,14.763619639417069,14.234225179878003,5.384964699911697,-11.01973490438754,10.520123895259246,cluster_plus_withinstudy,agreement_natural_log_tau2_direct_v1,provisional
main,70,76,0.05810357424428811,16.603842993057622,10.419141773428139,5.198363662392788,-10.338623750541288,10.454830899029865,cluster_plus_withinstudy,agreement_natural_log_tau2_direct_v1,provisional
main,71,76,-0.31614918830527755,13.832722354238832,12.373176255777311,5.119169718813407,-10.554488625932093,9.922190249321536,cluster_plus_withinstudy,agreement_natural_log_tau2_direct_v1,provisional
main,72,76,0.14459441078394603,15.358597031386102,12.341856728537097,5.263122054439095,-10.381649698094245,10.670838519662135,cluster_plus_withinstudy,agreement_natural_log_tau2_direct_v1,provisional
main,73,76,0.022126656819100803,17.638027916284678,8.506496091726785,5.113171619260541,-10.204216581701981,10.248469895340182,cluster_plus_withinstudy,agreement_natural_log_tau2_direct_v1,provisional
main,74,76,-0.1400127530885321,15.06449121096403,12.922660752737736,5.290288457513613,-10.720589668115759,10.440564161938694,cluster_plus_withinstudy,agreement_natural_log_tau2_direct_v1,provisional
main,75,76,0.16937522375482655,16.167355380582134,8.750818532096797,4.991810684779515,-9.814246145804203,10.152996593313857,cluster_plus_withinstudy,agreement_natural_log_tau2_direct_v1,provisional
main,76,76,0.05127981723261535,18.37227325236156,10.05683174715492,5.331895066438993,-10.612510315645372,10.715069950110601,cluster_plus_withinstudy,agreement_natural_log_tau2_direct_v1,provisional
main,77,76,-0.4831311507127024,13.677950741340936,2.9228450225555087,4.074407412605721,-8.631945975924145,7.66568367449874,cluster_plus_withinstudy,agreement_natural_log_tau2_direct_v1,provisional
main,78,76,0.00778258381330937,17.161507406462142,12.763225008037244,5.47035030089476,-10.93291801797621,10.948483185602829,cluster_plus_withinstudy,agreement_natural_log_tau2_direct_v1,provisional
main,79,76,-0.387440271814454,16.437613674984433,2.46328511164442,4.347516392910883,-9.08247305763622,8.307592514007313,cluster_plus_withinstudy,agreement_natural_log_tau2_direct_v1,provisional
main,80,76,-0.08678807990490059,16.701237557016828,3.0304920032541274,4.442041147971387,-8.970870375847674,8.797294216037873,cluster_plus_withinstudy,agreement_natural_log_tau2_direct_v1,provisional
main,81,76,-0.07469935276482619,14.073818937929758,8.80513049154469,4.78319447957894,-9.641088311922706,9.491689606393054,cluster_plus_withinstudy,agreement_natural_log_tau2_direct_v1,provisional
main,82,76,-0.21104513769332595,16.485566245520552,9.261011084272463,5.07410852562231,-10.359262188937945,9.937171913551294,cluster_plus_withinstudy,agreement_natural_log_tau2_direct_v1,provisional
main,83,76,0.14777103711099282,18.130397902899826,12.735058941694813,5.555668892635219,-10.963566748159446,11.25910882238143,cluster_plus_withinstudy,agreement_natural_log_tau2_direct_v1,provisional
main,84,76,0.10452767208295162,17.637957419252054,7.90662469123821,5.054164828187766,-10.00380198429258,10.212857328458483,cluster_plus_withinstudy,agreement_natural_log_tau2_direct_v1,provisional
main,85,76,-0.13373731093500585,15.493363908152125,12.128690365979637,5.2556687751542865,-10.645074861243579,10.377600239373567,cluster_plus_withinstudy,agreement_natural_log_tau2_direct_v1,provisional
main,86,76,0.029544549944959527,16.87756605683896,2.1396742209735655,4.360876090628181,-8.692207631311401,8.751296731201322,cluster_plus_withinstudy,agreement_natural_log_tau2_direct_v1,provisional
main,87,76,0.2059787765561237,17.941033104907667,10.14197857761774,5.299340683757311,-10.392702590958498,10.804660144070747,cluster_plus_withinstudy,agreement_natural_log_tau2_direct_v1,provisional
main,88,76,0.16947510357600065,17.77590356688957,2.8452514051210205,4.541052187765584,-8.912629271955167,9.25157947910717,cluster_plus_withinstudy,agreement_natural_log_tau2_direct_v1,provisional
main,89,76,0.003231091041790404,13.96626975960585,12.323160476287113,5.127321936049361,-10.251412781056931,10.257874963140512,cluster_plus_withinstudy,agreement_natural_log_tau2_direct_v1,provisional
main,90,76,-0.14843787911121847,15.912466599104304,7.946916717087149,4.884606771910248,-9.917651422931716,9.620775664709278,cluster_plus_withinstudy,agreement_natural_log_tau2_direct_v1,provisional
main,91,76,-0.4312800478932063,16.155026509585106,3.494953566691365,4.432829804569139,-9.296939657031485,8.434379561245072,cluster_plus_withinstudy,agreement_natural_log_tau2_direct_v1,provisional
main,92,76,0.0990286788462806,16.115305822816342,9.439888158231112,5.055214533632322,-10.011400388418362,10.209457746110925,cluster_plus_withinstudy,agreement_natural_log_tau2_direct_v1,provisional
main,93,76,0.1502105468063493,17.198230317237776,3.463565559182892,4.545524818590332,-8.940839090374315,9.241260183987013,cluster_plus_withinstudy,agreement_natural_log_tau2_direct_v1,provisional
main,94,76,-0.004976826958207346,15.502316962556014,2.3724822969449275,4.227859891186195,-8.460696609330597,8.450742955414182,cluster_plus_withinstudy,agreement_natural_log_tau2_direct_v1,provisional
main,95,76,-0.21152057871120122,16.001758997980385,13.26313351447817,5.409703551254778,-11.030927681220758,10.607886523798355,cluster_plus_withinstudy,agreement_natural_log_tau2_direct_v1,provisional
main,96,76,-0.5083152987949251,15.381282936160964,11.35461714625069,5.1706769462432725,-10.84966919128147,9.83303859369162,cluster_plus_withinstudy,agreement_natural_log_tau2_direct_v1,provisional
main,97,76,-0.16992060152894758,17.524522280836486,10.36172683977587,5.280743235626246,-10.731407072781439,10.391565869723545,cluster_plus_withinstudy,agreement_natural_log_tau2_direct_v1,provisional
main,98,76,-0.07193764546172113,14.357391397959503,13.638488671792214,5.291113310991527,-10.654164267444775,10.510288976521332,cluster_plus_withinstudy,agreement_natural_log_tau2_direct_v1,provisional
main,99,76,-0.2593886190063652,11.628543946185895,11.958701514925478,4.856670203041522,-9.972729025089409,9.453951787076678,cluster_plus_withinstudy,agreement_natural_log_tau2_direct_v1,provisional
main,100,76,-0.25531997198572326,18.73810228286136,10.211149941726502,5.380450931342824,-11.016221834671372,10.505581890699924,cluster_plus_withinstudy,agreement_natural_log_tau2_direct_v1,provisional
main,101,76,-0.257972877765905,15.371971590272967,3.8875632290077524,4.388568652679449,-9.035110183124804,8.519164427592994,cluster_plus_withinstudy,agreement_natural_log_tau2_direct_v1,provisional
main,102,76,-0.3359553044018036,15.0222416517597,13.580667731491387,5.348168787842348,-11.0322928800865,10.360382271282893,cluster_plus_withinstudy,agreement_natural_log_tau2_direct_v1,provisional
main,103,76,0.08754343083765914,19.063840050483936,5.116253696379816,4.91732587356825,-9.74710831629884,9.922195177974158,cluster_plus_withinstudy,agreement_natural_log_tau2_direct_v1,provisional
main,104,76,0.030300148241171106,13.900229057031595,10.862063602208385,4.976172490905031,-9.922044833568892,9.982645130051234,cluster_plus_withinstudy,agreement_natural_log_tau2_direct_v1,provisional
main,105,76,-0.3461177813244282,15.188817163667196,2.1466871844237607,4.163592721207365,-8.67330322373916,7.981067661090303,cluster_plus_withinstudy,agreement_natural_log_tau2_direct_v1,provisional
main,106,76,-0.07610535574376606,14.449202437522985,9.067794596114243,4.849432650696082,-9.77497065713593,9.622759945648399,cluster_plus_withinstudy,agreement_natural_log_tau2_direct_v1,provisional
main,107,76,-0.16437151180840381,19.997801714504455,3.1261914042155046,4.808741323747823,-9.78185415930405,9.45311113568724,cluster_plus_withinstudy,agreement_natural_log_tau2_direct_v1,provisional
main,108,76,0.8131432372317906,14.448258915650003,12.357975503907724,5.177473748804307,-9.541804260376825,11.168090734840405,cluster_plus_withinstudy,agreement_natural_log_tau2_direct_v1,provisional
main,109,76,0.057510566680409665,15.200213220778062,11.806814724191272,5.196828643025411,-10.336146719370412,10.451167852731231,cluster_plus_withinstudy,agreement_natural_log_tau2_direct_v1,provisional
main,110,76,-0.057879268994415256,16.68300343978815,15.045660569391888,5.63282025358346,-11.323519776161335,11.207761238172504,cluster_plus_withinstudy,agreement_natural_log_tau2_direct_v1,provisional
main,111,76,-0.42642315001338016,16.97359074498751,8.253102432863408,5.0226181596704045,-10.47165946935419,9.618813169327428,cluster_plus_withinstudy,agreement_natural_log_tau2_direct_v1,provisional
main,112,76,-0.2703958930913895,19.63518734467454,5.12005917923287,4.975464453084497,-10.221324799260383,9.680533013077603,cluster_plus_withinstudy,agreement_natural_log_tau2_direct_v1,provisional
main,113,76,0.27803868627831557,15.164713079272744,11.935134904651067,5.20575143316734,-10.133464180056363,10.689541552612996,cluster_plus_withinstudy,agreement_natural_log_tau2_direct_v1,provisional
main,114,76,0.20223560679591962,16.689922722214217,8.012034277401272,4.970106336851908,-9.737977066907895,10.142448280499735,cluster_plus_withinstudy,agreement_natural_log_tau2_direct_v1,provisional
main,115,76,-0.29600436611453645,15.67813138173089,9.105375729379569,4.9783036378982,-10.252611641910937,9.660602909681865,cluster_plus_withinstudy,agreement_natural_log_tau2_direct_v1,provisional
main,116,76,0.12907372980080575,16.00172140887127,2.447100167182135,4.295209142294866,-8.461344554788926,8.71949201439054,cluster_plus_withinstudy,agreement_natural_log_tau2_direct_v1,provisional
main,117,76,-0.2876483263583594,16.09986680497845,8.53591138863574,4.963444186612175,-10.214536699582709,9.63924004686599,cluster_plus_withinstudy,agreement_natural_log_tau2_direct_v1,provisional
main,118,76,-0.4619856083233482,16.50194307716653,2.5709568594606673,4.367253134022254,-9.196491876367855,8.27252065972116,cluster_plus_withinstudy,agreement_natural_log_tau2_direct_v1,provisional
main,119,76,-0.06513574090696383,18.02412090528329,9.628001591379142,5.258528548621033,-10.58219283814903,10.451921356335102,cluster_plus_withinstudy,agreement_natural_log_tau2_direct_v1,provisional
main,120,76,-0.1421069776244723,13.933121396512375,10.885354413864382,4.981814509832412,-10.105735997289296,9.821522042040352,cluster_plus_withinstudy,agreement_natural_log_tau2_direct_v1,provisional
main,121,76,-0.3423395015399485,17.9484432325176,8.59066291757804,5.151611995297747,-10.645563492135443,9.960884489055546,cluster_plus_withinstudy,agreement_natural_log_tau2_direct_v1,provisional
main,122,76,0.3057167011819321,20.07726323634915,3.0548395109090785,4.809584467213174,-9.313452233244416,9.92488563560828,cluster_plus_withinstudy,agreement_natural_log_tau2_direct_v1,provisional
main,123,76,0.1362966318148468,15.714103518033163,8.487437166920413,4.919506142383967,-9.702715652953087,9.975308916582781,cluster_plus_withinstudy,agreement_natural_log_tau2_direct_v1,provisional
main,124,76,-0.08853898918192825,18.317953323117074,3.8242234528876624,4.70554744700388,-9.49963388318969,9.322555904825832,cluster_plus_withinstudy,agreement_natural_log_tau2_direct_v1,provisional
main,125,76,-0.7326514692668147,18.53246960920958,2.695343930179872,4.607365140662226,-9.947381750591266,8.482078812057637,cluster_plus_withinstudy,agreement_natural_log_tau2_direct_v1,provisional
main,126,76,-0.1102476620520097,13.487589074225198,13.866558438889477,5.230119263756293,-10.570486189564596,10.349990865460578,cluster_plus_withinstudy,agreement_natural_log_tau2_direct_v1,provisional
main,127,76,-0.032115374372563,13.415977118038915,9.850282350771776,4.823511114199976,-9.679137602772514,9.614906854027389,cluster_plus_withinstudy,agreement_natural_log_tau2_direct_v1,provisional
main,128,76,-0.4529446851553035,13.049610010759132,12.661519946219402,5.070614356957008,-10.59417339906932,9.688284028758712,cluster_plus_withinstudy,agreement_natural_log_tau2_direct_v1,provisional
main,129,76,0.14342743298250005,14.000814875265121,6.123113181636534,4.485970135533857,-8.828512838085214,9.115367704050215,cluster_plus_withinstudy,agreement_natural_log_tau2_direct_v1,provisional
main,130,76,-0.4536333625197891,17.837282263521352,9.654932661490742,5.243301910534248,-10.940237183588284,10.032970458548707,cluster_plus_withinstudy,agreement_natural_log_tau2_direct_v1,provisional
main,131,76,0.2029280596890631,16.506467226096586,10.815408822926162,5.227033197620114,-10.251138335551165,10.65699445492929,cluster_plus_withinstudy,agreement_natural_log_tau2_direct_v1,provisional
main,132,76,-0.0331230638174657,15.849112944629029,11.081870031023959,5.189507006995268,-10.412137077808001,10.345890950173072,cluster_plus_withinstudy,agreement_natural_log_tau2_direct_v1,provisional
main,133,76,0.08270614394958264,15.817494072533728,12.88018255552147,5.357021245809578,-10.631336347669572,10.796748635568738,cluster_plus_withinstudy,agreement_natural_log_tau2_direct_v1,provisional
main,134,76,-0.05405184218774595,16.77841746068872,2.1336045178835494,4.348795462949743,-8.751642768087233,8.64353908371174,cluster_plus_withinstudy,agreement_natural_log_tau2_direct_v1,provisional
main,135,76,-0.3459814521556164,19.706653907589345,4.125435825184202,4.881812136161484,-10.109605724478584,9.417642820167352,cluster_plus_withinstudy,agreement_natural_log_tau2_direct_v1,provisional
main,136,76,-0.4741857342490654,14.190213880024508,2.9875689500549636,4.144608887468089,-8.763403509185244,7.815032040687113,cluster_plus_withinstudy,agreement_natural_log_tau2_direct_v1,provisional
main,137,76,-0.36216130434067356,17.162662068825732,2.4477619986379704,4.428365846163086,-9.218892996666845,8.494570387985497,cluster_plus_withinstudy,agreement_natural_log_tau2_direct_v1,provisional
main,138,76,-0.647846446041674,15.944740739147717,13.779504725298919,5.4519946317331085,-11.551835709507891,10.256142817424543,cluster_plus_withinstudy,agreement_natural_log_tau2_direct_v1,provisional
main,139,76,0.15104718104624235,13.90184434166903,8.27558001319305,4.709291279466803,-9.267535377887363,9.569629739979849,cluster_plus_withinstudy,agreement_natural_log_tau2_direct_v1,provisional
main,140,76,-0.019570344567415906,14.364015222518514,9.22717921226063,4.85707673758395,-9.733723819735316,9.694583130600483,cluster_plus_withinstudy,agreement_natural_log_tau2_direct_v1,provisional
main,141,76,-0.5061104034348364,18.212018249566995,9.437168245251275,5.258249375487841,-11.02260915441052,10.010388347540845,cluster_plus_withinstudy,agreement_natural_log_tau2_direct_v1,provisional
main,142,76,-0.34425946464490886,16.070863145508884,2.905718351689624,4.356211828779508,-9.056683122203925,8.368164192914108,cluster_plus_withinstudy,agreement_natural_log_tau2_direct_v1,provisional
main,143,76,0.23497781111726473,12.507512148558769,8.70514461410946,4.6057200048057885,-8.976462198494312,9.446417820728842,cluster_plus_withinstudy,agreement_natural_log_tau2_direct_v1,provisional
main,144,76,-0.05856863898586014,16.48982402771665,3.2806085590886847,4.446395460010876,-8.951359559007614,8.834222281035892,cluster_plus_withinstudy,agreement_natural_log_tau2_direct_v1,provisional
main,145,76,0.1586593806464488,16.359124257553464,3.8535156383622065,4.495846960909109,-8.833034541171768,9.150353302464667,cluster_plus_withinstudy,agreement_natural_log_tau2_direct_v1,provisional
main,146,76,0.26805723827151856,14.734743584592366,2.958342967864476,4.206315080026322,-8.144572921781124,8.680687398324162,cluster_plus_withinstudy,agreement_natural_log_tau2_direct_v1,provisional
main,147,76,0.12189714692002401,18.153808235307544,2.369521383156544,4.530268161871225,-8.938639176822427,9.182433470662474,cluster_plus_withinstudy,agreement_natural_log_tau2_direct_v1,provisional
main,148,76,0.2294868112097014,17.51382616692238,9.102508508761902,5.159102119137039,-10.088717427064376,10.54769104948378,cluster_plus_withinstudy,agreement_natural_log_tau2_direct_v1,provisional
main,149,76,-0.2595057134450734,13.653590870123372,14.051958447679084,5.263606113474151,-10.786717940393375,10.26770651350323,cluster_plus_withinstudy,agreement_natural_log_tau2_direct_v1,provisional
main,150,76,-0.37678832225250264,16.778138176714357,10.622634433441938,5.234574730592381,-10.845937783437265,10.092361138932258,cluster_plus_withinstudy,agreement_natural_log_tau2_direct_v1,provisional
main,151,76,0.27122565262077314,17.131347833041445,12.704081160079602,5.462181706344182,-10.653137760067592,11.195589065309138,cluster_plus_withinstudy,agreement_natural_log_tau2_direct_v1,provisional
main,152,76,-0.44543747441601816,17.45047548108053,3.5928113967256654,4.587296249187117,-9.620029972790253,8.729155023958217,cluster_plus_withinstudy,agreement_natural_log_tau2_direct_v1,provisional
main,153,76,-0.18029124898859544,13.498428607658173,11.965334193607388,5.046163176242477,-10.272617601473549,9.912035103496358,cluster_plus_withinstudy,agreement_natural_log_tau2_direct_v1,provisional
main,154,76,0.18285545833353453,16.46174525304341,8.676146958169245,5.013770259117649,-9.844685059901764,10.210395976568833,cluster_plus_withinstudy,agreement_natural_log_tau2_direct_v1,provisional
main,155,76,0.38753191029274053,17.595290508529466,3.6901720547787953,4.6136170802644925,-8.839702250236245,9.614766070821725,cluster_plus_withinstudy,agreement_natural_log_tau2_direct_v1,provisional
main,156,76,-0.6573838521307019,17.5366436644762,4.224482390518305,4.664882212338753,-9.987148276808208,8.672380572546805,cluster_plus_withinstudy,agreement_natural_log_tau2_direct_v1,provisional
main,157,76,-0.019482812799546757,16.19928857163903,8.097724596371133,4.929200053559417,-9.877882919918381,9.838917294319288,cluster_plus_withinstudy,agreement_natural_log_tau2_direct_v1,provisional
main,158,76,-0.6795952288989656,21.299406567116087,2.567918021161074,4.885419591834172,-10.45043441256731,9.091243954769377,cluster_plus_withinstudy,agreement_natural_log_tau2_direct_v1,provisional
main,159,76,-0.1477307037914965,17.023664545511934,10.28698797761488,5.225959483494568,-10.599649670780634,10.30418826319764,cluster_plus_withinstudy,agreement_natural_log_tau2_direct_v1,provisional
main,160,76,-0.48648065680818137,13.665066280142504,2.3569304303062677,4.002748644425324,-8.49197794565883,7.519016632042467,cluster_plus_withinstudy,agreement_natural_log_tau2_direct_v1,provisional
main,161,76,0.033849093249394085,17.244802061262842,9.877493001122486,5.207906975204658,-10.381964857159922,10.44966304365871,cluster_plus_withinstudy,agreement_natural_log_tau2_direct_v1,provisional
main,162,76,-0.5226537118018693,17.134518745186035,2.1198867152385152,4.387984213784793,-9.298622139371455,8.253314715767717,cluster_plus_withinstudy,agreement_natural_log_tau2_direct_v1,provisional
main,163,76,-0.09560564348457015,14.182182440194694,8.966700179236511,4.811328571136168,-9.718262785756906,9.527051498787767,cluster_plus_withinstudy,agreement_natural_log_tau2_direct_v1,provisional
main,164,76,0.04194008625190149,15.60983515983277,11.08630625994574,5.16683088747624,-10.291721688700578,10.375601861204382,cluster_plus_withinstudy,agreement_natural_log_tau2_direct_v1,provisional
main,165,76,-0.08541738374140725,15.421244314480269,10.297961423907912,5.071410626087005,-10.228238635915417,10.057403868432601,cluster_plus_withinstudy,agreement_natural_log_tau2_direct_v1,provisional
main,166,76,0.09392949370803366,14.5351160971494,11.119985157617766,5.065086500225556,-10.036243506743078,10.224102494159146,cluster_plus_withinstudy,agreement_natural_log_tau2_direct_v1,provisional
main,167,76,0.19636326281203859,14.593864509506439,12.724029076616963,5.226652235047154,-10.256941207282269,10.649667732906346,cluster_plus_withinstudy,agreement_natural_log_tau2_direct_v1,provisional
main,168,76,-0.3461365724775397,14.991435341873194,9.58295113853609,4.957255942596598,-10.260648457670737,9.568375312715656,cluster_plus_withinstudy,agreement_natural_log_tau2_direct_v1,provisional
main,169,76,-0.2643632490227868,12.282102210627691,7.160803235601692,4.409411008993081,-9.08318526700895,8.554458768963375,cluster_plus_withinstudy,agreement_natural_log_tau2_direct_v1,provisional
main,170,76,-0.20975186708736468,13.583958104632575,11.021082339661053,4.960346806856717,-10.130445480800798,9.71094174662607,cluster_plus_withinstudy,agreement_natural_log_tau2_direct_v1,provisional
main,171,76,-0.5056967661119784,16.44306407636366,2.447934679532712,4.346377659142884,-9.198452084397745,8.18705855217379,cluster_plus_withinstudy,agreement_natural_log_tau2_direct_v1,provisional
main,172,76,-0.07837409643345213,13.78491158851719,11.627486914231513,5.041071166205522,-10.160516428844495,10.003768235977592,cluster_plus_withinstudy,agreement_natural_log_tau2_direct_v1,provisional
main,173,76,0.09539295058802558,14.211035550243873,9.5962893612675,4.879275039543413,-9.6631571284988,9.853943029674852,cluster_plus_withinstudy,agreement_natural_log_tau2_direct_v1,provisional
main,174,76,-0.5266223601069477,17.66066298670234,2.5215979824563726,4.492467136124505,-9.511556632355958,8.458311912142062,cluster_plus_withinstudy,agreement_natural_log_tau2_direct_v1,provisional
main,175,76,0.2683070316238123,16.025581014165294,11.604982579789974,5.256478250117208,-10.244649468610604,10.78126353185823,cluster_plus_withinstudy,agreement_natural_log_tau2_direct_v1,provisional
main,176,76,-0.19932637981250623,18.481186997438634,3.774787898661863,4.717623861235706,-9.634574102283919,9.235921342658907,cluster_plus_withinstudy,agreement_natural_log_tau2_direct_v1,provisional
main,177,76,-0.6259582003995074,16.005567039462196,14.500191808027068,5.523201865538618,-11.672361931476743,10.420445530677728,cluster_plus_withinstudy,agreement_natural_log_tau2_direct_v1,provisional
main,178,76,0.14813662194635357,17.662017412966115,3.247719193747943,4.572716545633903,-8.997296469321453,9.29356971321416,cluster_plus_withinstudy,agreement_natural_log_tau2_direct_v1,provisional
main,179,76,-0.2838934740514628,16.920192420653105,3.209432543933167,4.486605060018797,-9.257103594089056,8.689316645986132,cluster_plus_withinstudy,agreement_natural_log_tau2_direct_v1,provisional
main,180,76,-0.6297986305284937,15.718476332709477,2.585615167661042,4.278328119764836,-9.186454870058167,7.926857609001179,cluster_plus_withinstudy,agreement_natural_log_tau2_direct_v1,provisional
main,181,76,-0.30389045035366746,15.930880140187728,3.6221982721554724,4.4218862957275595,-9.147663041808787,8.539882141101451,cluster_plus_withinstudy,agreement_natural_log_tau2_direct_v1,provisional
main,182,76,0.0278710743265121,14.8583578729116,12.041071153278862,5.186465947655538,-10.345060820984564,10.400802969637589,cluster_plus_withinstudy,agreement_natural_log_tau2_direct_v1,provisional
main,183,76,-0.13692428457475397,22.118985187736413,4.25353775348945,5.135418477712003,-10.40776123999876,10.133912670849252,cluster_plus_withinstudy,agreement_natural_log_tau2_direct_v1,provisional
main,184,76,-0.02757891299286677,15.026183836486021,3.055892194276042,4.25230243876915,-8.532183790531167,8.477025964545433,cluster_plus_withinstudy,agreement_natural_log_tau2_direct_v1,provisional
main,185,76,-0.5060263808845423,15.447396862648416,2.3005018275110922,4.212825499609438,-8.931677380103418,7.919624618334334,cluster_plus_withinstudy,agreement_natural_log_tau2_direct_v1,provisional
main,186,76,-0.11561615627669833,16.91713358079397,4.645089060214985,4.643514040143408,-9.402644236563514,9.171411924010119,cluster_plus_withinstudy,agreement_natural_log_tau2_direct_v1,provisional
main,187,76,0.31724088282580876,19.280881189776533,8.807585531056462,5.299855349048028,-10.282469815270247,10.916951580921864,cluster_plus_withinstudy,agreement_natural_log_tau2_direct_v1,provisional
main,188,76,-0.6366630485681785,21.047004541721744,3.2137340298370125,4.9255191169620645,-10.487701282492308,9.21437518535595,cluster_plus_withinstudy,agreement_natural_log_tau2_direct_v1,provisional
main,189,76,-0.349220884385887,19.0025046802998,3.079359760284887,4.699134435253442,-9.74748975489277,9.049047986120998,cluster_plus_withinstudy,agreement_natural_log_tau2_direct_v1,provisional
main,190,76,0.009433289182859897,15.9552276357371,12.19011345679728,5.305218288867517,-10.601003288552173,10.619869866917893,cluster_plus_withinstudy,agreement_natural_log_tau2_direct_v1,provisional
main,191,76,-0.09517941632179268,16.122272440333738,2.7053658963148957,4.339082660730103,-8.773344737781999,8.582985905138413,cluster_plus_withinstudy,agreement_natural_log_tau2_direct_v1,provisional
main,192,76,-0.594741095385387,16.12314414995568,2.5841690628280034,4.3251951647045574,-9.245131424794502,8.055649234023727,cluster_plus_withinstudy,agreement_natural_log_tau2_direct_v1,provisional
main,193,76,0.05961157643814731,19.631412169344703,2.7701929194748964,4.733033391897801,-9.406455207357455,9.52567836023375,cluster_plus_withinstudy,agreement_natural_log_tau2_direct_v1,provisional
main,194,76,-0.23722502059162776,17.18503871405935,2.916129326464588,4.483432618042111,-9.204090256675851,8.729640215492594,cluster_plus_withinstudy,agreement_natural_log_tau2_direct_v1,provisional
main,195,76,-0.516342110207372,17.49726663591721,3.418420357910505,4.573367139627838,-9.663076389463049,8.630392169048305,cluster_plus_withinstudy,agreement_natural_log_tau2_direct_v1,provisional
main,196,76,0.13701661078520597,16.37632275087567,8.746482316510255,5.012265462581359,-9.887514314377512,10.161547535947925,cluster_plus_withinstudy,agreement_natural_log_tau2_direct_v1,provisional
main,197,76,0.08751042916767664,15.027361455648968,12.062001224329233,5.204744247316884,-10.32197806546609,10.496998923801446,cluster_plus_withinstudy,agreement_natural_log_tau2_direct_v1,provisional
main,198,76,0.7500850682767559,14.057514232511984,9.95790411741297,4.9005528616600955,-9.051020655043436,10.551190791596946,cluster_plus_withinstudy,agreement_natural_log_tau2_direct_v1,provisional
main,199,76,-0.009306813157979956,16.879298121295115,12.777882412224066,5.445840663618353,-10.900988140394686,10.882374514078725,cluster_plus_withinstudy,agreement_natural_log_tau2_direct_v1,provisional
main,200,76,0.02551351706172284,16.923374608123996,10.99464801234189,5.283750809838205,-10.541988102614686,10.593015136738133,cluster_plus_withinstudy,agreement_natural_log_tau2_direct_v1,provisional
main,201,76,-0.0009393739951465417,14.71858544770944,11.247351895882671,5.095678300637915,-10.192295975270977,10.190417227280683,cluster_plus_withinstudy,agreement_natural_log_tau2_direct_v1,provisional
main,202,76,-0.4299175825502044,17.158132191449024,2.789438307948112,4.466270311949013,-9.362458206448231,8.502623041347821,cluster_plus_withinstudy,agreement_natural_log_tau2_direct_v1,provisional
main,203,76,-0.1278479568048141,17.11277814591729,2.485235754669023,4.426964411488567,-8.981776779781947,8.72608086617232,cluster_plus_withinstudy,agreement_natural_log_tau2_direct_v1,provisional
main,204,76,0.0860104617741,17.541889243665278,3.921541338043982,4.632864187703894,-9.179717913633688,9.351738837181887,cluster_plus_withinstudy,agreement_natural_log_tau2_direct_v1,provisional
main,205,76,0.00997563221215789,18.345180730039814,3.8019256079277373,4.706071221089577,-9.402166809966998,9.422118074391312,cluster_plus_withinstudy,agreement_natural_log_tau2_direct_v1,provisional
main,206,76,0.10867076735282749,12.61531077864208,12.989401782827523,5.060109935709856,-10.011549104066885,10.228890638772539,cluster_plus_withinstudy,agreement_natural_log_tau2_direct_v1,provisional
main,207,76,0.16682216830761937,13.556509402605846,13.47518951288536,5.199201757528861,-10.231581346750103,10.565225683365343,cluster_plus_withinstudy,agreement_natural_log_tau2_direct_v1,provisional
main,208,76,-0.7304821847726009,15.627029813113715,3.5157596017261072,4.3752473547034825,-9.480976894179566,8.020012524634364,cluster_plus_withinstudy,agreement_natural_log_tau2_direct_v1,provisional
main,209,76,-0.3481221427608302,15.48687066099929,2.7708739040444934,4.272908209293032,-8.893938561346895,8.197694275825233,cluster_plus_withinstudy,agreement_natural_log_tau2_direct_v1,provisional
main,210,76,-0.24974541785538928,14.014218246577276,12.407427879013463,5.1401990356007365,-10.530143489056861,10.030652653346085,cluster_plus_withinstudy,agreement_natural_log_tau2_direct_v1,provisional
main,211,76,-0.20145734775251076,15.21045427853076,7.441733771160117,4.75943148387398,-9.720320315500471,9.31740561999545,cluster_plus_withinstudy,agreement_natural_log_tau2_direct_v1,provisional
main,212,76,-0.35156012105189005,16.98143539194439,2.9217162230161504,4.461294836139004,-9.274149793329897,8.571029551226118,cluster_plus_withinstudy,agreement_natural_log_tau2_direct_v1,provisional
main,213,76,0.3773878433193302,18.47727269133262,8.14523323573144,5.15970017802043,-9.942012512721531,10.69678819936019,cluster_plus_withinstudy,agreement_natural_log_tau2_direct_v1,provisional
main,214,76,-0.26922887208065027,15.110025171787816,2.098932857690327,4.148368116437854,-8.565965104956357,8.027507360795058,cluster_plus_withinstudy,agreement_natural_log_tau2_direct_v1,provisional
main,215,76,-0.18267478470357934,19.320267790842745,9.388569890837209,5.358062866529279,-10.898800517762137,10.533450948354979,cluster_plus_withinstudy,agreement_natural_log_tau2_direct_v1,provisional
main,216,76,-0.10498570525051046,17.198365593887964,2.7493303295037377,4.466284353172299,-9.037554411595108,8.827583001094089,cluster_plus_withinstudy,agreement_natural_log_tau2_direct_v1,provisional
main,217,76,0.3723277653167527,14.677382095624107,10.530800427235457,5.020775091841853,-9.669222418366953,10.413877949000458,cluster_plus_withinstudy,agreement_natural_log_tau2_direct_v1,provisional
main,218,76,0.08580734490307268,15.351541575829929,12.390783658082064,5.267098369492636,-10.4483893940822,10.620004083888345,cluster_plus_withinstudy,agreement_natural_log_tau2_direct_v1,provisional
main,219,76,-0.1306038372263832,16.148844449215062,1.7347324942658144,4.228897840274801,-8.588399517775985,8.327191843323218,cluster_plus_withinstudy,agreement_natural_log_tau2_direct_v1,provisional
main,220,76,-0.20976761740384234,15.589387383610674,12.73424327682754,5.321994988764853,-10.85375759493355,10.434222360125863,cluster_plus_withinstudy,agreement_natural_log_tau2_direct_v1,provisional
main,221,76,-0.37638059716423405,18.053452730414445,11.667803600946494,5.451720492776656,-11.279821582717545,10.527060388389078,cluster_plus_withinstudy,agreement_natural_log_tau2_direct_v1,provisional
main,222,76,0.19480763893495218,17.22733842190337,2.614049557552044,4.454367292832441,-8.71392694672993,9.103542224599835,cluster_plus_withinstudy,agreement_natural_log_tau2_direct_v1,provisional
main,223,76,-0.32939525078423587,15.099357623049638,11.45460416797794,5.153053637507335,-10.635502525798906,9.976712024230434,cluster_plus_withinstudy,agreement_natural_log_tau2_direct_v1,provisional
main,224,76,-0.031248584500898607,16.755389587882366,10.999660259322606,5.268306164907747,-10.567860914316393,10.505363745314595,cluster_plus_withinstudy,agreement_natural_log_tau2_direct_v1,provisional
main,225,76,-0.19722071411488062,19.49172031394357,2.944109590769459,4.736647538577579,-9.670515791270038,9.276074363040276,cluster_plus_withinstudy,agreement_natural_log_tau2_direct_v1,provisional
main,226,76,-0.24325096066708948,17.311753819895838,3.2609291142343926,4.535711954492947,-9.314674869652983,8.828172948318805,cluster_plus_withinstudy,agreement_natural_log_tau2_direct_v1,provisional
main,227,76,0.29410170486706444,16.43988107935785,8.024178910591324,4.946115646641228,-9.598129588415393,10.18633299814952,cluster_plus_withinstudy,agreement_natural_log_tau2_direct_v1,provisional
main,228,76,-0.3359780595478909,14.702373276654768,7.979249902157502,4.762522774623998,-9.861023608795888,9.189067489700106,cluster_plus_withinstudy,agreement_natural_log_tau2_direct_v1,provisional
main,229,76,-0.42781812979483114,18.906485264280413,9.469919017597183,5.326950748963013,-11.081719627720856,10.226083368131194,cluster_plus_withinstudy,agreement_natural_log_tau2_direct_v1,provisional
main,230,76,-0.008276072864125069,16.234333572725035,9.569139487231554,5.079711907181015,-10.167699887226156,10.151147741497905,cluster_plus_withinstudy,agreement_natural_log_tau2_direct_v1,provisional
main,231,76,-0.7828080305723382,15.97248554013195,2.973733991773541,4.352725529126031,-9.488259088824401,7.922643027679724,cluster_plus_withinstudy,agreement_natural_log_tau2_direct_v1,provisional
main,232,76,0.046956596345910866,18.337086092416087,12.222507136098137,5.528073193122014,-11.009189789898118,11.10310298258994,cluster_plus_withinstudy,agreement_natural_log_tau2_direct_v1,provisional
main,233,76,-0.7072935048166457,12.213187397631502,3.1627581121741417,3.9212173504927836,-8.549728205802213,7.135141196168922,cluster_plus_withinstudy,agreement_natural_log_tau2_direct_v1,provisional
main,234,76,-0.14739662892706068,16.79839845705021,8.680936271068335,5.0477058876403,-10.24280840420766,9.948015146353539,cluster_plus_withinstudy,agreement_natural_log_tau2_direct_v1,provisional
main,235,76,0.33544567400052705,15.093435591445923,8.492368388600104,4.856521798576223,-9.377597923151919,10.048489271152972,cluster_plus_withinstudy,agreement_natural_log_tau2_direct_v1,provisional
main,236,76,-0.3685644756796298,16.775198601199847,3.6389043592208634,4.518196870480603,-9.404958216640836,8.667829265281576,cluster_plus_withinstudy,agreement_natural_log_tau2_direct_v1,provisional
main,237,76,-0.05247413387755644,13.992182341918559,2.0833823881357945,4.009434465115293,-8.071343064108142,7.966394796353029,cluster_plus_withinstudy,agreement_natural_log_tau2_direct_v1,provisional
main,238,76,0.030392815485836184,14.831377768376097,6.741588785855248,4.644670769196816,-9.258948722907796,9.319734353879468,cluster_plus_withinstudy,agreement_natural_log_tau2_direct_v1,provisional
main,239,76,-0.052826537658755994,12.517742658904496,2.557883579069348,3.882734376438059,-7.818295290534874,7.712642215217362,cluster_plus_withinstudy,agreement_natural_log_tau2_direct_v1,provisional
main,240,76,0.14121474911257206,15.020001428479864,8.595529473577786,4.859581350492823,-9.577947951873073,9.860377450098218,cluster_plus_withinstudy,agreement_natural_log_tau2_direct_v1,provisional
main,241,76,0.3786119489665374,17.704907424270196,2.733302489218469,4.5208638459357156,-8.663115742904894,9.420339640837968,cluster_plus_withinstudy,agreement_natural_log_tau2_direct_v1,provisional
main,242,76,-0.16224545238043195,16.67579020113804,3.297446507325619,4.469142726347377,-9.100530905075185,8.776040000314321,cluster_plus_withinstudy,agreement_natural_log_tau2_direct_v1,provisional
main,243,76,-0.3308501508977025,16.014981293503745,10.15566142127101,5.1157250429215555,-10.562300236740814,9.900599934945408,cluster_plus_withinstudy,agreement_natural_log_tau2_direct_v1,provisional
main,244,76,-0.035806331049074554,15.603335286232184,1.8809367732123499,4.181419861655193,-8.398646054359462,8.327033392261312,cluster_plus_withinstudy,agreement_natural_log_tau2_direct_v1,provisional
main,245,76,-0.36916344622780084,14.24850097902816,8.594636748122216,4.779449521351845,-9.928062488931491,9.189735596475888,cluster_plus_withinstudy,agreement_natural_log_tau2_direct_v1,provisional
main,246,76,0.009383932694758797,14.716087898390546,2.939574395239334,4.2018641450706,-8.39434435744644,8.413112222835958,cluster_plus_withinstudy,agreement_natural_log_tau2_direct_v1,provisional
main,247,76,-0.12381627539684974,12.360387221798334,13.998219705681759,5.134063393402938,-10.391943062202726,10.144310511409026,cluster_plus_withinstudy,agreement_natural_log_tau2_direct_v1,provisional
main,248,76,-0.4768500915938255,14.584797828444232,3.630921348906036,4.267987719915589,-9.012825531425003,8.059125348237353,cluster_plus_withinstudy,agreement_natural_log_tau2_direct_v1,provisional
main,249,76,0.17075228269511472,14.685082689857914,11.351833596551808,5.102638169262026,-10.034524055828937,10.376028621219168,cluster_plus_withinstudy,agreement_natural_log_tau2_direct_v1,provisional
main,250,76,-0.23157119547024602,17.895396438813652,3.017054822526837,4.573013367719418,-9.377597930909083,8.91445553996859,cluster_plus_withinstudy,agreement_natural_log_tau2_direct_v1,provisional
main,251,76,-0.14374669786565716,15.02552999656644,7.587507472705579,4.7553167580374724,-9.654380213940602,9.366886818209288,cluster_plus_withinstudy,agreement_natural_log_tau2_direct_v1,provisional
main,252,76,-0.22149561644030055,17.618136741523312,9.674086700205187,5.224195961267963,-10.669887538976226,10.226896306095625,cluster_plus_withinstudy,agreement_natural_log_tau2_direct_v1,provisional
main,253,76,-0.1575161008169953,19.6417971036835,2.9582623527809284,4.753951982978418,-9.66542006677383,9.35038786513984,cluster_plus_withinstudy,agreement_natural_log_tau2_direct_v1,provisional
main,254,76,-0.3100678788055397,15.747090435611343,3.1486853940755886,4.346927170966513,-9.003922220738566,8.383786463127485,cluster_plus_withinstudy,agreement_natural_log_tau2_direct_v1,provisional
main,255,76,0.21313453650669675,20.802825629798253,3.905429838968201,4.970739931717053,-9.728345326927409,10.154614399940803,cluster_plus_withinstudy,agreement_natural_log_tau2_direct_v1,provisional
main,256,76,-0.15323413597140215,15.501435323310554,8.085313041662328,4.856619026130512,-9.866472188232427,9.560003916289622,cluster_plus_withinstudy,agreement_natural_log_tau2_direct_v1,provisional
main,257,76,0.07886732642981359,16.46778301186675,3.8419121652673938,4.506627916428662,-8.93438850642751,9.092123159287137,cluster_plus_withinstudy,agreement_natural_log_tau2_direct_v1,provisional
main,258,76,0.0963316432583487,18.41566890938811,2.6884303830841367,4.59391981781052,-9.091507992362692,9.28417127887939,cluster_plus_withinstudy,agreement_natural_log_tau2_direct_v1,provisional
main,259,76,-0.060538877379541126,16.129341388757744,10.49813646428438,5.160181959295827,-10.380902795971195,10.259825041212114,cluster_plus_withinstudy,agreement_natural_log_tau2_direct_v1,provisional
main,260,76,-0.613528816702206,12.621179237209997,11.706804785851169,4.932340623178935,-10.478210063060077,9.251152429655663,cluster_plus_withinstudy,agreement_natural_log_tau2_direct_v1,provisional
main,261,76,0.4215097618513827,20.247904964385032,3.151787225323418,4.83732283290132,-9.253135903951257,10.096155427654022,cluster_plus_withinstudy,agreement_natural_log_tau2_direct_v1,provisional
main,262,76,0.09739692797312982,16.92133822457082,9.691593262033091,5.158772284817766,-10.220147641662402,10.41494149760866,cluster_plus_withinstudy,agreement_natural_log_tau2_direct_v1,provisional
main,263,76,-0.2309024660779331,20.231693708053626,13.51673215480665,5.809339537577424,-11.849581541232782,11.387776609076914,cluster_plus_withinstudy,agreement_natural_log_tau2_direct_v1,provisional
main,264,76,-0.34228896309464135,15.09740587464749,7.1444772035048425,4.716130095549987,-9.774549154194617,9.089971228005332,cluster_plus_withinstudy,agreement_natural_log_tau2_direct_v1,provisional
main,265,76,0.09566173185276826,12.763358560576918,8.060986234075562,4.5633698945683205,-9.031078057283873,9.22240152098941,cluster_plus_withinstudy,agreement_natural_log_tau2_direct_v1,provisional
main,266,76,-0.638108330715561,16.752066400232923,10.9113627639956,5.259603517778553,-11.157315366272666,9.881098704841545,cluster_plus_withinstudy,agreement_natural_log_tau2_direct_v1,provisional
main,267,76,-0.38667561019552604,17.317287910347726,3.4870450601459644,4.561176708974745,-9.509029028145017,8.735677807753964,cluster_plus_withinstudy,agreement_natural_log_tau2_direct_v1,provisional
main,268,76,0.43604987838690423,16.66487752399237,11.595537461865627,5.316052575535536,-10.196055272684166,11.068155029457976,cluster_plus_withinstudy,agreement_natural_log_tau2_direct_v1,provisional
main,269,76,-0.4053385472889111,15.462591039492509,2.227295225038209,4.205934648152621,-8.817207843594154,8.006530749016331,cluster_plus_withinstudy,agreement_natural_log_tau2_direct_v1,provisional
main,270,76,0.13079696169360963,19.33576131477657,11.334872754892542,5.538107444756657,-10.945417927819705,11.207011851206925,cluster_plus_withinstudy,agreement_natural_log_tau2_direct_v1,provisional
main,271,76,-0.3761212162561876,16.12195535828837,3.7537106538024876,4.458213320612963,-9.292547857482113,8.540305424969738,cluster_plus_withinstudy,agreement_natural_log_tau2_direct_v1,provisional
main,272,76,0.13707516949130522,18.15656230536086,9.593943898322054,5.267874922934571,-10.398674676377837,10.672825015360448,cluster_plus_withinstudy,agreement_natural_log_tau2_direct_v1,provisional
main,273,76,-0.8904809066404117,14.114268201255651,11.425626896749797,5.053701128678411,-10.997883163997233,9.216921350716412,cluster_plus_withinstudy,agreement_natural_log_tau2_direct_v1,provisional
main,274,76,-0.15564772699512372,15.341604000825264,12.936009429890298,5.317669924949795,-10.790987576894715,10.479692122904467,cluster_plus_withinstudy,agreement_natural_log_tau2_direct_v1,provisional
main,275,76,-0.04852429750181163,15.946547472276908,7.805149532932774,4.873571278355297,-9.795666854212406,9.698618259208782,cluster_plus_withinstudy,agreement_natural_log_tau2_direct_v1,provisional
main,276,76,-0.3162333546421412,19.404893287756956,3.1967428662147097,4.754117810274758,-9.824468975191659,9.192002265907375,cluster_plus_withinstudy,agreement_natural_log_tau2_direct_v1,provisional
main,277,76,0.141345376404142,14.360488975913926,3.475768702671958,4.223299383016303,-8.305253389628463,8.587944142436749,cluster_plus_withinstudy,agreement_natural_log_tau2_direct_v1,provisional
main,278,76,-0.4996452296893807,17.733614783384642,3.0482102806930707,4.5587087057715925,-9.617062641232566,8.617772181853804,cluster_plus_withinstudy,agreement_natural_log_tau2_direct_v1,provisional
main,279,76,-0.15635358452310147,16.5948909694504,14.04129776387965,5.534996723877084,-11.22634703227727,10.913639863231067,cluster_plus_withinstudy,agreement_natural_log_tau2_direct_v1,provisional
main,280,76,-0.4775446886022434,18.059874874689577,12.597709557390816,5.536929151802504,-11.551402992207251,10.596313615002764,cluster_plus_withinstudy,agreement_natural_log_tau2_direct_v1,provisional
main,281,76,-0.7696496851167985,14.890856282865023,13.577441463905204,5.335569111797749,-11.440787908712297,9.9014885384787,cluster_plus_withinstudy,agreement_natural_log_tau2_direct_v1,provisional
main,282,76,0.1691813252085465,15.68712322065049,7.51751530094785,4.817119317766412,-9.465057310324278,9.80341996074137,cluster_plus_withinstudy,agreement_natural_log_tau2_direct_v1,provisional
main,283,76,-0.3931775976625493,17.407922759374113,3.0183709159552783,4.519545737718492,-9.432269073099533,8.645913877774436,cluster_plus_withinstudy,agreement_natural_log_tau2_direct_v1,provisional
main,284,76,0.19399544745380887,15.896262033914965,9.642924200360861,5.053630995064422,-9.913266542675036,10.301257437582652,cluster_plus_withinstudy,agreement_natural_log_tau2_direct_v1,provisional
main,285,76,0.18134701101684175,15.755506337227946,11.431675285753377,5.214132873544874,-10.246918736072907,10.60961275810659,cluster_plus_withinstudy,agreement_natural_log_tau2_direct_v1,provisional
main,286,76,-0.47700128239996265,14.051127026915541,10.383353025883121,4.943124523294822,-10.363250328989606,9.409247764189681,cluster_plus_withinstudy,agreement_natural_log_tau2_direct_v1,provisional
main,287,76,0.23941355300228082,18.50298112813091,9.431208284961283,5.285280447913071,-10.331147342823861,10.809974448828424,cluster_plus_withinstudy,agreement_natural_log_tau2_direct_v1,provisional
main,288,76,-0.38767755812657845,17.125359744228493,10.406775442375075,5.247107316093656,-10.88189219031389,10.106537074060734,cluster_plus_withinstudy,agreement_natural_log_tau2_direct_v1,provisional
main,289,76,-0.02424114503597297,16.891117628911303,8.792590989868193,5.06790968928803,-10.160060523612033,10.111578233540088,cluster_plus_withinstudy,agreement_natural_log_tau2_direct_v1,provisional
main,290,76,0.029946289597187172,19.34115825000781,10.714815963183607,5.482332917033716,-10.934719544470244,10.99461212366462,cluster_plus_withinstudy,agreement_natural_log_tau2_direct_v1,provisional
main,291,76,-0.027014254902778253,17.682532463904188,2.302340293491636,4.47044435793533,-8.967902970773437,8.913874460967882,cluster_plus_withinstudy,agreement_natural_log_tau2_direct_v1,provisional
main,292,76,0.1853120031690574,14.953772073230544,13.132139926624852,5.299614325576475,-10.413916647983893,10.784540654322008,cluster_plus_withinstudy,agreement_natural_log_tau2_direct_v1,provisional
main,293,76,0.23004826837653883,20.235992959280203,4.27066917633623,4.950420399886906,-9.670792531397273,10.130889068150351,cluster_plus_withinstudy,agreement_natural_log_tau2_direct_v1,provisional
main,294,76,-0.7731557764543608,16.058727204295273,3.150788215253836,4.382866119281892,-9.538888015018145,7.992576462109422,cluster_plus_withinstudy,agreement_natural_log_tau2_direct_v1,provisional
main,295,76,-0.4957762278726363,15.1209022323252,2.8270883126471698,4.236506880080849,-8.968789988034334,7.977237532289062,cluster_plus_withinstudy,agreement_natural_log_tau2_direct_v1,provisional
main,296,76,-0.6939711548193124,19.33125212874217,10.751709361298639,5.484793659750639,-11.66355847432059,10.275616164681965,cluster_plus_withinstudy,agreement_natural_log_tau2_direct_v1,provisional
main,297,76,0.16638512155020105,14.695116092269588,8.50383878003926,4.816529338881769,-9.466673556213337,9.799443799313739,cluster_plus_withinstudy,agreement_natural_log_tau2_direct_v1,provisional
main,298,76,-0.7108444854869722,14.424600825339867,9.344136484247821,4.875319200789594,-10.461482887066161,9.039793916092215,cluster_plus_withinstudy,agreement_natural_log_tau2_direct_v1,provisional
main,299,76,-0.01781834686289812,17.64989311740626,11.105628967795747,5.362417559758099,-10.742653466379096,10.7070167726533,cluster_plus_withinstudy,agreement_natural_log_tau2_direct_v1,provisional
main,300,76,-0.38454323998492324,16.78335937975336,10.03415680576199,5.1785631390874585,-10.74166951815984,9.972583038189994,cluster_plus_withinstudy,agreement_natural_log_tau2_direct_v1,provisional
main,301,76,-0.4489922054535832,14.022019796462677,9.08740819897962,4.8072266428204005,-10.063445491094384,9.165461080187217,cluster_plus_withinstudy,agreement_natural_log_tau2_direct_v1,provisional
main,302,76,-0.039297264580607665,13.713312039987139,8.658037187400707,4.729836067707616,-9.49896939999584,9.420374870834625,cluster_plus_withinstudy,agreement_natural_log_tau2_direct_v1,provisional
main,303,76,-0.2470300723561753,16.314186537846215,3.0496757071066285,4.400438869584811,-9.047907811525796,8.553847666813446,cluster_plus_withinstudy,agreement_natural_log_tau2_direct_v1,provisional
main,304,76,0.9980707600929832,18.12174697146326,12.681599126953417,5.5500762245591435,-10.102081689025304,12.09822320921127,cluster_plus_withinstudy,agreement_natural_log_tau2_direct_v1,provisional
main,305,76,-0.1027279533625477,18.390853731335024,3.258215183912085,4.652855995541567,-9.408439944445682,9.202984037720586,cluster_plus_withinstudy,agreement_natural_log_tau2_direct_v1,provisional
main,306,76,0.18585269519335562,16.52877779646823,2.4560418452322708,4.3571572890705355,-8.528461882947715,8.900167273334427,cluster_plus_withinstudy,agreement_natural_log_tau2_direct_v1,provisional
main,307,76,-0.28926518016619984,15.960058156767616,2.753258655831325,4.325889135495608,-8.941043451157416,8.362513090825015,cluster_plus_withinstudy,agreement_natural_log_tau2_direct_v1,provisional
main,308,76,-0.03883886473356919,18.76263949752361,8.493094861449649,5.220702477538177,-10.480243819809923,10.402566090342786,cluster_plus_withinstudy,agreement_natural_log_tau2_direct_v1,provisional
main,309,76,-0.5264466084620685,17.113791258138,3.562790030036622,4.547150897889208,-9.620748404240484,8.567855187316347,cluster_plus_withinstudy,agreement_natural_log_tau2_direct_v1,provisional
main,310,76,-0.17712059322034543,18.084096849210702,3.070720227875093,4.599436604312076,-9.375993801844498,9.021752615403805,cluster_plus_withinstudy,agreement_natural_log_tau2_direct_v1,provisional
main,311,76,-0.5075919137334273,15.210295435000326,9.927009664191045,5.013711708823252,-10.535015331379931,9.519831503913078,cluster_plus_withinstudy,agreement_natural_log_tau2_direct_v1,provisional
main,312,76,-0.555522607882343,13.194056717888268,9.625268443958644,4.776957730799689,-10.10943806948172,8.998392853717034,cluster_plus_withinstudy,agreement_natural_log_tau2_direct_v1,provisional
main,313,76,0.5596182290055601,14.380916150930492,10.925786771472254,5.0305767981815706,-9.501535367357581,10.620771825368701,cluster_plus_withinstudy,agreement_natural_log_tau2_direct_v1,provisional
main,314,76,0.21983475556252127,15.470297046606182,13.667765313793158,5.397968354890508,-10.576101954218494,11.015771465343537,cluster_plus_withinstudy,agreement_natural_log_tau2_direct_v1,provisional
main,315,76,0.03510620631069916,15.713710118047835,12.292318205486072,5.292072214504816,-10.549038222698933,10.61925063532033,cluster_plus_withinstudy,agreement_natural_log_tau2_direct_v1,provisional
main,316,76,-0.05332089097148112,15.910402089395967,3.8944622273429617,4.450265645637227,-8.953852182245935,8.847210400302973,cluster_plus_withinstudy,agreement_natural_log_tau2_direct_v1,provisional
main,317,76,-0.3522422404012272,15.712084174078012,2.931398690380957,4.3178099615961525,-8.987862163593531,8.283377682791079,cluster_plus_withinstudy,agreement_natural_log_tau2_direct_v1,provisional
main,318,76,-0.20182838745697881,16.392544829185876,9.555765441571276,5.0939483969468276,-10.389725181350634,9.986068406436676,cluster_plus_withinstudy,agreement_natural_log_tau2_direct_v1,provisional
main,319,76,-0.2801556258027051,12.49494796656105,12.793496151736733,5.028761688358058,-10.33767900251882,9.777367750913411,cluster_plus_withinstudy,agreement_natural_log_tau2_direct_v1,provisional
main,320,76,-0.2619050229253347,15.367921906865684,8.921226803643556,4.928402247230763,-10.118709517386861,9.594899471536191,cluster_plus_withinstudy,agreement_natural_log_tau2_direct_v1,provisional
main,321,76,-0.08963760148829104,19.445166903236206,10.635859494491903,5.484617251707553,-11.058872104903397,10.879596901926814,cluster_plus_withinstudy,agreement_natural_log_tau2_direct_v1,provisional
main,322,76,-0.1363072233667546,18.40444750512516,4.801345621551496,4.817239160211651,-9.770785543790057,9.498171097056547,cluster_plus_withinstudy,agreement_natural_log_tau2_direct_v1,provisional
main,323,76,0.4380925756875018,17.344368365130872,12.873543937256095,5.49708216260108,-10.556071749514658,11.432256900889662,cluster_plus_withinstudy,agreement_natural_log_tau2_direct_v1,provisional
main,324,76,0.27171315338199586,13.39934517699143,9.973044958122829,4.834499988118136,-9.397286822854277,9.940713129618267,cluster_plus_withinstudy,agreement_natural_log_tau2_direct_v1,provisional
main,325,76,0.20038076396357302,17.311272643012003,8.433705541057247,5.073950944192233,-9.947521124420893,10.348282652348038,cluster_plus_withinstudy,agreement_natural_log_tau2_direct_v1,provisional
main,326,76,-0.17270323356445078,16.189267397520037,2.903654357520689,4.369544799523256,-8.911792832610963,8.56638636548206,cluster_plus_withinstudy,agreement_natural_log_tau2_direct_v1,provisional
main,327,76,-0.21731870377324575,17.191317531483673,4.593888264270629,4.667462457883759,-9.552243619540764,9.117606211994271,cluster_plus_withinstudy,agreement_natural_log_tau2_direct_v1,provisional
main,328,76,-0.39769794383687673,17.785482301398275,3.020025430261429,4.561305485456955,-9.520308914750785,8.724913027077033,cluster_plus_withinstudy,agreement_natural_log_tau2_direct_v1,provisional
main,329,76,-0.3410399955202478,13.4696931687062,7.6309681913032215,4.593545619672175,-9.528131234864597,8.846051243824101,cluster_plus_withinstudy,agreement_natural_log_tau2_direct_v1,provisional
main,330,76,0.154328108156292,16.156895905722774,11.137539960211463,5.224407704796232,-10.294487301436172,10.603143517748757,cluster_plus_withinstudy,agreement_natural_log_tau2_direct_v1,provisional
main,331,76,-0.002031851640468711,15.276248637075165,7.017841988031036,4.7216618499323095,-9.445355551505088,9.44129184822415,cluster_plus_withinstudy,agreement_natural_log_tau2_direct_v1,provisional
main,332,76,-0.37219112337351284,20.858622720725293,3.958462416832685,4.98167493294755,-10.335540989268614,9.591158742521587,cluster_plus_withinstudy,agreement_natural_log_tau2_direct_v1,provisional
main,333,76,-0.22419919615202835,18.832955765304334,4.064243793241095,4.785101833665134,-9.794402863482297,9.34600447117824,cluster_plus_withinstudy,agreement_natural_log_tau2_direct_v1,provisional
main,334,76,-0.30248034089058423,16.121519382206113,3.925688236152753,4.477410816348983,-9.25730197358855,8.652341291807382,cluster_plus_withinstudy,agreement_natural_log_tau2_direct_v1,provisional
main,335,76,0.06272060876869348,17.07685541712499,12.515630685243504,5.4398976187395744,-10.817074628710456,10.942515846247842,cluster_plus_withinstudy,agreement_natural_log_tau2_direct_v1,provisional
main,336,76,0.1809377786468861,18.84312004898939,4.102523976348937,4.79016116903579,-9.399384559424695,9.761260116718466,cluster_plus_withinstudy,agreement_natural_log_tau2_direct_v1,provisional
main,337,76,-0.07131506775969368,17.98984782442635,2.9090250348818927,4.5715285036088575,-9.214372074977408,9.071741939458022,cluster_plus_withinstudy,agreement_natural_log_tau2_direct_v1,provisional
main,338,76,-0.41117165476944767,16.88483482267131,10.423855799340819,5.225771772859214,-10.862715200487875,10.04037189094898,cluster_plus_withinstudy,agreement_natural_log_tau2_direct_v1,provisional
main,339,76,-0.21621504400138256,15.004978247581768,12.608226855519263,5.254826838545779,-10.72586872109294,10.293438633090176,cluster_plus_withinstudy,agreement_natural_log_tau2_direct_v1,provisional
main,340,76,-0.3536147242559256,16.13265319280085,8.47749781851882,4.960861922218726,-10.275338568693376,9.568109120181527,cluster_plus_withinstudy,agreement_natural_log_tau2_direct_v1,provisional
main,341,76,0.047109260878993385,19.1756363108458,10.25624894748123,5.425116151597773,-10.803123042316551,10.897341564074539,cluster_plus_withinstudy,agreement_natural_log_tau2_direct_v1,provisional
main,342,76,-0.15954025430521,17.30256203238802,3.3569695565724693,4.545275743996231,-9.250091742297672,8.931011233687252,cluster_plus_withinstudy,agreement_natural_log_tau2_direct_v1,provisional
main,343,76,0.6756450385060027,16.90535237713662,9.210171068352203,5.110334964118186,-9.545024889730369,10.896314966742375,cluster_plus_withinstudy,agreement_natural_log_tau2_direct_v1,provisional
main,344,76,0.11448370413644257,14.909072876593154,7.235986659658476,4.705853752110411,-9.297223800084378,9.526191208357265,cluster_plus_withinstudy,agreement_natural_log_tau2_direct_v1,provisional
main,345,76,-0.2107312737988707,16.113387648657344,3.0998284955253776,4.383288279840002,-8.977307833478875,8.555845285881134,cluster_plus_withinstudy,agreement_natural_log_tau2_direct_v1,provisional
main,346,76,0.5437470806673358,16.79696267611502,7.541122504309291,4.933364488908589,-9.322981897149843,10.410476058484514,cluster_plus_withinstudy,agreement_natural_log_tau2_direct_v1,provisional
main,347,76,-0.3634898179159307,14.01095105825334,2.7926803869575503,4.099223273403254,-8.561936364722438,7.834956728890577,cluster_plus_withinstudy,agreement_natural_log_tau2_direct_v1,provisional
main,348,76,-0.3021909930046076,15.923844365255992,14.016821144242083,5.47180642105494,-11.245803835114488,10.641421849105273,cluster_plus_withinstudy,agreement_natural_log_tau2_direct_v1,provisional
main,349,76,0.12143784132036849,13.341118166800305,9.382442786446495,4.766923636187893,-9.412409431055417,9.655285113696154,cluster_plus_withinstudy,agreement_natural_log_tau2_direct_v1,provisional
main,350,76,-0.04444674995074427,15.250734934185456,12.794826802238834,5.295806051624652,-10.636058853200048,10.54716535329856,cluster_plus_withinstudy,agreement_natural_log_tau2_direct_v1,provisional
main,351,76,-0.04428090623710942,14.105541459234765,10.634286192094649,4.973914720954654,-9.992110348146417,9.903548535672199,cluster_plus_withinstudy,agreement_natural_log_tau2_direct_v1,provisional
main,352,76,-0.4083780180603004,13.288829784002878,7.684873366934629,4.5797055746999185,-9.567789167460138,8.751033131339536,cluster_plus_withinstudy,agreement_natural_log_tau2_direct_v1,provisional
main,353,76,-0.18947944976431802,15.866645848731432,9.315964067741294,5.0182277665001145,-10.225934982764548,9.84697608323591,cluster_plus_withinstudy,agreement_natural_log_tau2_direct_v1,provisional
main,354,76,-0.33513237501277243,15.96881718580473,2.2474901307715385,4.268056620591656,-8.871245616196084,8.20098086617054,cluster_plus_withinstudy,agreement_natural_log_tau2_direct_v1,provisional
main,355,76,0.03001409630514811,15.98713550503697,3.4284825999017325,4.406315706453488,-8.782617316601828,8.842645509212124,cluster_plus_withinstudy,agreement_natural_log_tau2_direct_v1,provisional
main,356,76,0.04579868561098178,15.586170208608523,8.873510734788962,4.945672951520095,-9.845547217429207,9.937144588651172,cluster_plus_withinstudy,agreement_natural_log_tau2_direct_v1,provisional
main,357,76,0.10415043924681802,19.583452669235786,2.830161140516921,4.734301829177425,-9.364453219108032,9.572754097601667,cluster_plus_withinstudy,agreement_natural_log_tau2_direct_v1,provisional
main,358,76,0.33100020763222604,13.117827066452426,7.15956659033619,4.50304271096651,-8.675085214300795,9.337085629565246,cluster_plus_withinstudy,agreement_natural_log_tau2_direct_v1,provisional
main,359,76,-0.5781825121402595,16.40307268300706,3.244712176091772,4.43258218864567,-9.443346889431599,8.28698186515108,cluster_plus_withinstudy,agreement_natural_log_tau2_direct_v1,provisional
main,360,76,0.09567922613331008,13.652947941919265,6.431288159219845,4.481543941672235,-8.86740865721116,9.05876710947778,cluster_plus_withinstudy,agreement_natural_log_tau2_direct_v1,provisional
main,361,76,-0.3629016046216603,12.03712999526072,7.273287274609424,4.394361986667706,-9.151625577957072,8.425822368713751,cluster_plus_withinstudy,agreement_natural_log_tau2_direct_v1,provisional
main,362,76,-0.5477795950903108,18.158763245251734,3.9391611833839604,4.700842948731184,-9.94946549255268,8.853906302372057,cluster_plus_withinstudy,agreement_natural_log_tau2_direct_v1,provisional
main,363,76,0.07674083160194427,18.514006960795495,10.502688783227823,5.386714745002125,-10.696688658402307,10.850170321606194,cluster_plus_withinstudy,agreement_natural_log_tau2_direct_v1,provisional
main,364,76,0.11868895642607406,18.492678112029353,3.175012536219918,4.654856673223062,-9.191024390020049,9.428402302872199,cluster_plus_withinstudy,agreement_natural_log_tau2_direct_v1,provisional
main,365,76,-0.16862533456918954,15.601960679555361,10.415277735612102,5.100709599180045,-10.37004453292928,10.032793863790902,cluster_plus_withinstudy,agreement_natural_log_tau2_direct_v1,provisional
main,366,76,-0.1087672864389506,12.73171090055222,2.480518468879826,3.9002858061213983,-7.909338898681747,7.691804325803846,cluster_plus_withinstudy,agreement_natural_log_tau2_direct_v1,provisional
main,367,76,-0.5623981014007373,15.018306619420828,10.597768294407878,5.061232548878653,-10.684863199158043,9.56006699635657,cluster_plus_withinstudy,agreement_natural_log_tau2_direct_v1,provisional
main,368,76,0.1601194464629886,19.73786415980318,2.337623806895844,4.698455913031325,-9.236792379599661,9.55703127252564,cluster_plus_withinstudy,agreement_natural_log_tau2_direct_v1,provisional
main,369,76,-0.1238398228367041,16.182446232959443,3.4608383444747046,4.4320745230009555,-8.987988868838615,8.740309223165207,cluster_plus_withinstudy,agreement_natural_log_tau2_direct_v1,provisional
main,370,76,-0.3741148017394451,16.295876024877614,10.152734626243534,5.1428212734958185,-10.659757348731082,9.911527745252192,cluster_plus_withinstudy,agreement_natural_log_tau2_direct_v1,provisional
main,371,76,0.3577301906954361,17.47624592764009,10.778400582657182,5.315509995315338,-10.27328979993524,10.988750181326113,cluster_plus_withinstudy,agreement_natural_log_tau2_direct_v1,provisional
main,372,76,-0.12370915278468998,21.140281436906378,3.4100982049294233,4.954833967131068,-10.033377087046826,9.785958781477447,cluster_plus_withinstudy,agreement_natural_log_tau2_direct_v1,provisional
main,373,76,-0.05778425388969536,15.11217265154265,10.509017855360844,5.0617378939355895,-10.181260041760874,10.065691533981484,cluster_plus_withinstudy,agreement_natural_log_tau2_direct_v1,provisional
main,374,76,-0.16261903948811193,17.17225176100822,2.17260519529032,4.398278862952933,-8.959176765393977,8.633938686417753,cluster_plus_withinstudy,agreement_natural_log_tau2_direct_v1,provisional
main,375,76,-0.4979265334781585,15.912772114495993,2.2337226533897363,4.259870275945704,-9.017667085369567,8.021814018413249,cluster_plus_withinstudy,agreement_natural_log_tau2_direct_v1,provisional
main,376,76,-0.0421104174395995,20.013241053978152,3.133787360969652,4.811135875751983,-9.664382168943566,9.580161334064366,cluster_plus_withinstudy,agreement_natural_log_tau2_direct_v1,provisional
main,377,76,0.07071815010773837,15.6193105575784,3.8005821513647313,4.4068007339727915,-8.742883317837844,8.884319618053322,cluster_plus_withinstudy,agreement_natural_log_tau2_direct_v1,provisional
main,378,76,-0.640584448897426,14.279178963907388,4.097375575673097,4.2867883712145725,-9.214161191326571,7.9329922935317185,cluster_plus_withinstudy,agreement_natural_log_tau2_direct_v1,provisional
main,379,76,-0.7267541914702184,14.665129796864075,3.517978956538263,4.2641656573592845,-9.255085506188788,7.801577123248351,cluster_plus_withinstudy,agreement_natural_log_tau2_direct_v1,provisional
main,380,76,-0.19165719760259933,15.86680690061515,2.5413035638974653,4.290467394645089,-8.772591986892776,8.389277591687579,cluster_plus_withinstudy,agreement_natural_log_tau2_direct_v1,provisional
main,381,76,-0.29274713927945556,16.460365749233233,3.4959935635430535,4.46725411329782,-9.227255365875095,8.641761087316183,cluster_plus_withinstudy,agreement_natural_log_tau2_direct_v1,provisional
main,382,76,-0.1828152648497458,17.311363110413033,9.928950334090535,5.219225368242261,-10.621266001334268,10.255635471634777,cluster_plus_withinstudy,agreement_natural_log_tau2_direct_v1,provisional
main,383,76,0.15213330564275584,18.455759817392924,2.2742807691155367,4.553025432227285,-8.953917558811813,9.258184170097326,cluster_plus_withinstudy,agreement_natural_log_tau2_direct_v1,provisional
main,384,76,0.40194021681297604,20.510860862684854,4.01303184018589,4.952160407627235,-9.502380598441494,10.306261032067447,cluster_plus_withinstudy,agreement_natural_log_tau2_direct_v1,provisional
main,385,76,-0.02934788727554154,18.497106988592293,10.353436045366342,5.371270150900869,-10.771888189077279,10.713192414526196,cluster_plus_withinstudy,agreement_natural_log_tau2_direct_v1,provisional
main,386,76,-0.355128185130349,18.710421844733418,4.526025618582141,4.820419843054706,-9.995967871239761,9.285711500979064,cluster_plus_withinstudy,agreement_natural_log_tau2_direct_v1,provisional
main,387,76,0.10297658193543842,16.02139605407945,8.425900953009586,4.944420795916245,-9.785865009897051,9.991818173767928,cluster_plus_withinstudy,agreement_natural_log_tau2_direct_v1,provisional
main,388,76,-0.34244304851769564,17.52774233807092,12.786582978115899,5.505844650567869,-11.354132349653433,10.669246252618041,cluster_plus_withinstudy,agreement_natural_log_tau2_direct_v1,provisional
main,389,76,-0.3307762844392079,19.61373149756953,9.039137836997911,5.3528375030975335,-11.036451290634275,10.374898721755859,cluster_plus_withinstudy,agreement_natural_log_tau2_direct_v1,provisional
main,390,76,-0.23670141556706062,13.111291670227905,13.766521854199953,5.184381691622238,-10.605464798811536,10.132061967677416,cluster_plus_withinstudy,agreement_natural_log_tau2_direct_v1,provisional
main,391,76,0.24110161431494195,14.63930973176899,4.541634528477309,4.379605491393751,-8.51810936847256,9.000312597102445,cluster_plus_withinstudy,agreement_natural_log_tau2_direct_v1,provisional
main,392,76,-0.2266672523016755,20.160880694002618,10.889623527902796,5.572297930109751,-11.371263112521177,10.917928607917826,cluster_plus_withinstudy,agreement_natural_log_tau2_direct_v1,provisional
main,393,76,-0.23395470846771108,15.617908835933791,7.703800764111652,4.829255594814323,-9.892465898096358,9.424556481160934,cluster_plus_withinstudy,agreement_natural_log_tau2_direct_v1,provisional
main,394,76,-0.13936626399235097,14.893686434949844,12.1132792259674,5.196822650516106,-10.533011565024562,10.254279037039861,cluster_plus_withinstudy,agreement_natural_log_tau2_direct_v1,provisional
main,395,76,-0.3360032595173255,15.496302399147288,3.85793731238066,4.399345373067219,-9.134694005651763,8.462687486617114,cluster_plus_withinstudy,agreement_natural_log_tau2_direct_v1,provisional
main,396,76,0.1442265476525818,13.516804844816292,12.438209779419562,5.094606424861086,-10.044986302069589,10.333439397374754,cluster_plus_withinstudy,agreement_natural_log_tau2_direct_v1,provisional
main,397,76,0.010984139964473897,15.69490917610765,8.621969721316098,4.931214748662215,-9.851445357359955,9.873413637288904,cluster_plus_withinstudy,agreement_natural_log_tau2_direct_v1,provisional
main,398,76,-0.1401621568743689,15.37593614548964,10.588650065139182,5.095545722553064,-10.331253601980498,10.050929288231758,cluster_plus_withinstudy,agreement_natural_log_tau2_direct_v1,provisional
main,399,76,0.06703051182998114,17.957213456305116,3.218983208954545,4.601760170332615,-9.136489828835249,9.270550852495212,cluster_plus_withinstudy,agreement_natural_log_tau2_direct_v1,provisional
main,400,76,0.4234642458596175,16.097274594984732,8.570230191225118,4.966639184218021,-9.509814122576424,10.35674261429566,cluster_plus_withinstudy,agreement_natural_log_tau2_direct_v1,provisional
main,401,76,-0.13485079297726832,21.6529347389619,10.006068508986663,5.626633384889099,-11.388117562755466,11.11841597680093,cluster_plus_withinstudy,agreement_natural_log_tau2_direct_v1,provisional
main,402,76,-0.11804347246972488,16.601436811651574,2.787771769502098,4.403317905983359,-8.924679284436444,8.688592339496992,cluster_plus_withinstudy,agreement_natural_log_tau2_direct_v1,provisional
main,403,76,-0.18926673609116473,16.943315879883013,9.443389888940064,5.1367991754421425,-10.46286508697545,10.08433161479312,cluster_plus_withinstudy,agreement_natural_log_tau2_direct_v1,provisional
main,404,76,0.06457476446738497,13.75947920199526,8.366771425202076,4.703854868849308,-9.34313497323123,9.472284502166001,cluster_plus_withinstudy,agreement_natural_log_tau2_direct_v1,provisional
main,405,76,-0.27605712510209,16.765990375459438,3.2513722848961963,4.474076738317709,-9.224210601737509,8.672096351533328,cluster_plus_withinstudy,agreement_natural_log_tau2_direct_v1,provisional
main,406,76,-0.003217369527584398,15.994860123973774,2.1676375032599573,4.261748189092562,-8.526713747712709,8.520279008657539,cluster_plus_withinstudy,agreement_natural_log_tau2_direct_v1,provisional
main,407,76,-0.6179120332655068,15.822141129360102,11.91725608067236,5.266820407991188,-11.151552849247881,9.915728782716869,cluster_plus_withinstudy,agreement_natural_log_tau2_direct_v1,provisional
main,408,76,-0.5028434915265299,16.650589517208957,2.5323398959427195,4.379832121571748,-9.262507734670026,8.256820751616965,cluster_plus_withinstudy,agreement_natural_log_tau2_direct_v1,provisional
main,409,76,-0.15805047037451742,14.840223784091883,7.015203988595277,4.674978906122162,-9.50800828261884,9.191907341869806,cluster_plus_withinstudy,agreement_natural_log_tau2_direct_v1,provisional
main,410,76,-0.2664620356611718,16.71598171173014,3.905773281645053,4.5411182536215895,-9.348698542904351,8.815774471582007,cluster_plus_withinstudy,agreement_natural_log_tau2_direct_v1,provisional
main,411,76,-0.614273157634424,16.970233265643923,9.498655431399886,5.1447923861943945,-10.903857930023213,9.675311614754365,cluster_plus_withinstudy,agreement_natural_log_tau2_direct_v1,provisional
main,412,76,0.10171544074081897,17.01714340956926,4.089626961158315,4.59421052747124,-9.086705614201662,9.2901364956833,cluster_plus_withinstudy,agreement_natural_log_tau2_direct_v1,provisional
main,413,76,-0.5278630867255881,19.12943468688278,3.8572149775923883,4.79443945258204,-10.116741991889668,9.061015818438491,cluster_plus_withinstudy,agreement_natural_log_tau2_direct_v1,provisional
main,414,76,-0.2570251404081774,14.81024027828589,7.9020208047639375,4.765738251630048,-9.788501643668274,9.274451362851918,cluster_plus_withinstudy,agreement_natural_log_tau2_direct_v1,provisional
main,415,76,-0.5072473969315356,19.846168523111366,3.1157104299566667,4.791855481237725,-10.090958359406986,9.076463565543914,cluster_plus_withinstudy,agreement_natural_log_tau2_direct_v1,provisional
main,416,76,-0.043983927884032555,16.50641789436388,13.953717447882651,5.519070151959163,-11.082124231802357,10.994156376034294,cluster_plus_withinstudy,agreement_natural_log_tau2_direct_v1,provisional
main,417,76,-0.24983572120870254,16.84704081908361,3.4200807178441077,4.501901991039756,-9.253639703288215,8.75396826087081,cluster_plus_withinstudy,agreement_natural_log_tau2_direct_v1,provisional
main,418,76,0.11408926830567728,15.755890734014361,8.498119313499688,4.924836042703762,-9.735582817101847,9.963761353713203,cluster_plus_withinstudy,agreement_natural_log_tau2_direct_v1,provisional
main,419,76,-0.04783835014321585,14.548220064753778,9.397223603816139,4.893408185362214,-9.834654720867643,9.73897802058121,cluster_plus_withinstudy,agreement_natural_log_tau2_direct_v1,provisional
main,420,76,-0.2577138299068269,14.836876225008293,9.61904757511392,4.945293095471917,-10.14830002085066,9.632872361037007,cluster_plus_withinstudy,agreement_natural_log_tau2_direct_v1,provisional
main,421,76,0.14340920312615044,18.270302633103203,2.3479738163828827,4.540735232259869,-8.938061261393587,9.224879667645888,cluster_plus_withinstudy,agreement_natural_log_tau2_direct_v1,provisional
main,422,76,-0.005417995905944275,15.43449071309489,11.483796225211643,5.18828362161385,-10.381985239133645,10.371149247321757,cluster_plus_withinstudy,agreement_natural_log_tau2_direct_v1,provisional
main,423,76,0.18205159428096615,15.48271141127069,8.449271454269187,4.892032590400424,-9.602013586519883,9.966116775081813,cluster_plus_withinstudy,agreement_natural_log_tau2_direct_v1,provisional
main,424,76,-0.10503686609449464,12.45957633571409,12.607692441853178,5.006722358746016,-10.118481583586526,9.908407851397538,cluster_plus_withinstudy,agreement_natural_log_tau2_direct_v1,provisional
main,425,76,0.49401250126502366,14.1222636040702,7.021763598680135,4.5982634986210105,-8.702514495976997,9.690539498507045,cluster_plus_withinstudy,agreement_natural_log_tau2_direct_v1,provisional
main,426,76,-0.07237337461790283,19.01786494495586,10.123744334190487,5.398296886902974,-10.868967148423852,10.724220399188045,cluster_plus_withinstudy,agreement_natural_log_tau2_direct_v1,provisional
main,427,76,0.04651695589870621,19.035279414618742,2.6272149967569027,4.654298487567771,-9.262080019236835,9.355113931034248,cluster_plus_withinstudy,agreement_natural_log_tau2_direct_v1,provisional
main,428,76,-0.7661285912057326,15.545731629988529,3.125330356837241,4.321002428467932,-9.408133448141598,7.875876265730132,cluster_plus_withinstudy,agreement_natural_log_tau2_direct_v1,provisional
main,429,76,-0.17313588441407862,15.657628655282343,7.412289085269883,4.803115420282156,-9.77936672497839,9.433094956150233,cluster_plus_withinstudy,agreement_natural_log_tau2_direct_v1,provisional
main,430,76,-0.5777040801583428,14.831442334922382,8.947505629242281,4.876366266408284,-10.33043661297491,9.175028452658225,cluster_plus_withinstudy,agreement_natural_log_tau2_direct_v1,provisional
main,431,76,-0.030808000810174065,17.816736548763874,3.8687260552548173,4.65676525111785,-9.344338503045874,9.282722501425527,cluster_plus_withinstudy,agreement_natural_log_tau2_direct_v1,provisional
main,432,76,-0.07194148439961275,14.33749268687976,7.943418098977227,4.720265965584671,-9.512473415568955,9.36859044676973,cluster_plus_withinstudy,agreement_natural_log_tau2_direct_v1,provisional
main,433,76,-0.45915593324832504,15.325596188942347,13.50400225449662,5.36932010998031,-11.197796153208946,10.279484286712295,cluster_plus_withinstudy,agreement_natural_log_tau2_direct_v1,provisional
main,434,76,-0.3014643827774124,14.20964302918796,2.847293159392483,4.13000438118175,-8.561473145140912,7.958544379586087,cluster_plus_withinstudy,agreement_natural_log_tau2_direct_v1,provisional
main,435,76,0.04524388483498271,16.982080384362405,10.323983007262896,5.225520394336367,-10.40579690383775,10.496284673507716,cluster_plus_withinstudy,agreement_natural_log_tau2_direct_v1,provisional
main,436,76,0.11846011220960112,15.93625572553536,11.520143738837051,5.239885443821497,-10.361310775433394,10.598230999852595,cluster_plus_withinstudy,agreement_natural_log_tau2_direct_v1,provisional
main,437,76,0.08486430713014495,14.993003137809184,8.794279284615705,4.877220768268019,-9.669577229405894,9.839305843666184,cluster_plus_withinstudy,agreement_natural_log_tau2_direct_v1,provisional
main,438,76,-0.4777609648804487,13.664410879574108,1.8462250325808598,3.9383544675606545,-8.354469900001758,7.398947970240861,cluster_plus_withinstudy,agreement_natural_log_tau2_direct_v1,provisional
main,439,76,0.06497999047858537,15.843668980710001,8.956003557706255,4.97992696115277,-9.894873931826954,10.024833912784125,cluster_plus_withinstudy,agreement_natural_log_tau2_direct_v1,provisional
main,440,76,0.20675773610413892,14.90663168194473,10.881084926468471,5.078160750548687,-9.949563764993234,10.363079237201513,cluster_plus_withinstudy,agreement_natural_log_tau2_direct_v1,provisional
main,441,76,-0.3341267984968029,15.330596222508337,2.0437385564569683,4.168253204756796,-8.670633208010395,8.00237961101679,cluster_plus_withinstudy,agreement_natural_log_tau2_direct_v1,provisional
main,442,76,0.10811563698019754,16.46105133791763,10.988662601551576,5.239247459270196,-10.370379281560194,10.58661055552059,cluster_plus_withinstudy,agreement_natural_log_tau2_direct_v1,provisional
main,443,76,-0.4263115241046377,13.264328871850632,7.775751183366057,4.586946702896894,-9.600204929898425,8.74758188168915,cluster_plus_withinstudy,agreement_natural_log_tau2_direct_v1,provisional
main,444,76,-0.4361876334745669,14.335903203100514,8.950974864588964,4.825647942783381,-10.08748351904133,9.215108252092195,cluster_plus_withinstudy,agreement_natural_log_tau2_direct_v1,provisional
main,445,76,-0.3237390435969332,18.786548764369456,3.0997482735668895,4.678279281737715,-9.680297607072363,9.032819519878496,cluster_plus_withinstudy,agreement_natural_log_tau2_direct_v1,provisional
main,446,76,-0.05819610633107694,14.962631267211727,9.509964034309624,4.9469784011577564,-9.952152908646589,9.835760695984437,cluster_plus_withinstudy,agreement_natural_log_tau2_direct_v1,provisional
main,447,76,0.29702987612976994,20.284514339567657,3.8536482073621854,4.913060405381746,-9.529090934633722,10.123150686893261,cluster_plus_withinstudy,agreement_natural_log_tau2_direct_v1,provisional
main,448,76,-0.20174263072237492,16.86528557208098,9.802629848417254,5.164098703597583,-10.529940037917541,10.12645477647279,cluster_plus_withinstudy,agreement_natural_log_tau2_direct_v1,provisional
main,449,76,-0.3909095200039746,14.667951757768398,8.840676387772568,4.8485697010088415,-10.088048922021658,9.306229882013708,cluster_plus_withinstudy,agreement_natural_log_tau2_direct_v1,provisional
main,450,76,0.24068544088021485,17.348841541591266,9.665509661861075,5.197533184449363,-10.154380928018512,10.635751809778942,cluster_plus_withinstudy,agreement_natural_log_tau2_direct_v1,provisional
main,451,76,0.115076204915123,19.289297352182906,3.130476543927951,4.734952364714017,-9.35482852451291,9.584980934343157,cluster_plus_withinstudy,agreement_natural_log_tau2_direct_v1,provisional
main,452,76,0.25507255917246724,17.47294466827725,11.614022475862738,5.393233459079997,-10.531394358987527,11.04153947733246,cluster_plus_withinstudy,agreement_natural_log_tau2_direct_v1,provisional
main,453,76,-0.2881438841264621,15.066534922232906,8.849179844022787,4.89036959403435,-10.068883072195163,9.492595303942238,cluster_plus_withinstudy,agreement_natural_log_tau2_direct_v1,provisional
main,454,76,-0.10722717092430153,13.596680259972695,2.648570643278857,4.030539778150261,-8.168306727224824,7.95385238537622,cluster_plus_withinstudy,agreement_natural_log_tau2_direct_v1,provisional
main,455,76,-0.30233972233238193,14.926247774171445,13.876722781070727,5.366839904007029,-11.03601953034644,10.431340085681676,cluster_plus_withinstudy,agreement_natural_log_tau2_direct_v1,provisional
main,456,76,-0.40309675244102117,15.191850373535491,2.734219471606029,4.233918970072706,-8.870934692586433,8.06474118770439,cluster_plus_withinstudy,agreement_natural_log_tau2_direct_v1,provisional
main,457,76,-0.46909374557427125,17.017166664918225,3.629635833774936,4.543875273232438,-9.556844292039148,8.618656800890605,cluster_plus_withinstudy,agreement_natural_log_tau2_direct_v1,provisional
main,458,76,0.179901878241462,16.481975870159403,12.287096434204706,5.363680854074383,-10.547459829907304,10.90726358639023,cluster_plus_withinstudy,agreement_natural_log_tau2_direct_v1,provisional
main,459,76,0.24543072840885308,14.637219261757235,9.211472173397663,4.883512202826456,-9.521593677244057,10.012455134061765,cluster_plus_withinstudy,agreement_natural_log_tau2_direct_v1,provisional
main,460,76,-0.36852795508550495,15.853560159634226,3.5377030954288418,4.403551209542483,-9.17563037417047,8.438574463999462,cluster_plus_withinstudy,agreement_natural_log_tau2_direct_v1,provisional
main,461,76,-0.5029434386602769,15.980890608254285,8.965257215827279,4.994611879223606,-10.492167197107488,9.486280319786935,cluster_plus_withinstudy,agreement_natural_log_tau2_direct_v1,provisional
main,462,76,-0.06253779058512947,14.751003354706157,10.717728565368065,5.046655518268928,-10.155848827122984,10.030773245952727,cluster_plus_withinstudy,agreement_natural_log_tau2_direct_v1,provisional
main,463,76,-0.34731320484725736,14.462177755661521,8.159915087826322,4.756268794284848,-9.859850793416953,9.165224383722439,cluster_plus_withinstudy,agreement_natural_log_tau2_direct_v1,provisional
main,464,76,-0.45856423912722827,12.147566357747964,8.253184919283383,4.5167190832540545,-9.492002405635338,8.57487392738088,cluster_plus_withinstudy,agreement_natural_log_tau2_direct_v1,provisional
main,465,76,-0.16521780801584252,20.43989291718947,2.89273287554112,4.830385677431005,-9.825989162877853,9.495553546846168,cluster_plus_withinstudy,agreement_natural_log_tau2_direct_v1,provisional
main,466,76,0.07794832590259201,13.944224508280962,8.453600711104153,4.732634067766608,-9.387319809630625,9.543216461435808,cluster_plus_withinstudy,agreement_natural_log_tau2_direct_v1,provisional
main,467,76,0.011186962795353021,17.340223085595802,12.602464893377778,5.471991226141868,-10.932795489488383,10.955169415079089,cluster_plus_withinstudy,agreement_natural_log_tau2_direct_v1,provisional
main,468,76,-0.42843422030612355,15.397837382432524,2.7494200242602584,4.259959789328155,-8.948353798962433,8.091485358350187,cluster_plus_withinstudy,agreement_natural_log_tau2_direct_v1,provisional
main,469,76,0.09275957914260177,20.556787785405394,13.291180505086604,5.817900677262546,-11.543041775382491,11.728560933667694,cluster_plus_withinstudy,agreement_natural_log_tau2_direct_v1,provisional
main,470,76,0.5804337235910182,16.76194831600632,7.464437669539687,4.922030677022036,-9.263627630453055,10.42449507763509,cluster_plus_withinstudy,agreement_natural_log_tau2_direct_v1,provisional
main,471,76,-0.0036589584809188424,14.239772634128563,13.080587838811502,5.226888220819349,-10.457435400119618,10.45011748315778,cluster_plus_withinstudy,agreement_natural_log_tau2_direct_v1,provisional
main,472,76,-0.021087751541220973,16.589301076988498,2.7190075391407023,4.394122052939495,-8.809331857420212,8.767156354337768,cluster_plus_withinstudy,agreement_natural_log_tau2_direct_v1,provisional
main,473,76,0.5204210108319938,12.18577771555291,10.820727451731377,4.79650968593667,-9.072598361041345,10.113440382705333,cluster_plus_withinstudy,agreement_natural_log_tau2_direct_v1,provisional
main,474,76,0.2419669126848955,15.355135600742754,12.755622304918436,5.301957931336422,-10.361948949987948,10.84588277535774,cluster_plus_withinstudy,agreement_natural_log_tau2_direct_v1,provisional
main,475,76,-0.2493021387102266,17.150778299965992,10.44674849474612,5.253334826061643,-10.755971790833513,10.257367513413058,cluster_plus_withinstudy,agreement_natural_log_tau2_direct_v1,provisional
main,476,76,-0.6668124085956756,18.456936879794494,2.4638228047716613,4.573921696374584,-9.814655801344843,8.481030984153493,cluster_plus_withinstudy,agreement_natural_log_tau2_direct_v1,provisional
main,477,76,-0.36150763164087596,14.301591288443984,7.897630599993954,4.7116050225414625,-9.784717676723801,9.061702413442049,cluster_plus_withinstudy,agreement_natural_log_tau2_direct_v1,provisional
main,478,76,-0.2078356903782628,16.3327229347655,4.197263500363217,4.531002806788881,-9.269841303956024,8.8541699231995,cluster_plus_withinstudy,agreement_natural_log_tau2_direct_v1,provisional
main,479,76,0.18608253202488087,14.325739056428944,11.951852352165186,5.1261673215565375,-10.066252111088195,10.438417175137955,cluster_plus_withinstudy,agreement_natural_log_tau2_direct_v1,provisional
main,480,76,0.16655014457385775,16.961711005211214,3.5812451641592267,4.532433801984364,-8.898317459394871,9.231417748542587,cluster_plus_withinstudy,agreement_natural_log_tau2_direct_v1,provisional
main,481,76,-0.2208540443359104,17.21722379457905,12.399959006472269,5.442167105211977,-11.105188254759865,10.663480166088044,cluster_plus_withinstudy,agreement_natural_log_tau2_direct_v1,provisional
main,482,76,0.2969296311637418,12.649167098213727,13.056744815805127,5.070099793299818,-9.843269955435893,10.437129217763378,cluster_plus_withinstudy,agreement_natural_log_tau2_direct_v1,provisional
main,483,76,-0.2135650542222299,15.868387803348844,10.506896724381393,5.135687347155222,-10.484939748532673,10.057809640088214,cluster_plus_withinstudy,agreement_natural_log_tau2_direct_v1,provisional
main,484,76,-0.31855185388412216,14.940483842613792,9.677394291124884,4.961640669550615,-10.241833192985352,9.604729485217108,cluster_plus_withinstudy,agreement_natural_log_tau2_direct_v1,provisional
main,485,76,-0.06019035681673084,18.81025483863574,11.001764637797118,5.460038413457625,-10.980267183731982,10.85988647009852,cluster_plus_withinstudy,agreement_natural_log_tau2_direct_v1,provisional
main,486,76,-0.6751919866061905,14.669312083616306,2.7592443284512718,4.174752257567817,-9.024696501741824,7.674312528529443,cluster_plus_withinstudy,agreement_natural_log_tau2_direct_v1,provisional
main,487,76,0.019194472836602333,15.381298307159906,2.996189056910866,4.286897172089712,-8.554599871342822,8.592988817016026,cluster_plus_withinstudy,agreement_natural_log_tau2_direct_v1,provisional
main,488,76,0.11858116885457064,16.99643393766158,10.06243714081202,5.20181421029948,-10.28504725174439,10.52220958945353,cluster_plus_withinstudy,agreement_natural_log_tau2_direct_v1,provisional
main,489,76,-0.3113130630540345,19.24159533002122,10.794848205257516,5.48055138971242,-11.272415842478875,10.649789716370805,cluster_plus_withinstudy,agreement_natural_log_tau2_direct_v1,provisional
main,490,76,-0.16779093747046459,14.38266420739548,12.054635518094942,5.141721474904141,-10.451233887278747,10.115652012337819,cluster_plus_withinstudy,agreement_natural_log_tau2_direct_v1,provisional
main,491,76,-0.0715777122828896,16.032456159021343,9.719469727967134,5.07463554228168,-10.22084879684625,10.07769337228047,cluster_plus_withinstudy,agreement_natural_log_tau2_direct_v1,provisional
main,492,76,-0.4388548886348781,17.451535910394572,2.8536525145233544,4.506127874896354,-9.451110638427586,8.573400861157829,cluster_plus_withinstudy,agreement_natural_log_tau2_direct_v1,provisional
main,493,76,-0.45220308867527337,14.006424745042056,10.079154945529876,4.907706153649782,-10.267615395974838,9.36320921862429,cluster_plus_withinstudy,agreement_natural_log_tau2_direct_v1,provisional
main,494,76,-0.07579359870625513,17.423671645653112,9.153777964153512,5.155332153198922,-10.386457905104098,10.234870707691588,cluster_plus_withinstudy,agreement_natural_log_tau2_direct_v1,provisional
main,495,76,-0.1825045418590895,15.537363171335352,12.392522128633294,5.2848732529710345,-10.752251047801158,10.38724196408298,cluster_plus_withinstudy,agreement_natural_log_tau2_direct_v1,provisional
main,496,76,0.4100223358986679,14.55094377851992,13.432199361130904,5.289909558740189,-10.16979678158171,10.989841453379046,cluster_plus_withinstudy,agreement_natural_log_tau2_direct_v1,provisional
main,497,76,0.08538879989906664,10.639929503123565,10.912791707851774,4.6424908412376364,-9.199592882576207,9.370370482374339,cluster_plus_withinstudy,agreement_natural_log_tau2_direct_v1,provisional
main,498,76,-0.37602484939267433,14.013476129011412,11.152948383928994,5.0166148459833355,-10.409254541359346,9.657204842573996,cluster_plus_withinstudy,agreement_natural_log_tau2_direct_v1,provisional
main,499,76,-0.32191461150039063,19.79277501057997,3.016430917243729,4.775898441950341,-9.873711495401073,9.22988227240029,cluster_plus_withinstudy,agreement_natural_log_tau2_direct_v1,provisional
main,500,76,0.11063597485714793,16.47528483682075,11.275169163464431,5.267869968050197,-10.425103961243245,10.646375910957541,cluster_plus_withinstudy,agreement_natural_log_tau2_direct_v1,provisional
main,501,76,-0.039074545055668146,18.88809745943283,11.076812821319583,5.474021399369244,-10.987117343794155,10.90896825368282,cluster_plus_withinstudy,agreement_natural_log_tau2_direct_v1,provisional
main,502,76,-0.37174578186456503,16.728743674826593,8.64195744874061,5.036933702518548,-10.44561318690166,9.70212162317253,cluster_plus_withinstudy,agreement_natural_log_tau2_direct_v1,provisional
main,503,76,-0.1057400685193937,19.955633494435677,9.88700932689447,5.462842009552367,-11.031424087624128,10.81994395058534,cluster_plus_withinstudy,agreement_natural_log_tau2_direct_v1,provisional
main,504,76,-0.44548850990263555,16.484068774717667,8.257409686618548,4.9740806649406295,-10.393649839783894,9.502672819978624,cluster_plus_withinstudy,agreement_natural_log_tau2_direct_v1,provisional
main,505,76,-0.4267997488244122,13.60263869448955,3.615459575881871,4.149469637239369,-8.725739023303149,7.872139525654325,cluster_plus_withinstudy,agreement_natural_log_tau2_direct_v1,provisional
main,506,76,-0.30963230326195035,19.677420932199134,3.634075647069768,4.828198067526736,-9.966028438315423,9.34676383179152,cluster_plus_withinstudy,agreement_natural_log_tau2_direct_v1,provisional
main,507,76,0.1584167149553049,15.229133916382867,10.496922341047975,5.072085986793879,-9.985755258632453,10.302588688543063,cluster_plus_withinstudy,agreement_natural_log_tau2_direct_v1,provisional
main,508,76,-0.589610903064053,18.415869856307744,2.5405749619694107,4.577820968351335,-9.745252839766723,8.566031033638618,cluster_plus_withinstudy,agreement_natural_log_tau2_direct_v1,provisional
main,509,76,0.00401591307697744,18.018798435591894,7.9916299170351,5.1000419951826865,-10.196068077288396,10.20409990344235,cluster_plus_withinstudy,agreement_natural_log_tau2_direct_v1,provisional
main,510,76,0.164569980191713,18.939113630632246,10.863541793844112,5.459180838228054,-10.753791696264395,11.08293165664782,cluster_plus_withinstudy,agreement_natural_log_tau2_direct_v1,provisional
main,511,76,0.23665063015741977,16.09049774677893,11.55040466140809,5.257461593600757,-10.278272557044094,10.751573817358935,cluster_plus_withinstudy,agreement_natural_log_tau2_direct_v1,provisional
main,512,76,0.5765333183620818,14.470537371235032,11.933815554959418,5.138516607562385,-9.70049989676269,10.853566533486852,cluster_plus_withinstudy,agreement_natural_log_tau2_direct_v1,provisional
main,513,76,-0.06089002238493043,19.12687057400876,14.376831800673978,5.7882382790174365,-11.637366580419803,11.515586535649943,cluster_plus_withinstudy,agreement_natural_log_tau2_direct_v1,provisional
main,514,76,-0.7332296319769229,17.360130653912503,2.9222561662122533,4.50359709789017,-9.740423827757262,8.273964563803418,cluster_plus_withinstudy,agreement_natural_log_tau2_direct_v1,provisional
main,515,76,-0.47945920597565617,17.10462247782977,8.111299874070088,5.021545812984271,-10.522550831944198,9.563632419992885,cluster_plus_withinstudy,agreement_natural_log_tau2_direct_v1,provisional
main,516,76,-0.6343698074472449,14.974951533932732,2.9711483666838725,4.236283737029026,-9.106937281505296,7.838197666610807,cluster_plus_withinstudy,agreement_natural_log_tau2_direct_v1,provisional
main,517,76,-0.5283736087591797,16.277095460706715,8.403271783545932,4.967933900954465,-10.46424141066811,9.40749419314975,cluster_plus_withinstudy,agreement_natural_log_tau2_direct_v1,provisional
main,518,76,-0.0991740498426118,15.818725086750705,8.541852184778772,4.935643551911896,-9.970461153666404,9.772113053981181,cluster_plus_withinstudy,agreement_natural_log_tau2_direct_v1,provisional
main,519,76,-0.4585995609792785,16.547331844035146,12.799805836699674,5.417299851469809,-11.293199263918897,10.37600014196034,cluster_plus_withinstudy,agreement_natural_log_tau2_direct_v1,provisional
main,520,76,-0.5925664419967901,21.631896626185146,3.995041651612082,5.062305628643655,-10.7171776992841,9.532044815290519,cluster_plus_withinstudy,agreement_natural_log_tau2_direct_v1,provisional
main,521,76,0.4016203128536688,19.9590507272506,12.723811298566547,5.7168926897237755,-11.032165066593882,11.83540569230122,cluster_plus_withinstudy,agreement_natural_log_tau2_direct_v1,provisional
main,522,76,-0.2899559676835473,15.304035837543127,12.324726838200878,5.256306942687424,-10.802569853058394,10.2226579176913,cluster_plus_withinstudy,agreement_natural_log_tau2_direct_v1,provisional
main,523,76,0.30824174556006106,14.854733091710074,9.720731830486406,4.957364715470961,-9.606487685381861,10.222971176501982,cluster_plus_withinstudy,agreement_natural_log_tau2_direct_v1,provisional
main,524,76,0.04675233432784164,12.37386509398794,7.151677769561677,4.418771646458959,-8.790790958590076,8.88429562724576,cluster_plus_withinstudy,agreement_natural_log_tau2_direct_v1,provisional
main,525,76,-0.29534403503569584,15.297914002067916,8.828659774106821,4.911880879680893,-10.11910579439748,9.52841772432609,cluster_plus_withinstudy,agreement_natural_log_tau2_direct_v1,provisional
main,526,76,0.2955205623166396,15.74640456668784,10.195977636252392,5.093366490145808,-9.891212417974977,10.482253542608255,cluster_plus_withinstudy,agreement_natural_log_tau2_direct_v1,provisional
main,527,76,0.13261049816250872,14.456694460407448,7.9437256107830905,4.732908204390884,-9.33320591061926,9.598426906944276,cluster_plus_withinstudy,agreement_natural_log_tau2_direct_v1,provisional
main,528,76,-0.1365462036214475,18.021412990988736,2.4071022546537604,4.519791504665066,-9.17612921295158,8.903036805708684,cluster_plus_withinstudy,agreement_natural_log_tau2_direct_v1,provisional
main,529,76,0.03216065394824372,16.890828379543596,9.598439297676274,5.146772549590653,-10.261384445233062,10.32570575312955,cluster_plus_withinstudy,agreement_natural_log_tau2_direct_v1,provisional
main,530,76,-0.560760243367465,18.210668942187937,3.9960039513015264,4.7123956639367055,-9.985551571240876,8.864031084505946,cluster_plus_withinstudy,agreement_natural_log_tau2_direct_v1,provisional
main,531,76,-0.35827395136848994,13.87783519749937,2.6795862353907935,4.069081153392024,-8.496436258152539,7.779888355415558,cluster_plus_withinstudy,agreement_natural_log_tau2_direct_v1,provisional
main,532,76,-0.1473656349751355,18.41639660666358,5.159013322718701,4.855451568019424,-9.858268771013984,9.563537501063712,cluster_plus_withinstudy,agreement_natural_log_tau2_direct_v1,provisional
main,533,76,-0.22505696104427658,13.170216159870208,12.035286767017475,5.020508233922905,-10.266073428890087,9.815959506801532,cluster_plus_withinstudy,agreement_natural_log_tau2_direct_v1,provisional
main,534,76,-0.05031910996898745,12.462065180961657,11.605006770532674,4.905820211900792,-9.861959533770571,9.761321313832598,cluster_plus_withinstudy,agreement_natural_log_tau2_direct_v1,provisional
main,535,76,-0.35140823241953595,20.513331080457636,2.6630586667738516,4.814186301674614,-9.979780835768763,9.276964370929692,cluster_plus_withinstudy,agreement_natural_log_tau2_direct_v1,provisional
main,536,76,-0.38953078065605956,15.10246026512908,13.074341051069554,5.308182487085258,-11.005895754826575,10.226834193514456,cluster_plus_withinstudy,agreement_natural_log_tau2_direct_v1,provisional
main,537,76,0.35362669051259954,12.549207055771717,13.369066074046808,5.090999227049492,-9.828371763586384,10.535625144611585,cluster_plus_withinstudy,agreement_natural_log_tau2_direct_v1,provisional
main,538,76,0.01444304271324242,14.783807329450854,10.834028004272996,5.061406458063198,-10.108369873413153,10.137255958839638,cluster_plus_withinstudy,agreement_natural_log_tau2_direct_v1,provisional
main,539,76,-0.12530568259269928,15.133787666173905,8.410391313720806,4.852234431671115,-9.82977454593493,9.57916318074953,cluster_plus_withinstudy,agreement_natural_log_tau2_direct_v1,provisional
main,540,76,-0.454171200403573,15.33192315192205,2.2542862537327366,4.1935914686167015,-8.841354137636976,7.93301173682983,cluster_plus_withinstudy,agreement_natural_log_tau2_direct_v1,provisional
main,541,76,0.23864525719724422,19.351292479340252,8.632389523751531,5.2899604916380785,-10.341275726078912,10.818566240473402,cluster_plus_withinstudy,agreement_natural_log_tau2_direct_v1,provisional
main,542,76,0.17987903821373408,11.903823183160341,11.806243153019206,4.869298341258168,-9.558717644302602,9.91847572073007,cluster_plus_withinstudy,agreement_natural_log_tau2_direct_v1,provisional
main,543,76,-0.39038077201574384,15.104167403613621,3.5387500274489168,4.317744484225825,-9.025869740467394,8.245108196435906,cluster_plus_withinstudy,agreement_natural_log_tau2_direct_v1,provisional
main,544,76,-0.2700315471311007,20.31890818797125,14.561779859130693,5.905987474343468,-12.082006495818037,11.541943401555836,cluster_plus_withinstudy,agreement_natural_log_tau2_direct_v1,provisional
main,545,76,-0.2784266687367272,18.109481906124948,5.476861786316879,4.856577363992241,-9.99158139672121,9.434728059247755,cluster_plus_withinstudy,agreement_natural_log_tau2_direct_v1,provisional
main,546,76,-0.3271141108242393,15.424753683770046,3.282933190705428,4.325238360423096,-8.977590831670431,8.323362610021954,cluster_plus_withinstudy,agreement_natural_log_tau2_direct_v1,provisional
main,547,76,-0.2372179157683736,15.043713443128778,10.586616341603326,5.062640594070658,-10.36249910390969,9.888063272372941,cluster_plus_withinstudy,agreement_natural_log_tau2_direct_v1,provisional
main,548,76,-0.11288656559713885,19.022373519134014,2.216612065858752,4.608577392752862,-9.330041351102862,9.104268219908585,cluster_plus_withinstudy,agreement_natural_log_tau2_direct_v1,provisional
main,549,76,-0.17965947676829458,15.27339853790813,11.661426778910615,5.189877196699238,-10.559413870166772,10.200094916630182,cluster_plus_withinstudy,agreement_natural_log_tau2_direct_v1,provisional
main,550,76,0.38966679728403597,15.342192294388006,8.947918111879861,4.928499812951997,-9.467332828619957,10.24666642318803,cluster_plus_withinstudy,agreement_natural_log_tau2_direct_v1,provisional
main,551,76,-0.6500338769162335,16.45595964615033,11.552780265189865,5.292328401690526,-11.234690680297284,9.934622926464819,cluster_plus_withinstudy,agreement_natural_log_tau2_direct_v1,provisional
main,552,76,-0.6120410040527526,17.117189409751123,2.941636926096211,4.47870811014151,-9.569457224335773,8.345375216230268,cluster_plus_withinstudy,agreement_natural_log_tau2_direct_v1,provisional
main,553,76,0.04473678091630721,15.075426679712486,11.068298996375779,5.113093552448289,-10.18145032398027,10.270923885812886,cluster_plus_withinstudy,agreement_natural_log_tau2_direct_v1,provisional
main,554,76,-0.08610122418597115,18.036731640220523,8.59493797905714,5.160588107888254,-10.407277439962478,10.235074991590537,cluster_plus_withinstudy,agreement_natural_log_tau2_direct_v1,provisional
main,555,76,-0.40632796702113816,13.108072057728537,11.493244871064556,4.959971464513994,-10.326270896049126,9.51361496200685,cluster_plus_withinstudy,agreement_natural_log_tau2_direct_v1,provisional
main,556,76,0.058048233806875814,14.561403744258849,3.1456935488753586,4.20798019162807,-8.357912149449264,8.474008617063015,cluster_plus_withinstudy,agreement_natural_log_tau2_direct_v1,provisional
main,557,76,0.39230030001440624,18.045339743855887,11.639387397820581,5.448369218553059,-10.50443813709171,11.289038737120524,cluster_plus_withinstudy,agreement_natural_log_tau2_direct_v1,provisional
main,558,76,-0.4713528948331562,17.495107782246638,9.872168814128935,5.231374255047671,-10.934101404928498,9.991395615262185,cluster_plus_withinstudy,agreement_natural_log_tau2_direct_v1,provisional
main,559,76,-0.4453271593978821,12.85098660802969,13.844839037015591,5.1668003295119975,-10.778927818421877,9.888273499626113,cluster_plus_withinstudy,agreement_natural_log_tau2_direct_v1,provisional
main,560,76,-0.21566289555726786,14.861976038625713,10.477314313809748,5.033814691904685,-10.283292279366638,9.851966488252103,cluster_plus_withinstudy,agreement_natural_log_tau2_direct_v1,provisional
main,561,76,-0.12632841427592129,12.827556265342713,12.694952523032702,5.051980679731011,-10.230289773737944,9.977632945186102,cluster_plus_withinstudy,agreement_natural_log_tau2_direct_v1,provisional
main,562,76,-0.009026295380287328,15.341592397138491,9.227027413824905,4.956674269201416,-9.92237483378312,9.904322243022545,cluster_plus_withinstudy,agreement_natural_log_tau2_direct_v1,provisional
main,563,76,-0.8615519924011695,17.93079372896914,9.370448200168035,5.225059035947553,-11.311670064296276,9.588566079493937,cluster_plus_withinstudy,agreement_natural_log_tau2_direct_v1,provisional
main,564,76,0.10709257637120678,12.572427548674943,12.901713172634745,5.047191369594548,-9.987290162817889,10.201475315560302,cluster_plus_withinstudy,agreement_natural_log_tau2_direct_v1,provisional
main,565,76,-0.10976535474536679,13.375702497040637,8.020846135271666,4.625640348353112,-9.361046051451591,9.141515341960858,cluster_plus_withinstudy,agreement_natural_log_tau2_direct_v1,provisional
main,566,76,-0.2455424091390045,19.665354350592917,2.5943909643338454,4.718023454257806,-9.681589317654616,9.190504499376608,cluster_plus_withinstudy,agreement_natural_log_tau2_direct_v1,provisional
main,567,76,0.47965771041958594,22.660768634533827,12.74172475943439,5.949999444871253,-11.42034117932292,12.379656600162091,cluster_plus_withinstudy,agreement_natural_log_tau2_direct_v1,provisional
main,568,76,-0.3244135160595501,18.94079459777672,9.696823068992275,5.3514126795425705,-11.027238875144691,10.37841184302559,cluster_plus_withinstudy,agreement_natural_log_tau2_direct_v1,provisional
main,569,76,-0.5459082460263388,14.907739841050995,2.331981932207256,4.152074393993712,-8.850057034013764,7.758240541961086,cluster_plus_withinstudy,agreement_natural_log_tau2_direct_v1,provisional
main,570,76,-0.2588902201866229,15.810424671758243,3.2843574970329055,4.369757678497876,-8.998405577182377,8.48062513680913,cluster_plus_withinstudy,agreement_natural_log_tau2_direct_v1,provisional
main,571,76,0.1352491576945272,18.567275494374716,10.376945803561085,5.379983391975834,-10.62471762625714,10.895215941646196,cluster_plus_withinstudy,agreement_natural_log_tau2_direct_v1,provisional
main,572,76,-0.39010090063604386,16.7293702365415,9.236554823065235,5.09567709530409,-10.581455091244225,9.801253289972136,cluster_plus_withinstudy,agreement_natural_log_tau2_direct_v1,provisional
main,573,76,-0.15886342840852494,16.54214134008159,11.01555805686183,5.249542779799343,-10.657948988007211,10.340222131190162,cluster_plus_withinstudy,agreement_natural_log_tau2_direct_v1,provisional
main,574,76,-0.07469530868832602,17.02873311597571,11.74188621449696,5.363825065237743,-10.802345439163812,10.652954821787159,cluster_plus_withinstudy,agreement_natural_log_tau2_direct_v1,provisional
main,575,76,-0.5063555977773279,16.229459120462828,3.074426481959885,4.393618736579531,-9.293593070936389,8.280881875381734,cluster_plus_withinstudy,agreement_natural_log_tau2_direct_v1,provisional
main,576,76,0.07307367517863583,17.279447210121294,3.5506771825708077,4.56400311050421,-9.054932545829784,9.201079896187055,cluster_plus_withinstudy,agreement_natural_log_tau2_direct_v1,provisional
main,577,76,0.4002683563414406,14.125242775350133,12.666391144452978,5.1760635544594225,-9.951858752577404,10.752395465260285,cluster_plus_withinstudy,agreement_natural_log_tau2_direct_v1,provisional
main,578,76,-0.13882280553808551,14.996150189136817,8.573498534198498,4.854858259860458,-9.848539325259,9.57089371418283,cluster_plus_withinstudy,agreement_natural_log_tau2_direct_v1,provisional
main,579,76,-0.3417049574683033,19.3105949918886,2.2605066147407853,4.644470002769895,-9.630644963008093,8.947235048071486,cluster_plus_withinstudy,agreement_natural_log_tau2_direct_v1,provisional
main,580,76,-0.05118283425453798,12.465262750068414,7.529289279681827,4.471526811923444,-8.994236458101426,8.89187078959235,cluster_plus_withinstudy,agreement_natural_log_tau2_direct_v1,provisional
main,581,76,-0.26780596470213064,18.79520177512395,12.374990111759745,5.5830271257520945,-11.43386021620632,10.898248286802058,cluster_plus_withinstudy,agreement_natural_log_tau2_direct_v1,provisional
main,582,76,-0.4929713799406789,17.47910065110701,3.267160740437793,4.554806405495715,-9.60258419093211,8.616641431050752,cluster_plus_withinstudy,agreement_natural_log_tau2_direct_v1,provisional
main,583,76,0.12799649166541893,13.434863162016008,15.589306603202733,5.387408446110127,-10.646820400554835,10.902813383885674,cluster_plus_withinstudy,agreement_natural_log_tau2_direct_v1,provisional
main,584,76,-0.027453473683335866,12.986932776367066,12.885658987447304,5.086510765133046,-10.200475003949428,10.145568056582757,cluster_plus_withinstudy,agreement_natural_log_tau2_direct_v1,provisional
main,585,76,-0.30338862738787004,14.580461273762467,2.954947285067121,4.187530126319044,-8.678448880025957,8.071671625250218,cluster_plus_withinstudy,agreement_natural_log_tau2_direct_v1,provisional
main,586,76,-0.7192182331608961,16.81961352620607,3.0943728210823034,4.462508974477068,-9.644236182115032,8.205799715793239,cluster_plus_withinstudy,agreement_natural_log_tau2_direct_v1,provisional
main,587,76,-0.0918194826616796,20.620066917344488,9.356925101793,5.475124840507062,-11.042069163675803,10.858430198352446,cluster_plus_withinstudy,agreement_natural_log_tau2_direct_v1,provisional
main,588,76,-0.039454065476187225,20.109642929986457,9.811163106817808,5.469991411035695,-10.979436887547577,10.900528756595202,cluster_plus_withinstudy,agreement_natural_log_tau2_direct_v1,provisional
main,589,76,-0.33271352905497154,18.485139783795134,3.617480655354637,4.701342408201063,-9.735398345457098,9.069971287347153,cluster_plus_withinstudy,agreement_natural_log_tau2_direct_v1,provisional
main,590,76,-0.19363291480708042,16.269197292425993,3.321587330718928,4.426147831144473,-9.045928577096026,8.658662747481864,cluster_plus_withinstudy,agreement_natural_log_tau2_direct_v1,provisional
main,591,76,-0.4380371994313013,14.4316326502491,6.696104063285351,4.596491783255405,-9.631020765942111,8.754946367079508,cluster_plus_withinstudy,agreement_natural_log_tau2_direct_v1,provisional
main,592,76,-0.07494133558943378,17.123180750658275,2.093791569468703,4.383716724439089,-8.842374784467612,8.692492113288743,cluster_plus_withinstudy,agreement_natural_log_tau2_direct_v1,provisional
main,593,76,0.19530807487241475,18.448795505513825,9.853320546320685,5.319973313075406,-10.444638551278397,10.835254701023226,cluster_plus_withinstudy,agreement_natural_log_tau2_direct_v1,provisional
main,594,76,-0.012756135516707614,18.044157370112618,3.180261703892397,4.606996752115744,-9.226749639748196,9.201237368714782,cluster_plus_withinstudy,agreement_natural_log_tau2_direct_v1,provisional
main,595,76,0.4009603176345644,17.350285699670543,11.94827989801629,5.4128149421245535,-10.424669566614543,11.22659020188367,cluster_plus_withinstudy,agreement_natural_log_tau2_direct_v1,provisional
main,596,76,-0.3225427395710028,15.63179568728985,11.537803845795146,5.212446597624286,-10.747435934819574,10.10235045567757,cluster_plus_withinstudy,agreement_natural_log_tau2_direct_v1,provisional
main,597,76,0.03640036459164688,16.128206385330014,10.147102885178105,5.125944719806108,-10.21548907502057,10.288289804203862,cluster_plus_withinstudy,agreement_natural_log_tau2_direct_v1,provisional
main,598,76,0.007202778888474932,19.710775431636282,3.2711574072541127,4.793947521499416,-9.580692264110358,9.595097821887308,cluster_plus_withinstudy,agreement_natural_log_tau2_direct_v1,provisional
main,599,76,-0.07708775037527245,18.76696371702786,8.626005924918763,5.233829347805163,-10.544746445985599,10.390570945235055,cluster_plus_withinstudy,agreement_natural_log_tau2_direct_v1,provisional
main,600,76,-0.23999976384528576,13.651676905459391,8.196096476425156,4.6741601793139855,-9.588320122473256,9.108320594782686,cluster_plus_withinstudy,agreement_natural_log_tau2_direct_v1,provisional
main,601,76,-0.718450349554349,17.4106092656031,2.3207347049922387,4.441997745451403,-9.602445840457154,8.165545141348456,cluster_plus_withinstudy,agreement_natural_log_tau2_direct_v1,provisional
main,602,76,0.252237221025194,15.26730536384953,10.058182579550124,5.032443536036908,-9.812649851048622,10.31712429309901,cluster_plus_withinstudy,agreement_natural_log_tau2_direct_v1,provisional
main,603,76,0.4819994882199015,16.705056180955836,11.080230835676119,5.27117510775652,-10.060350727293137,11.024349703732941,cluster_plus_withinstudy,agreement_natural_log_tau2_direct_v1,provisional
main,604,76,0.03332245710929945,17.062547782925225,10.021841821790625,5.204266480947709,-10.375210504786118,10.441855419004717,cluster_plus_withinstudy,agreement_natural_log_tau2_direct_v1,provisional
main,605,76,-0.05081727785299148,22.316057184584224,10.292999726566654,5.710434038770686,-11.471685355394362,11.37005079968838,cluster_plus_withinstudy,agreement_natural_log_tau2_direct_v1,provisional
main,606,76,0.20588078935514917,16.33634456781797,12.191073318484491,5.341106429037196,-10.476332068719243,10.88809364742954,cluster_plus_withinstudy,agreement_natural_log_tau2_direct_v1,provisional
main,607,76,0.5017135850638091,15.818519184915338,9.572568694707241,5.03895702299817,-9.576200460932531,10.57962763106015,cluster_plus_withinstudy,agreement_natural_log_tau2_direct_v1,provisional
main,608,76,-0.17835693606532357,16.718944677500428,3.4752439695588957,4.493794459814481,-9.165945855694286,8.809231983563638,cluster_plus_withinstudy,agreement_natural_log_tau2_direct_v1,provisional
main,609,76,-0.3662815586522139,15.936178840531523,10.430928668315495,5.1348911876345555,-10.636063933921324,9.903500816616898,cluster_plus_withinstudy,agreement_natural_log_tau2_direct_v1,provisional
main,610,76,0.1635588969619795,12.538461623826175,7.988384786709153,4.53065628916334,-8.8977536813647,9.22487147528866,cluster_plus_withinstudy,agreement_natural_log_tau2_direct_v1,provisional
main,611,76,0.26020452820482387,19.29999221531518,9.444235691027442,5.361364369854247,-10.46252421150367,10.982933267913317,cluster_plus_withinstudy,agreement_natural_log_tau2_direct_v1,provisional
main,612,76,-0.0624661677303079,18.50268255768707,3.9308702087506613,4.736407158008878,-9.535280483748064,9.410348148287447,cluster_plus_withinstudy,agreement_natural_log_tau2_direct_v1,provisional
main,613,76,-0.6686830480739685,18.657916688956913,2.147398564639843,4.561284386397844,-9.791251820869658,8.453885724721719,cluster_plus_withinstudy,agreement_natural_log_tau2_direct_v1,provisional
main,614,76,0.18741988144288949,11.286501922304646,11.502957209327713,4.773830655944171,-9.360241430445454,9.735081193331231,cluster_plus_withinstudy,agreement_natural_log_tau2_direct_v1,provisional
main,615,76,0.1427532268012418,14.91323113981216,7.635549079796484,4.748555592978632,-9.354357959156022,9.639864412758506,cluster_plus_withinstudy,agreement_natural_log_tau2_direct_v1,provisional
main,616,76,-0.2901532480747013,17.834294229308284,3.857419687995783,4.657436410441271,-9.605026068957242,9.024719572807841,cluster_plus_withinstudy,agreement_natural_log_tau2_direct_v1,provisional
main,617,76,-0.14074980380023328,16.681001250617634,6.958044205973928,4.862000149793453,-9.86475010338714,9.583250495786674,cluster_plus_withinstudy,agreement_natural_log_tau2_direct_v1,provisional
main,618,76,-0.24219382229293043,15.810932802991266,3.4718305468762787,4.391214336589315,-9.024622495471561,8.5402348508857,cluster_plus_withinstudy,agreement_natural_log_tau2_direct_v1,provisional
main,619,76,0.01110336395291501,16.578477216789466,8.75261716243283,5.0330005343951925,-10.05489770483747,10.0771044327433,cluster_plus_withinstudy,agreement_natural_log_tau2_direct_v1,provisional
main,620,76,-0.160540617589274,13.862100011799829,11.33058403775986,5.019231420203663,-10.1990034579966,9.877922222818054,cluster_plus_withinstudy,agreement_natural_log_tau2_direct_v1,provisional
main,621,76,-0.04643391744799337,16.138133924785503,3.3269681674306484,4.411927253731203,-8.870288424910399,8.777420590014412,cluster_plus_withinstudy,agreement_natural_log_tau2_direct_v1,provisional
main,622,76,0.197464505920588,17.368582486054862,3.373914915742335,4.55439319797898,-8.911321890037373,9.306250901878547,cluster_plus_withinstudy,agreement_natural_log_tau2_direct_v1,provisional
main,623,76,0.04004737138399035,17.858107373881523,9.495041439131102,5.230023787040803,-10.420000202697617,10.500094945465596,cluster_plus_withinstudy,agreement_natural_log_tau2_direct_v1,provisional
main,624,76,-0.6183591838023201,16.645027930689864,2.7591785294974343,4.405020597021914,-9.428400377846149,8.191682010241507,cluster_plus_withinstudy,agreement_natural_log_tau2_direct_v1,provisional
main,625,76,0.44017473039002886,15.927281140063132,11.910106067324689,5.276114783378753,-10.112054836367477,10.992404297147534,cluster_plus_withinstudy,agreement_natural_log_tau2_direct_v1,provisional
main,626,76,-0.6759003663097831,16.999006810632533,3.9775388680425467,4.580015903757877,-9.835932173825537,8.484131441205971,cluster_plus_withinstudy,agreement_natural_log_tau2_direct_v1,provisional
main,627,76,0.20191844230275877,15.051255967940463,8.38983366775079,4.841599904545114,-9.481281366787469,9.885118251392987,cluster_plus_withinstudy,agreement_natural_log_tau2_direct_v1,provisional
main,628,76,-0.4224245391242031,15.110152591993458,2.8161558216098728,4.233947143458847,-8.890318826041897,8.045469747793492,cluster_plus_withinstudy,agreement_natural_log_tau2_direct_v1,provisional
main,629,76,-0.29033032312406626,17.997034134903327,10.673643169901236,5.3545006587733806,-10.999331640670828,10.418670994422694,cluster_plus_withinstudy,agreement_natural_log_tau2_direct_v1,provisional
main,630,76,0.23742654131926239,15.265176396697447,13.806930963117182,5.391855650869618,-10.546284760419974,11.021137843058499,cluster_plus_withinstudy,agreement_natural_log_tau2_direct_v1,provisional
main,631,76,-0.4662628317138981,14.93801642612193,14.149056430918803,5.393243259583303,-11.252749350880505,10.320223687452708,cluster_plus_withinstudy,agreement_natural_log_tau2_direct_v1,provisional
main,632,76,0.3630804265793327,16.130681705235936,4.325015984115507,4.522797551223296,-8.68251467586726,9.408675529025924,cluster_plus_withinstudy,agreement_natural_log_tau2_direct_v1,provisional
main,633,76,0.011457022836868284,16.79810829325556,2.9129112777344406,4.439709401637679,-8.86796178043849,8.890875826112227,cluster_plus_withinstudy,agreement_natural_log_tau2_direct_v1,provisional
main,634,76,-0.7082263369653559,17.83958303774571,3.471614881029629,4.6164053026976895,-9.941036942360736,8.524584268430022,cluster_plus_withinstudy,agreement_natural_log_tau2_direct_v1,provisional
main,635,76,-0.5954052613252662,13.48466353239188,3.2834302096491927,4.0948862917108055,-8.785177844746878,7.594367322096345,cluster_plus_withinstudy,agreement_natural_log_tau2_direct_v1,provisional
main,636,76,0.04451099347183721,15.52202199932807,3.6056659966903104,4.373521235345541,-8.702531477219244,8.791553464162918,cluster_plus_withinstudy,agreement_natural_log_tau2_direct_v1,provisional
main,637,76,-0.29575728389283357,15.185693588697648,10.601949773666533,5.078153538675665,-10.452064361244163,9.860549793458498,cluster_plus_withinstudy,agreement_natural_log_tau2_direct_v1,provisional
main,638,76,0.21122451960246846,19.03163550952424,3.555449303070094,4.752587170436154,-9.29394982126984,9.716398860474778,cluster_plus_withinstudy,agreement_natural_log_tau2_direct_v1,provisional
main,639,76,-0.596741902589069,16.12241253837001,10.26492362604165,5.136860535814814,-10.870462974218697,9.67697916904056,cluster_plus_withinstudy,agreement_natural_log_tau2_direct_v1,provisional
main,640,76,-0.08030719356613106,18.931896970358302,3.392450585618846,4.724864818804571,-9.530036831175273,9.36942244404301,cluster_plus_withinstudy,agreement_natural_log_tau2_direct_v1,provisional
main,641,76,0.14474275402522668,18.225160478366046,2.8571893408523983,4.591552005500803,-9.038361256976378,9.327846765026832,cluster_plus_withinstudy,agreement_natural_log_tau2_direct_v1,provisional
main,642,76,0.11652112936513648,17.06970157487793,11.662286583761317,5.360222771363075,-10.603924413361014,10.836966672091286,cluster_plus_withinstudy,agreement_natural_log_tau2_direct_v1,provisional
main,643,76,-0.22872280517776178,13.907096746899501,15.383364585417004,5.412066271981201,-11.052855349140165,10.59540973878464,cluster_plus_withinstudy,agreement_natural_log_tau2_direct_v1,provisional
main,644,76,-0.5370967607930462,16.200940170619354,8.562579396431568,4.976295767641924,-10.489688296076894,9.415494774490801,cluster_plus_withinstudy,agreement_natural_log_tau2_direct_v1,provisional
main,645,76,-0.1897531326731485,18.84206754571066,3.057390861554777,4.679685716719172,-9.549124566111493,9.169618300765196,cluster_plus_withinstudy,agreement_natural_log_tau2_direct_v1,provisional
main,646,76,-0.8252761532429044,14.966846654605515,9.85264902614307,4.98191686810896,-10.789109889460825,9.138557582975015,cluster_plus_withinstudy,agreement_natural_log_tau2_direct_v1,provisional
main,647,76,0.25700794497920565,14.000900033189588,9.17489269838876,4.814124295401849,-9.371240645824493,9.885256535782904,cluster_plus_withinstudy,agreement_natural_log_tau2_direct_v1,provisional
main,648,76,-0.41190626501454697,16.400044352128802,11.942058416982336,5.323730155549879,-11.059366576114305,10.23555404608521,cluster_plus_withinstudy,agreement_natural_log_tau2_direct_v1,provisional
main,649,76,0.21251641641815405,16.507433966608684,2.8637619041215725,4.401272074154273,-8.590027731890391,9.0150605647267,cluster_plus_withinstudy,agreement_natural_log_tau2_direct_v1,provisional
main,650,76,-0.13531775072168492,19.209986906448083,4.007766180229274,4.818480371100142,-9.772278492921968,9.5016429914786,cluster_plus_withinstudy,agreement_natural_log_tau2_direct_v1,provisional
main,651,76,-0.38240486686657243,14.395477877263094,1.9135480144291028,4.038443498638083,-8.459291864142738,7.694482130409593,cluster_plus_withinstudy,agreement_natural_log_tau2_direct_v1,provisional
main,652,76,-0.4066014363918118,12.723815045694552,8.385034988831567,4.594436857170432,-9.595475150732677,8.782272277949053,cluster_plus_withinstudy,agreement_natural_log_tau2_direct_v1,provisional
main,653,76,-0.12220346058670704,14.821155894713327,6.286797539564172,4.594339281580922,-9.310882023748551,9.066475102575136,cluster_plus_withinstudy,agreement_natural_log_tau2_direct_v1,provisional
main,654,76,-0.379839026392413,18.84018122524176,4.518754458033372,4.833108283835066,-10.046055594062544,9.28637754127772,cluster_plus_withinstudy,agreement_natural_log_tau2_direct_v1,provisional
main,655,76,-0.6793507447174886,20.767036038955844,2.822833690524199,4.856940367091204,-10.393231478899898,9.03452998946492,cluster_plus_withinstudy,agreement_natural_log_tau2_direct_v1,provisional
main,656,76,0.061875759522671894,16.27333209334157,3.3325946978230214,4.427858036473684,-8.793840313424697,8.91759183247004,cluster_plus_withinstudy,agreement_natural_log_tau2_direct_v1,provisional
main,657,76,0.4294036585991347,16.996237235256107,8.407706899926342,5.040232547728571,-9.651061436858008,10.509868754056278,cluster_plus_withinstudy,agreement_natural_log_tau2_direct_v1,provisional
main,658,76,-0.15461265587737605,16.97591327605245,10.073686526004561,5.200922975978111,-10.556458607833598,10.247233296078846,cluster_plus_withinstudy,agreement_natural_log_tau2_direct_v1,provisional
main,659,76,-0.34014708017296474,15.130204576436766,3.6487455779373694,4.33346860544462,-9.007084291062204,8.326790130716274,cluster_plus_withinstudy,agreement_natural_log_tau2_direct_v1,provisional
main,660,76,-0.42770878412745705,18.088709788914898,11.3443469462062,5.425224118423229,-11.278157020973914,10.422739452719,cluster_plus_withinstudy,agreement_natural_log_tau2_direct_v1,provisional
main,661,76,-0.21521542369151372,14.191545177308202,3.427115645816022,4.197458853059101,-8.610133129809716,8.179702282426687,cluster_plus_withinstudy,agreement_natural_log_tau2_direct_v1,provisional
main,662,76,0.4355775982276787,10.834839246649265,12.27844531746132,4.807627748080189,-9.179677897932699,10.050833094388057,cluster_plus_withinstudy,agreement_natural_log_tau2_direct_v1,provisional
main,663,76,-0.2666408230194812,25.633763167706242,3.6740224477813768,5.413666559318889,-11.093973941657259,10.560692295618297,cluster_plus_withinstudy,agreement_natural_log_tau2_direct_v1,provisional
main,664,76,0.02495951076129083,14.30620179600226,9.808201232920922,4.910641814358199,-9.796324117955107,9.846243139477687,cluster_plus_withinstudy,agreement_natural_log_tau2_direct_v1,provisional
main,665,76,-0.45771336396663426,13.378456899654077,9.785807691230382,4.812926821683917,-10.08356700733447,9.1681402794012,cluster_plus_withinstudy,agreement_natural_log_tau2_direct_v1,provisional
main,666,76,-0.3112601447147956,16.33686391017989,3.130463094153372,4.412179393942778,-9.135618932600352,8.51309864317076,cluster_plus_withinstudy,agreement_natural_log_tau2_direct_v1,provisional
main,667,76,0.16970637717600706,18.767857304109796,10.92335510958879,5.448964343221434,-10.72822230926686,11.067635063618875,cluster_plus_withinstudy,agreement_natural_log_tau2_direct_v1,provisional
main,668,76,-0.1406639158254094,16.364561480781006,3.859337146554879,4.49709891233625,-9.13486174049791,8.85353390884709,cluster_plus_withinstudy,agreement_natural_log_tau2_direct_v1,provisional
main,669,76,-0.040594617680546376,17.169123787212165,11.916929343251914,5.393148721337479,-10.826892060355505,10.74570282499441,cluster_plus_withinstudy,agreement_natural_log_tau2_direct_v1,provisional
main,670,76,-0.397143336207693,15.995815991003147,8.80160787277807,4.979701182177624,-10.35654570056294,9.562259028147555,cluster_plus_withinstudy,agreement_natural_log_tau2_direct_v1,provisional
main,671,76,-0.48316206929469513,15.3144919865053,2.4499603105716616,4.21478970970996,-8.912741488714614,7.946417350125224,cluster_plus_withinstudy,agreement_natural_log_tau2_direct_v1,provisional
main,672,76,-0.14703167022795563,19.685200142028425,11.703199011671197,5.602535064923702,-11.352101800075358,11.058038459619448,cluster_plus_withinstudy,agreement_natural_log_tau2_direct_v1,provisional
main,673,76,0.05199721795994362,17.329867493307745,9.023338892276376,5.133537414452546,-10.215077610945148,10.319072046865035,cluster_plus_withinstudy,agreement_natural_log_tau2_direct_v1,provisional
main,674,76,-0.5620800490944704,17.846399699290597,2.6580919919969825,4.528188566224642,-9.618457181543755,8.494297083354814,cluster_plus_withinstudy,agreement_natural_log_tau2_direct_v1,provisional
main,675,76,0.05957255158709953,15.471206811920219,8.982295820355937,4.945048294230922,-9.830524036874746,9.949669140048943,cluster_plus_withinstudy,agreement_natural_log_tau2_direct_v1,provisional
main,676,76,-0.16667600774269736,15.920958177165263,8.753011715759078,4.967289994848734,-10.101255997440166,9.76790398195477,cluster_plus_withinstudy,agreement_natural_log_tau2_direct_v1,provisional
main,677,76,0.11188961214587236,17.590183320275866,11.117670363608784,5.357971041717625,-10.604052471289377,10.827831695581123,cluster_plus_withinstudy,agreement_natural_log_tau2_direct_v1,provisional
main,678,76,-0.09856078893013011,18.523695912195905,9.114549802498155,5.257208928195079,-10.61297864532029,10.415857067460028,cluster_plus_withinstudy,agreement_natural_log_tau2_direct_v1,provisional
main,679,76,-0.12951928235875024,16.43404089674304,8.419467739165094,4.9853293407665795,-10.100177963891909,9.84113939917441,cluster_plus_withinstudy,agreement_natural_log_tau2_direct_v1,provisional
main,680,76,0.03609283110875397,14.327457726049794,9.629006826937598,4.894534150763215,-9.752975470417677,9.825161132635184,cluster_plus_withinstudy,agreement_natural_log_tau2_direct_v1,provisional
main,681,76,-0.040490599541471425,17.9992000921393,2.866209132065529,4.567867032237785,-9.17622466401704,9.095243464934098,cluster_plus_withinstudy,agreement_natural_log_tau2_direct_v1,provisional
main,682,76,-0.1405734098470899,19.120258446102426,10.163011774778518,5.411401872055054,-10.963377153957197,10.682230334263018,cluster_plus_withinstudy,agreement_natural_log_tau2_direct_v1,provisional
main,683,76,-0.43724169304746263,16.041582142106087,2.3190487257116033,4.284930672463405,-9.007103037974273,8.132619651879347,cluster_plus_withinstudy,agreement_natural_log_tau2_direct_v1,provisional
main,684,76,-0.3616361942329699,18.45384185224895,5.288881430525478,4.872650539775496,-10.106937273783961,9.383664885318021,cluster_plus_withinstudy,agreement_natural_log_tau2_direct_v1,provisional
main,685,76,-0.48197841772023753,17.336668552592798,2.4834593795612214,4.451980225939241,-9.38593886959872,8.421982034158246,cluster_plus_withinstudy,agreement_natural_log_tau2_direct_v1,provisional
main,686,76,-0.1383868900418557,17.257176663426446,11.19301122323048,5.333871753862941,-10.806130397767738,10.529356617684027,cluster_plus_withinstudy,agreement_natural_log_tau2_direct_v1,provisional
main,687,76,0.03531973386886006,14.735243844085753,12.404693158436903,5.209600464769123,-10.383881195669385,10.454520663407106,cluster_plus_withinstudy,agreement_natural_log_tau2_direct_v1,provisional
main,688,76,-0.46298482065623586,15.77114121755599,3.3551783023316477,4.373364782394402,-9.20971438544504,8.28374474413257,cluster_plus_withinstudy,agreement_natural_log_tau2_direct_v1,provisional
main,689,76,-0.33811060266490495,14.319652346263902,12.364335772744516,5.165654665094098,-10.669419932853101,9.993198727523291,cluster_plus_withinstudy,agreement_natural_log_tau2_direct_v1,provisional
main,690,76,-0.2955548236934975,15.97781797714235,12.32935846030568,5.32044889435544,-10.936452612404377,10.345342965017384,cluster_plus_withinstudy,agreement_natural_log_tau2_direct_v1,provisional
main,691,76,-0.27917702533212446,18.458981950734458,11.184373309938586,5.444571173258097,-11.168319371848318,10.609965321184069,cluster_plus_withinstudy,agreement_natural_log_tau2_direct_v1,provisional
main,692,76,-0.36706272849698307,13.493132480273534,10.851095479212365,4.933987024657229,-10.235036777811441,9.500911320817476,cluster_plus_withinstudy,agreement_natural_log_tau2_direct_v1,provisional
main,693,76,-0.604953517557567,16.71859207777681,3.7734701194439517,4.526815900522216,-9.658585318601999,8.448678283486865,cluster_plus_withinstudy,agreement_natural_log_tau2_direct_v1,provisional
main,694,76,0.5881984092817208,16.781097169834972,3.371323658904562,4.489144776985872,-8.390091144690022,9.566487963253465,cluster_plus_withinstudy,agreement_natural_log_tau2_direct_v1,provisional
main,695,76,-0.31326835270353304,19.199092285129428,4.851447358996892,4.904134953702469,-10.121538260108471,9.495001554701405,cluster_plus_withinstudy,agreement_natural_log_tau2_direct_v1,provisional
main,696,76,-0.4893880444269544,17.503738591430235,2.26914222969885,4.4466707569966415,-9.382729558420237,8.403953469566328,cluster_plus_withinstudy,agreement_natural_log_tau2_direct_v1,provisional
main,697,76,-0.24639844343252484,13.707839966231663,9.111623830673796,4.776972241588332,-9.80034292660919,9.307546039744139,cluster_plus_withinstudy,agreement_natural_log_tau2_direct_v1,provisional
main,698,76,-0.45046254801334923,16.294722376157452,2.872704618630148,4.378062013584047,-9.206586575181442,8.305661479154745,cluster_plus_withinstudy,agreement_natural_log_tau2_direct_v1,provisional
main,699,76,-0.3286752513011015,18.04417757625413,2.619033680272386,4.545680505328824,-9.42003626195875,8.762685759356547,cluster_plus_withinstudy,agreement_natural_log_tau2_direct_v1,provisional
main,700,76,0.16666507388888582,17.085433459324637,12.89023908411453,5.475004341864869,-10.783343609840852,11.116673757618624,cluster_plus_withinstudy,agreement_natural_log_tau2_direct_v1,provisional
main,701,76,-0.39584074075663056,16.905783005219494,10.205185341197078,5.206819407893515,-10.80947955654366,10.017798075030399,cluster_plus_withinstudy,agreement_natural_log_tau2_direct_v1,provisional
main,702,76,-0.3638054255904683,14.746791267842635,9.233798588308588,4.896998045348928,-10.157801516288325,9.430190665107387,cluster_plus_withinstudy,agreement_natural_log_tau2_direct_v1,provisional
main,703,76,-0.4499307382577621,19.257109214901103,4.057543154332521,4.828524864721484,-10.10698046770073,9.207118991185204,cluster_plus_withinstudy,agreement_natural_log_tau2_direct_v1,provisional
main,704,76,-0.55177665988563,17.363006201692325,11.55133179097507,5.377205407334501,-11.306187474554633,10.202634154783372,cluster_plus_withinstudy,agreement_natural_log_tau2_direct_v1,provisional
main,705,76,-0.7378177157753786,17.279562795865658,1.6398427798181199,4.349644304501665,-9.437106324778709,7.961470893227952,cluster_plus_withinstudy,agreement_natural_log_tau2_direct_v1,provisional
main,706,76,-0.2545626438086416,14.32374149586563,11.46727727657589,5.07848587400236,-10.411534391813362,9.902409104196078,cluster_plus_withinstudy,agreement_natural_log_tau2_direct_v1,provisional
main,707,76,-0.09830552409829774,13.50149702971511,11.087524937762485,4.958731891066263,-10.015769306230823,9.819158258034228,cluster_plus_withinstudy,agreement_natural_log_tau2_direct_v1,provisional
main,708,76,-0.7975730674371819,16.608664850565912,10.977581036049182,5.252261026131041,-11.302095119699263,9.706948984824901,cluster_plus_withinstudy,agreement_natural_log_tau2_direct_v1,provisional
main,709,76,0.1609037792790771,17.85884264126551,12.465572533696427,5.506760860520632,-10.852617941762187,11.174425500320343,cluster_plus_withinstudy,agreement_natural_log_tau2_direct_v1,provisional
main,710,76,-0.6561525138072505,17.783510401252236,3.790313596837252,4.644763072330976,-9.945678658469202,8.633373630854702,cluster_plus_withinstudy,agreement_natural_log_tau2_direct_v1,provisional
main,711,76,0.19020384301534154,14.215311045299767,11.361912118504337,5.05739292163503,-9.924582000254718,10.304989686285401,cluster_plus_withinstudy,agreement_natural_log_tau2_direct_v1,provisional
main,712,76,-0.1862450273309716,15.00206321569222,7.929029755100288,4.788642080046546,-9.763529187424062,9.39103913276212,cluster_plus_withinstudy,agreement_natural_log_tau2_direct_v1,provisional
main,713,76,-0.5520030074673634,16.42389371165904,1.8633240136199871,4.276355659352836,-9.104714326173035,8.00070831123831,cluster_plus_withinstudy,agreement_natural_log_tau2_direct_v1,provisional
main,714,76,-0.2264916205692285,17.037476075628856,10.93458925420452,5.288862385223629,-10.804216391016487,10.351233149878029,cluster_plus_withinstudy,agreement_natural_log_tau2_direct_v1,provisional
main,715,76,-0.9328146379621615,14.588539447191643,3.410387772592119,4.242514256874544,-9.41784315171125,7.552213875786926,cluster_plus_withinstudy,agreement_natural_log_tau2_direct_v1,provisional
main,716,76,0.035374649801553124,18.49896598162089,10.30332445930493,5.366776540990488,-10.698178432179422,10.76892773178253,cluster_plus_withinstudy,agreement_natural_log_tau2_direct_v1,provisional
main,717,76,0.24458878975941714,20.454294170224603,9.121398691741366,5.438353874286407,-10.632118958813397,11.121296538332231,cluster_plus_withinstudy,agreement_natural_log_tau2_direct_v1,provisional
main,718,76,-0.30883513083089137,18.954183051230437,4.207592818819473,4.812668269271207,-9.934171669373304,9.316501407711522,cluster_plus_withinstudy,agreement_natural_log_tau2_direct_v1,provisional
main,719,76,-0.37668014363014174,20.07676299320545,12.124262006835677,5.6745946991869936,-11.725869542004128,10.972509254743846,cluster_plus_withinstudy,agreement_natural_log_tau2_direct_v1,provisional
main,720,76,-0.047301338240822145,16.410047719772614,4.282494116257366,4.548905564641894,-9.14511246752461,9.050509791042964,cluster_plus_withinstudy,agreement_natural_log_tau2_direct_v1,provisional
main,721,76,0.03936822710146501,14.082516590132615,8.628419859607993,4.76559927498532,-9.491830322869175,9.570566777072104,cluster_plus_withinstudy,agreement_natural_log_tau2_direct_v1,provisional
main,722,76,0.03282941209937919,19.54200000147491,12.595457277046636,5.668990851864337,-11.305152291629295,11.370811115828054,cluster_plus_withinstudy,agreement_natural_log_tau2_direct_v1,provisional
main,723,76,0.3755854964541368,16.676830109786252,2.432906888014891,4.371468517306415,-8.367351538158692,9.118522531066967,cluster_plus_withinstudy,agreement_natural_log_tau2_direct_v1,provisional
main,724,76,0.21571944348392702,17.017892375294768,9.686305389113608,5.167610450141185,-10.119501456798442,10.550940343766296,cluster_plus_withinstudy,agreement_natural_log_tau2_direct_v1,provisional
main,725,76,0.01854376073819144,17.024479937050724,11.357503222910166,5.327474369714123,-10.636404978690054,10.673492500166438,cluster_plus_withinstudy,agreement_natural_log_tau2_direct_v1,provisional
main,726,76,-0.2920182931046418,14.82570914579855,8.233797090922433,4.802031469776201,-9.896081232657044,9.312044646447761,cluster_plus_withinstudy,agreement_natural_log_tau2_direct_v1,provisional
main,727,76,0.2786510090078309,16.515514245902427,13.403761428615727,5.469851522163847,-10.661052035319862,11.218354053335524,cluster_plus_withinstudy,agreement_natural_log_tau2_direct_v1,provisional
main,728,76,-0.1019448692288796,19.945906191637807,11.091041696903293,5.571081393099647,-11.244107655428174,11.040217916970413,cluster_plus_withinstudy,agreement_natural_log_tau2_direct_v1,provisional
main,729,76,-0.6416928772123892,13.988734442778831,9.451306201010015,4.841491572210867,-10.324676021634122,9.041290267209344,cluster_plus_withinstudy,agreement_natural_log_tau2_direct_v1,provisional
main,730,76,0.09500395970870755,16.074356554229542,9.428203442538138,5.050005940270534,-10.00500792083236,10.195015840249775,cluster_plus_withinstudy,agreement_natural_log_tau2_direct_v1,provisional
main,731,76,-0.2752924096327538,14.750170739684307,4.209547024986977,4.354275802549866,-8.983844014732487,8.433259195466977,cluster_plus_withinstudy,agreement_natural_log_tau2_direct_v1,provisional
main,732,76,-0.17211435073398917,15.422790970174713,7.7842053302148155,4.8173640406751,-9.80684243208419,9.46261373061621,cluster_plus_withinstudy,agreement_natural_log_tau2_direct_v1,provisional
main,733,76,0.4758244617064081,10.759812351582905,11.621544994138473,4.730893926703639,-8.98596339170087,9.937612315113686,cluster_plus_withinstudy,agreement_natural_log_tau2_direct_v1,provisional
main,734,76,-0.3785440316588047,15.282062003160926,10.04833278510215,5.032931033529376,-10.444406098717558,9.687318035399947,cluster_plus_withinstudy,agreement_natural_log_tau2_direct_v1,provisional
main,735,76,-0.128403123301141,20.978812459417792,2.1986170829183185,4.814294293282881,-9.756991709866902,9.500185463264621,cluster_plus_withinstudy,agreement_natural_log_tau2_direct_v1,provisional
main,736,76,0.6064020178222344,13.047892854273966,9.322496505580354,4.729734597189817,-8.853067176557401,10.065871212201868,cluster_plus_withinstudy,agreement_natural_log_tau2_direct_v1,provisional
main,737,76,-0.6428390145991578,18.21121799008031,4.291028284757711,4.743653262501173,-10.130145539601504,8.844467510403188,cluster_plus_withinstudy,agreement_natural_log_tau2_direct_v1,provisional
main,738,76,-0.14957115315496566,14.14260581908311,14.097650344751447,5.314156204312643,-10.777883561780252,10.47874125547032,cluster_plus_withinstudy,agreement_natural_log_tau2_direct_v1,provisional
main,739,76,0.06697774959490092,15.285278939147306,8.1845693559622,4.8445689483285825,-9.622160147062264,9.756115646252066,cluster_plus_withinstudy,agreement_natural_log_tau2_direct_v1,provisional
main,740,76,0.0819512309016845,19.315508953920165,11.439673344177768,5.545735505602295,-11.009519780302906,11.173422242106273,cluster_plus_withinstudy,agreement_natural_log_tau2_direct_v1,provisional
main,741,76,-0.126986118173868,15.78565343623255,2.2976253430964224,4.252443859632831,-8.63187383743953,8.377901601091795,cluster_plus_withinstudy,agreement_natural_log_tau2_direct_v1,provisional
main,742,76,-0.3185034034441335,14.340269709124252,11.302043237826263,5.063823945098261,-10.446151293640655,9.80914448675239,cluster_plus_withinstudy,agreement_natural_log_tau2_direct_v1,provisional
main,743,76,-0.08164204069817886,15.015076922019194,11.516675005909953,5.150898167109222,-10.383438374916624,10.220154293520265,cluster_plus_withinstudy,agreement_natural_log_tau2_direct_v1,provisional
main,744,76,0.2131444518612185,16.42938381422655,11.898714976001429,5.322414751804671,-10.431685051748124,10.85797395547056,cluster_plus_withinstudy,agreement_natural_log_tau2_direct_v1,provisional
main,745,76,-0.024351679300451092,19.429734729864673,12.088893893643236,5.6141454045569485,-11.252642488414349,11.203939129813445,cluster_plus_withinstudy,agreement_natural_log_tau2_direct_v1,provisional
main,746,76,-0.5659203545865235,17.17548998001005,9.111881703787336,5.1271211887176396,-10.820162732021803,9.688322022848755,cluster_plus_withinstudy,agreement_natural_log_tau2_direct_v1,provisional
main,747,76,-0.22655969776759746,20.15967276857283,3.8002500999305697,4.89488742143304,-10.016334540633679,9.563215145098482,cluster_plus_withinstudy,agreement_natural_log_tau2_direct_v1,provisional
main,748,76,-0.1216923069276151,18.02784007150928,2.8694536019546226,4.571355780669877,-9.264403868267369,9.021019254412138,cluster_plus_withinstudy,agreement_natural_log_tau2_direct_v1,provisional
main,749,76,-0.5688098680811077,17.11398775056316,4.064307714886622,4.6019882078781755,-9.772786283837458,8.635166547675244,cluster_plus_withinstudy,agreement_natural_log_tau2_direct_v1,provisional
main,750,76,-0.06636211894684572,16.29792794905258,12.68520326316087,5.38359835168017,-10.833558822307186,10.700834584413496,cluster_plus_withinstudy,agreement_natural_log_tau2_direct_v1,provisional
main,751,76,-0.5003652971810936,12.967289912290349,8.375751083800912,4.619852919313694,-9.740071135808483,8.739340541446294,cluster_plus_withinstudy,agreement_natural_log_tau2_direct_v1,provisional
main,752,76,-0.22552288094826475,21.126043653525183,3.7009283195499343,4.982667154554387,-10.19085719005704,9.73981142816051,cluster_plus_withinstudy,agreement_natural_log_tau2_direct_v1,provisional
main,753,76,0.11488588125598198,15.31712085123725,8.523108204476504,4.882645702456175,-9.650405523656369,9.880177286168331,cluster_plus_withinstudy,agreement_natural_log_tau2_direct_v1,provisional
main,754,76,-0.13368961806133794,16.677814454213884,9.85410330727393,5.150914264622137,-10.435518147305611,10.168138911182936,cluster_plus_withinstudy,agreement_natural_log_tau2_direct_v1,provisional
main,755,76,-0.15410102753728477,15.275637394279803,8.838929990342294,4.9106585489750865,-9.975418125487458,9.667216070412888,cluster_plus_withinstudy,agreement_natural_log_tau2_direct_v1,provisional
main,756,76,-0.49547334424782913,14.333271402217024,3.3250287812244017,4.202178028527757,-8.899829401303343,7.908882712807685,cluster_plus_withinstudy,agreement_natural_log_tau2_direct_v1,provisional
main,757,76,-0.14957085314929014,17.94043445438029,1.9121914320641804,4.455628562441496,-9.060827978032282,8.761686271733701,cluster_plus_withinstudy,agreement_natural_log_tau2_direct_v1,provisional
main,758,76,0.023881100898514737,17.12151790662466,4.030975603356682,4.599184004797084,-9.174486908695652,9.222249110492683,cluster_plus_withinstudy,agreement_natural_log_tau2_direct_v1,provisional
main,759,76,-0.47290015600940216,13.350414643263827,9.365791164800404,4.7661520966146504,-10.005204349238703,9.059404037219899,cluster_plus_withinstudy,agreement_natural_log_tau2_direct_v1,provisional
main,760,76,-0.15510588846893045,20.663987997943245,4.825663043176131,5.048727665572721,-10.252561219614373,9.94234944267651,cluster_plus_withinstudy,agreement_natural_log_tau2_direct_v1,provisional
main,761,76,-0.1172148674414621,14.197387760647763,7.927270340464761,4.7036855869745935,-9.524586041390648,9.290156306507726,cluster_plus_withinstudy,agreement_natural_log_tau2_direct_v1,provisional
main,762,76,-0.46651174636051623,19.024173336174627,10.011594192280802,5.388484715433035,-11.243481177226586,10.310457684505552,cluster_plus_withinstudy,agreement_natural_log_tau2_direct_v1,provisional
main,763,76,-0.29935462425058423,17.241505587565186,2.067233467730075,4.394171031638989,-9.087696687528563,8.488987439027394,cluster_plus_withinstudy,agreement_natural_log_tau2_direct_v1,provisional
main,764,76,-0.21846550522524452,14.436697639046272,15.055214018257614,5.430645602256134,-11.079756709737513,10.642825699287023,cluster_plus_withinstudy,agreement_natural_log_tau2_direct_v1,provisional
main,765,76,-0.07368968834110166,15.497171860214355,11.292195528857059,5.1758446063489405,-10.425378901038982,10.27799952435678,cluster_plus_withinstudy,agreement_natural_log_tau2_direct_v1,provisional
main,766,76,-0.08889860381133641,13.003049924977763,8.55489007343035,4.643052874823645,-9.375004353458625,9.197207145835954,cluster_plus_withinstudy,agreement_natural_log_tau2_direct_v1,provisional
main,767,76,-0.16072680030912426,14.501570964322871,8.05753495616857,4.749642715035673,-9.66001223038047,9.338558629762222,cluster_plus_withinstudy,agreement_natural_log_tau2_direct_v1,provisional
main,768,76,-0.3650860585884269,12.951247547230025,7.485581262326184,4.520711095564083,-9.406508249716593,8.67633613253974,cluster_plus_withinstudy,agreement_natural_log_tau2_direct_v1,provisional
main,769,76,-0.13751137865973626,17.027301774810766,4.012603250005294,4.586927623673177,-9.311366626006091,9.036343868686618,cluster_plus_withinstudy,agreement_natural_log_tau2_direct_v1,provisional
main,770,76,-0.25370654700304557,16.23275974457037,9.323871049025989,5.055356643561002,-10.364419834125048,9.857006740118958,cluster_plus_withinstudy,agreement_natural_log_tau2_direct_v1,provisional
main,771,76,-0.2209358079093271,17.893571745301617,10.952503463281714,5.3708542345313495,-10.962644276972027,10.520772661153371,cluster_plus_withinstudy,agreement_natural_log_tau2_direct_v1,provisional
main,772,76,-0.006447621431186535,17.588367450232397,9.922757628324653,5.245104868213509,-10.496657357858204,10.48376211499583,cluster_plus_withinstudy,agreement_natural_log_tau2_direct_v1,provisional
main,773,76,0.05667412053179237,16.297456742876093,8.60692136794324,4.990428650007866,-9.92418317948394,10.037531420547523,cluster_plus_withinstudy,agreement_natural_log_tau2_direct_v1,provisional
main,774,76,-0.4331101167717539,19.340100501510932,10.482919096878444,5.4610456506414025,-11.355201418054559,10.48898118451105,cluster_plus_withinstudy,agreement_natural_log_tau2_direct_v1,provisional
main,775,76,-0.06344115756235678,19.39015637190404,12.11323536743179,5.612788232183345,-11.289017621929046,11.162135306804332,cluster_plus_withinstudy,agreement_natural_log_tau2_direct_v1,provisional
main,776,76,0.031518163858171445,15.963761000685793,8.68060355499316,4.964309071328955,-9.897099978799739,9.960136306516082,cluster_plus_withinstudy,agreement_natural_log_tau2_direct_v1,provisional
main,777,76,-0.3737261694251873,16.233392230886928,8.103987739832858,4.933293014885675,-10.240312199196538,9.492859860346162,cluster_plus_withinstudy,agreement_natural_log_tau2_direct_v1,provisional
main,778,76,0.27721992279827007,17.706436450258497,2.69057164968991,4.516304695206958,-8.755389467615645,9.309829313212186,cluster_plus_withinstudy,agreement_natural_log_tau2_direct_v1,provisional
main,779,76,-0.5880233471019212,16.848510123841454,11.475136415814985,5.321996480612932,-11.232016308327786,10.055969614123942,cluster_plus_withinstudy,agreement_natural_log_tau2_direct_v1,provisional
main,780,76,-0.23363033498177133,15.53842548185512,12.001831658435853,5.247881204856963,-10.729392744695698,10.262132074732154,cluster_plus_withinstudy,agreement_natural_log_tau2_direct_v1,provisional
main,781,76,-0.2351044680850102,14.353219690429258,8.830812973081912,4.814980027322146,-9.865064522729302,9.39485558655928,cluster_plus_withinstudy,agreement_natural_log_tau2_direct_v1,provisional
main,782,76,-0.2775257393564757,13.618937071409313,7.634776434566023,4.6101749973266015,-9.497875734009678,8.942824255296728,cluster_plus_withinstudy,agreement_natural_log_tau2_direct_v1,provisional
main,783,76,-0.06348033986548443,15.712245628353934,3.127915195787921,4.340525408765839,-8.744531157397164,8.617570477666193,cluster_plus_withinstudy,agreement_natural_log_tau2_direct_v1,provisional
main,784,76,0.3043679487425496,13.953534063850316,13.929884275999074,5.28047520019263,-10.256582451642709,10.86531834912781,cluster_plus_withinstudy,agreement_natural_log_tau2_direct_v1,provisional
main,785,76,0.4508751944184841,12.669341327086084,14.109023773504262,5.174781647624404,-9.898688100830324,10.800438489667293,cluster_plus_withinstudy,agreement_natural_log_tau2_direct_v1,provisional
main,786,76,0.37042132954254153,18.638971709795953,9.244688596395727,5.28049811156028,-10.190574893578018,10.9314175526631,cluster_plus_withinstudy,agreement_natural_log_tau2_direct_v1,provisional
main,787,76,-0.09433396833768837,14.515785063029545,9.221910714774696,4.872134622298961,-9.83860321293561,9.649935276260234,cluster_plus_withinstudy,agreement_natural_log_tau2_direct_v1,provisional
main,788,76,0.2387194804097892,17.43028933396382,15.097940952307676,5.703352547955587,-11.167985615501385,11.645424576320965,cluster_plus_withinstudy,agreement_natural_log_tau2_direct_v1,provisional
main,789,76,0.03074065367450521,14.491895127471407,13.036915001029719,5.2467904597478565,-10.462840265821209,10.524321573170218,cluster_plus_withinstudy,agreement_natural_log_tau2_direct_v1,provisional
main,790,76,-0.0021166808158431553,17.34874853186509,3.2323509229226826,4.536639665522023,-9.07539601185989,9.071162650228203,cluster_plus_withinstudy,agreement_natural_log_tau2_direct_v1,provisional
main,791,76,0.30373591083725016,17.244752853770486,12.048732293170046,5.412345623381838,-10.520955335926425,11.128427157600926,cluster_plus_withinstudy,agreement_natural_log_tau2_direct_v1,provisional
main,792,76,-0.5732165549207986,15.856066982501998,9.806939852643298,5.065866839460479,-10.704950233841757,9.558517124000158,cluster_plus_withinstudy,agreement_natural_log_tau2_direct_v1,provisional
main,793,76,-0.3982426696195561,20.33483430826194,3.240365581289494,4.855429938692498,-10.109102547004552,9.31261720776544,cluster_plus_withinstudy,agreement_natural_log_tau2_direct_v1,provisional
main,794,76,0.02429417999126403,15.943005408194878,2.9240285931536545,4.34361991907079,-8.662945658150315,8.711534018132843,cluster_plus_withinstudy,agreement_natural_log_tau2_direct_v1,provisional
main,795,76,-0.4528883268602724,18.41811148259945,11.722044197517018,5.490005071046516,-11.432898468953304,10.52712181523276,cluster_plus_withinstudy,agreement_natural_log_tau2_direct_v1,provisional
main,796,76,0.3886487375472146,17.110615401407617,6.721911524698721,4.881856913727228,-9.375065089907242,10.15236256500167,cluster_plus_withinstudy,agreement_natural_log_tau2_direct_v1,provisional
main,797,76,-0.09661744194210532,16.56270875871341,16.48166537493504,5.748423621624319,-11.593464685190744,11.400229801306532,cluster_plus_withinstudy,agreement_natural_log_tau2_direct_v1,provisional
main,798,76,0.1617492018534311,16.436142159177546,11.742695078262685,5.308374255592783,-10.454999309332136,10.778497713038997,cluster_plus_withinstudy,agreement_natural_log_tau2_direct_v1,provisional
main,799,76,-0.06170638791454565,21.63649876042228,1.7133438291796803,4.8321674836042225,-9.726041355122991,9.6026285792939,cluster_plus_withinstudy,agreement_natural_log_tau2_direct_v1,provisional
main,800,76,-0.18316206258032514,20.40476611920511,10.677480643290666,5.575145447653879,-11.333452957888083,10.967128832727434,cluster_plus_withinstudy,agreement_natural_log_tau2_direct_v1,provisional
main,801,76,0.1257085201787754,14.328193076970173,8.706813942912094,4.799479869723621,-9.473251219268466,9.724668259626018,cluster_plus_withinstudy,agreement_natural_log_tau2_direct_v1,provisional
main,802,76,0.24688111231236157,17.85326493631438,13.60848607237388,5.609077554169514,-10.971273996026666,11.46503622065139,cluster_plus_withinstudy,agreement_natural_log_tau2_direct_v1,provisional
main,803,76,-0.46569108952050575,15.171995349025247,9.402973566973191,4.957314688013909,-10.380320465548325,9.448938286507312,cluster_plus_withinstudy,agreement_natural_log_tau2_direct_v1,provisional
main,804,76,-0.5712582203822554,18.872871721991757,4.1799835468029745,4.801338903763692,-10.173936027909638,9.031419587145129,cluster_plus_withinstudy,agreement_natural_log_tau2_direct_v1,provisional
main,805,76,0.10960810933847848,17.718224016721933,2.8425515669336745,4.534399142516636,-8.959190175694793,9.178406394371752,cluster_plus_withinstudy,agreement_natural_log_tau2_direct_v1,provisional
main,806,76,-0.37363824212334185,16.26565425636443,8.375542426573086,4.963989996256793,-10.301618234636928,9.554341750390245,cluster_plus_withinstudy,agreement_natural_log_tau2_direct_v1,provisional
main,807,76,0.7110695544620593,15.945875356491552,13.020877443137067,5.3820769968134625,-10.053084439164866,11.475223548088984,cluster_plus_withinstudy,agreement_natural_log_tau2_direct_v1,provisional
main,808,76,-0.23021827712208479,16.707785150268066,3.22122653144473,4.4641921645145155,-9.158602606151115,8.698166051906947,cluster_plus_withinstudy,agreement_natural_log_tau2_direct_v1,provisional
main,809,76,0.34965460245719027,16.444778093661764,9.154380216478422,5.059561078803198,-9.769467555149205,10.468776760063587,cluster_plus_withinstudy,agreement_natural_log_tau2_direct_v1,provisional
main,810,76,-0.4271508887347876,15.150116933397701,2.948172004855234,4.254208379740341,-8.93556764821547,8.081265870745893,cluster_plus_withinstudy,agreement_natural_log_tau2_direct_v1,provisional
main,811,76,0.17596428730335684,16.668819362877283,2.8024372023476447,4.412624679850409,-8.649285072397461,9.001213647004175,cluster_plus_withinstudy,agreement_natural_log_tau2_direct_v1,provisional
main,812,76,-0.20053101732873932,15.88653284075206,2.2586893140054487,4.2597209010400565,-8.719972819408852,8.318910784751374,cluster_plus_withinstudy,agreement_natural_log_tau2_direct_v1,provisional
main,813,76,0.7895123607888659,17.18570517854127,13.963103112328115,5.581111743270276,-10.372711125751687,11.951735847329418,cluster_plus_withinstudy,agreement_natural_log_tau2_direct_v1,provisional
main,814,76,-0.38990216859204996,17.10081228102605,3.14751564358541,4.499814210010394,-9.389530588612837,8.609726251428738,cluster_plus_withinstudy,agreement_natural_log_tau2_direct_v1,provisional
main,815,76,0.059414091885841756,18.77601359520739,10.203988369673022,5.383307715975413,-10.707201340064984,10.826029523836667,cluster_plus_withinstudy,agreement_natural_log_tau2_direct_v1,provisional
main,816,76,-0.15211834153119994,16.796096338596133,10.179994549538293,5.193851257798439,-10.539820857128078,10.235584174065679,cluster_plus_withinstudy,agreement_natural_log_tau2_direct_v1,provisional
main,817,76,-0.10661079893288247,13.693520630427075,7.0271146221526966,4.551992448651444,-9.210595696235771,8.997374098370006,cluster_plus_withinstudy,agreement_natural_log_tau2_direct_v1,provisional
main,818,76,-0.40498869024787554,20.570420771285264,1.8786512253980034,4.738045166171727,-9.88107902259133,9.071101642095577,cluster_plus_withinstudy,agreement_natural_log_tau2_direct_v1,provisional
main,819,76,0.10194340884260526,16.239777911155812,9.726095044148115,5.095671982702961,-10.089400556563318,10.293287374248527,cluster_plus_withinstudy,agreement_natural_log_tau2_direct_v1,provisional
main,820,76,-0.24722111137710193,15.279897212381801,12.055142127211663,5.2282922010531765,-10.703805513483456,10.20936329072925,cluster_plus_withinstudy,agreement_natural_log_tau2_direct_v1,provisional
main,821,76,-0.24477015739243446,17.81334555681472,11.01547678726646,5.369247837833637,-10.983265833059708,10.49372551827484,cluster_plus_withinstudy,agreement_natural_log_tau2_direct_v1,provisional
main,822,76,-0.12739653817483598,16.57055385209107,12.178853558341428,5.361847387834952,-10.851091313844739,10.596298237495068,cluster_plus_withinstudy,agreement_natural_log_tau2_direct_v1,provisional
main,823,76,0.05190630271527273,14.739105360502219,11.079219811521723,5.081173601838845,-10.110440900962418,10.214253506392962,cluster_plus_withinstudy,agreement_natural_log_tau2_direct_v1,provisional
main,824,76,-0.1848143691575076,14.956174255860319,8.423840809227112,4.83528851932203,-9.855391407801568,9.485762669486553,cluster_plus_withinstudy,agreement_natural_log_tau2_direct_v1,provisional
main,825,76,0.05711855070640717,14.974799855906518,7.679762704566731,4.759680930532345,-9.462243310358282,9.576480411771097,cluster_plus_withinstudy,agreement_natural_log_tau2_direct_v1,provisional
main,826,76,-0.18860953348055223,17.921868933042397,10.056052586862474,5.289415990438346,-10.767441514357245,10.390222447396141,cluster_plus_withinstudy,agreement_natural_log_tau2_direct_v1,provisional
main,827,76,-0.6157182593360431,17.331143333011653,3.6627333118781276,4.581907533428603,-9.779533326193249,8.548096807521162,cluster_plus_withinstudy,agreement_natural_log_tau2_direct_v1,provisional
main,828,76,-0.440911728219236,15.303087440575704,8.955639648603336,4.925314922842908,-10.291541573905052,9.40971811746658,cluster_plus_withinstudy,agreement_natural_log_tau2_direct_v1,provisional
main,829,76,-0.2116731666157772,15.58185122319057,9.952628654045757,5.053165332466011,-10.318003831547799,9.894657498316246,cluster_plus_withinstudy,agreement_natural_log_tau2_direct_v1,provisional
main,830,76,-0.14927140880897652,14.309061063688898,10.406738822200143,4.971498756500804,-10.092268921810584,9.793726104192631,cluster_plus_withinstudy,agreement_natural_log_tau2_direct_v1,provisional
main,831,76,0.127904501017096,14.832464238667953,13.619703036347413,5.334057299562441,-10.540210098107787,10.796019100141978,cluster_plus_withinstudy,agreement_natural_log_tau2_direct_v1,provisional
main,832,76,-0.336425082338746,16.102171684408102,9.462403608046454,5.056142333088988,-10.448709748516722,9.77585958383923,cluster_plus_withinstudy,agreement_natural_log_tau2_direct_v1,provisional
main,833,76,-0.3377141809489411,13.514767871434419,2.4298349664053793,3.9930693504921497,-8.32385288193324,7.648424520035358,cluster_plus_withinstudy,agreement_natural_log_tau2_direct_v1,provisional
main,834,76,-0.4924617646451741,18.93521212141245,3.3200054789030093,4.717543598136159,-9.927548960917493,8.942625431627144,cluster_plus_withinstudy,agreement_natural_log_tau2_direct_v1,provisional
main,835,76,0.20664968305683717,17.018144591569815,11.729687963122913,5.361700528255259,-10.516751373453681,10.930050739567355,cluster_plus_withinstudy,agreement_natural_log_tau2_direct_v1,provisional
main,836,76,-0.15035269070678003,14.795562162502529,8.101838391349174,4.785122835816412,-9.720598362339604,9.419892980926043,cluster_plus_withinstudy,agreement_natural_log_tau2_direct_v1,provisional
main,837,76,0.3767301883217067,15.011484598413,7.106176057132712,4.702941702333308,-9.029153216344909,9.782613592988323,cluster_plus_withinstudy,agreement_natural_log_tau2_direct_v1,provisional
main,838,76,0.12909268703083887,16.575444414393388,3.797875459704932,4.513681410345476,-8.898270133660112,9.156455507721791,cluster_plus_withinstudy,agreement_natural_log_tau2_direct_v1,provisional
main,839,76,-0.5111748080457897,15.09808849827215,9.656278694939457,4.9753760856051485,-10.461926979256086,9.439577363164508,cluster_plus_withinstudy,agreement_natural_log_tau2_direct_v1,provisional
main,840,76,-0.6181414837042375,15.882220811438787,3.115034913348458,4.3585841422172,-9.335309768138638,8.099026800730163,cluster_plus_withinstudy,agreement_natural_log_tau2_direct_v1,provisional
main,841,76,0.17668817873792414,15.809865124302238,14.961661521851257,5.547208905941212,-10.9177296331445,11.271105990620349,cluster_plus_withinstudy,agreement_natural_log_tau2_direct_v1,provisional
main,842,76,-0.5512336438566503,17.245398218991213,3.880190705753158,4.59625814383226,-9.743749931521169,8.64128264380787,cluster_plus_withinstudy,agreement_natural_log_tau2_direct_v1,provisional
main,843,76,0.5124577315609385,18.01221602451612,10.452796310510099,5.33526122462867,-10.158064717696401,11.18298018081828,cluster_plus_withinstudy,agreement_natural_log_tau2_direct_v1,provisional
main,844,76,-0.030582102168476757,12.029677497006743,8.321762763538345,4.511257059905264,-9.053096221979006,8.991932017642052,cluster_plus_withinstudy,agreement_natural_log_tau2_direct_v1,provisional
main,845,76,-0.45612626474320594,16.816527897320295,2.5738375033696856,4.403449261736756,-9.263024788216718,8.350772258730306,cluster_plus_withinstudy,agreement_natural_log_tau2_direct_v1,provisional
main,846,76,-0.07267945386909318,13.763249287036487,7.72936143077713,4.636012372482802,-9.344704198834696,9.199345291096511,cluster_plus_withinstudy,agreement_natural_log_tau2_direct_v1,provisional
main,847,76,-0.10948603919538072,20.145452606113288,15.055778823541374,5.933062567481879,-11.97561117415914,11.756639095768376,cluster_plus_withinstudy,agreement_natural_log_tau2_direct_v1,provisional
main,848,76,-0.09337457178334402,15.407052830345155,14.420598482536981,5.461469702642517,-11.016313977068377,10.82956483350169,cluster_plus_withinstudy,agreement_natural_log_tau2_direct_v1,provisional
main,849,76,-0.31691653723757557,18.189355155444634,3.2091229771024175,4.625848909394583,-9.568614356026742,8.93478128155159,cluster_plus_withinstudy,agreement_natural_log_tau2_direct_v1,provisional
main,850,76,-0.07025678008762407,16.917086057215673,8.255286350046005,5.017207630471523,-10.10467204103067,9.964158480855422,cluster_plus_withinstudy,agreement_natural_log_tau2_direct_v1,provisional
main,851,76,-0.27524700227678484,17.200214003273107,9.754618857172137,5.191804393507641,-10.658855789292067,10.108361784738497,cluster_plus_withinstudy,agreement_natural_log_tau2_direct_v1,provisional
main,852,76,-0.34078558745512555,14.617302626473206,9.214014054788512,4.881732958823303,-10.10425150510173,9.422680330191481,cluster_plus_withinstudy,agreement_natural_log_tau2_direct_v1,provisional
main,853,76,-0.09698459706756862,13.382862331090532,13.032606159269106,5.13959808646159,-10.376180769990748,10.182211575855613,cluster_plus_withinstudy,agreement_natural_log_tau2_direct_v1,provisional
main,854,76,0.04405118833259995,16.860231409776524,9.475855309810541,5.131869709919287,-10.219688231505973,10.307790608171175,cluster_plus_withinstudy,agreement_natural_log_tau2_direct_v1,provisional
main,855,76,0.05485515395118647,12.958292661967539,13.26519240616529,5.12088713682823,-10.186919119705275,10.296629427607646,cluster_plus_withinstudy,agreement_natural_log_tau2_direct_v1,provisional
main,856,76,-0.4615612621060077,17.165246938641058,3.414959313111369,4.536541221211643,-9.534643704529294,8.611521180317279,cluster_plus_withinstudy,agreement_natural_log_tau2_direct_v1,provisional
main,857,76,-0.2982005789256483,11.75136593263279,8.726721511213409,4.525272085062532,-9.348744749050713,8.752343591199416,cluster_plus_withinstudy,agreement_natural_log_tau2_direct_v1,provisional
main,858,76,-0.3481026568500933,15.864762474301472,9.116353661772983,4.998111256872385,-10.344325170594864,9.648119856894677,cluster_plus_withinstudy,agreement_natural_log_tau2_direct_v1,provisional
main,859,76,-0.34844307391123347,16.638359170261708,2.2333873790541765,4.3441623530107485,-9.036767779932731,8.339881632110263,cluster_plus_withinstudy,agreement_natural_log_tau2_direct_v1,provisional
main,860,76,0.0061431934594765895,15.755847191452506,9.020942485279274,4.977628921156315,-9.949114648853154,9.961401035772106,cluster_plus_withinstudy,agreement_natural_log_tau2_direct_v1,provisional
main,861,76,0.07755600150130114,20.431712014487456,2.9068003563576035,4.830994966965403,-9.584433932429505,9.739545935432108,cluster_plus_withinstudy,agreement_natural_log_tau2_direct_v1,provisional
main,862,76,-0.0933793706744482,13.611870814190237,8.85321797481777,4.739735096923456,-9.572849564521361,9.386090823172465,cluster_plus_withinstudy,agreement_natural_log_tau2_direct_v1,provisional
main,863,76,0.22153791896842884,13.881831671575606,12.763163782475052,5.161879062323202,-10.102220205677975,10.545296043614831,cluster_plus_withinstudy,agreement_natural_log_tau2_direct_v1,provisional
main,864,76,-0.43877344691406805,14.161940800835094,3.0135282229125813,4.144329743607242,-8.727432934128553,7.849886040300417,cluster_plus_withinstudy,agreement_natural_log_tau2_direct_v1,provisional
main,865,76,-0.04537584879856398,19.224994815484443,3.7837247481767253,4.796740514522457,-9.638856877843478,9.54810518024635,cluster_plus_withinstudy,agreement_natural_log_tau2_direct_v1,provisional
main,866,76,-0.16492509869083335,17.66907714678021,16.59047073322446,5.853165628957092,-11.871256356605018,11.541406159223351,cluster_plus_withinstudy,agreement_natural_log_tau2_direct_v1,provisional
main,867,76,0.06969483442827042,14.488841063052517,11.847512479702086,5.131895706535218,-10.194096578642165,10.333486247498707,cluster_plus_withinstudy,agreement_natural_log_tau2_direct_v1,provisional
main,868,76,0.007600316282122255,18.204447645659243,10.060196804900814,5.3164503619012615,-10.6253004075204,10.640501040084645,cluster_plus_withinstudy,agreement_natural_log_tau2_direct_v1,provisional
main,869,76,-0.1858094144696956,15.792043265165464,10.090459855293114,5.08748495039136,-10.360779315252415,9.989160486313025,cluster_plus_withinstudy,agreement_natural_log_tau2_direct_v1,provisional
main,870,76,0.1677357153536328,15.872708079713906,2.49301758458691,4.285525132851377,-8.403314550349121,8.738785981056386,cluster_plus_withinstudy,agreement_natural_log_tau2_direct_v1,provisional
main,871,76,-0.111882508810081,14.166462587867002,9.134933807874479,4.827151996337124,-9.766186501484329,9.542421483864166,cluster_plus_withinstudy,agreement_natural_log_tau2_direct_v1,provisional
main,872,76,0.2743381693919414,18.067734491893933,6.662925604892796,4.972993072264099,-9.671647975136258,10.22032431392014,cluster_plus_withinstudy,agreement_natural_log_tau2_direct_v1,provisional
main,873,76,-0.45331480874175756,16.55193694622075,14.52764274588113,5.574906249624462,-11.60312730799068,10.696497690507167,cluster_plus_withinstudy,agreement_natural_log_tau2_direct_v1,provisional
main,874,76,-0.09221789651074871,17.26188020705919,11.406985484000028,5.354331488716329,-10.800880873943406,10.61644508092191,cluster_plus_withinstudy,agreement_natural_log_tau2_direct_v1,provisional
main,875,76,-0.0874204050118038,13.856899414397507,13.007019246499327,5.183041448888561,-10.453503302788926,10.278662492765319,cluster_plus_withinstudy,agreement_natural_log_tau2_direct_v1,provisional
main,876,76,-0.13482008401761025,17.23301187423222,2.951627776653435,4.492731869462683,-9.120283822942977,8.850643654907756,cluster_plus_withinstudy,agreement_natural_log_tau2_direct_v1,provisional
main,877,76,0.18418827291020431,15.54750679500355,2.5420251639485754,4.253179041487923,-8.322169810065642,8.690546355886049,cluster_plus_withinstudy,agreement_natural_log_tau2_direct_v1,provisional
main,878,76,0.6771376871392643,17.649565646320532,9.393619693169898,5.20030627362374,-9.723474860108215,11.077750234386745,cluster_plus_withinstudy,agreement_natural_log_tau2_direct_v1,provisional
main,879,76,-0.5329873147015165,14.09781472742103,1.8863144466043522,3.9980156545498144,-8.529018623801145,7.463043994398112,cluster_plus_withinstudy,agreement_natural_log_tau2_direct_v1,provisional
main,880,76,-0.43610106412105926,18.057322995502346,3.761388238130896,4.671050335163735,-9.77820173444853,8.90599960620641,cluster_plus_withinstudy,agreement_natural_log_tau2_direct_v1,provisional
main,881,76,-0.4958464629118616,14.451827484173247,8.292617841430689,4.769113683443071,-10.034073829798004,9.04238090397428,cluster_plus_withinstudy,agreement_natural_log_tau2_direct_v1,provisional
main,882,76,-0.4563370517231683,17.94429799319088,13.112215072247444,5.572837075084676,-11.60201120189252,10.689337098446185,cluster_plus_withinstudy,agreement_natural_log_tau2_direct_v1,provisional
main,883,76,-0.22219560148827147,22.035723187330976,3.1753629055325665,5.021064239069596,-10.264324079627464,9.81993287665092,cluster_plus_withinstudy,agreement_natural_log_tau2_direct_v1,provisional
main,884,76,-0.6013577604638207,17.335577971814654,2.9805720553866464,4.507344010301554,-9.616045781066928,8.413330260139288,cluster_plus_withinstudy,agreement_natural_log_tau2_direct_v1,provisional
main,885,76,-0.14080264423599115,15.696530560349615,2.2189934309058925,4.232673385846764,-8.606149415929519,8.324544127457536,cluster_plus_withinstudy,agreement_natural_log_tau2_direct_v1,provisional
main,886,76,-0.34003670191010904,17.807378827204435,3.058765863806574,4.567947535930224,-9.475931773770556,8.79585836995034,cluster_plus_withinstudy,agreement_natural_log_tau2_direct_v1,provisional
main,887,76,0.002408344778216745,15.439491269818626,13.5430936681929,5.383547616396787,-10.764686888015357,10.769503577571792,cluster_plus_withinstudy,agreement_natural_log_tau2_direct_v1,provisional
main,888,76,-0.029877772351117333,14.717470678829661,13.593688412717166,5.320823159206367,-10.671524090763851,10.611768546061617,cluster_plus_withinstudy,agreement_natural_log_tau2_direct_v1,provisional
main,889,76,-0.2673904018871555,14.514851296977636,3.5432518686757413,4.249482693887972,-8.7663557896631,8.23157498588879,cluster_plus_withinstudy,agreement_natural_log_tau2_direct_v1,provisional
main,890,76,-0.14871081170313577,19.686129712661838,14.306725094623319,5.8303391674314415,-11.80938914656602,11.511967523159747,cluster_plus_withinstudy,agreement_natural_log_tau2_direct_v1,provisional
main,891,76,-0.0007237550309975679,17.214682780388166,11.473933546246528,5.3561755317236095,-10.713074818478217,10.71162730841622,cluster_plus_withinstudy,agreement_natural_log_tau2_direct_v1,provisional
main,892,76,-0.25546674099634187,15.613744790156426,2.252142751492403,4.2268058320259785,-8.709078405048299,8.198144923055615,cluster_plus_withinstudy,agreement_natural_log_tau2_direct_v1,provisional
main,893,76,-0.5948275503989934,15.771572268470887,2.993648864066319,4.331884247361327,-9.258596045121646,8.06894094432366,cluster_plus_withinstudy,agreement_natural_log_tau2_direct_v1,provisional
main,894,76,-0.32282033893323514,13.996793156001699,2.5372570837764594,4.066208336986455,-8.455237012906146,7.809596335039675,cluster_plus_withinstudy,agreement_natural_log_tau2_direct_v1,provisional
main,895,76,-0.42425685464447166,17.727594233747812,9.163038221276326,5.185617846990283,-10.795492548625038,9.946978839336094,cluster_plus_withinstudy,agreement_natural_log_tau2_direct_v1,provisional
main,896,76,0.3508963650150368,13.513827713672772,12.632123279462167,5.1133111574727135,-9.87572594993039,10.577518679960464,cluster_plus_withinstudy,agreement_natural_log_tau2_direct_v1,provisional
main,897,76,-0.27121815295390733,20.47013529877531,8.968389509893358,5.425728044112483,-11.122674241178872,10.58023793527106,cluster_plus_withinstudy,agreement_natural_log_tau2_direct_v1,provisional
main,898,76,-0.20893120017722475,15.903569845671754,8.555053949014248,4.945566074241249,-10.100063348659722,9.682200948305274,cluster_plus_withinstudy,agreement_natural_log_tau2_direct_v1,provisional
main,899,76,0.0019257416511909494,17.298652694198754,9.244155648163176,5.151971306438141,-10.302016871225092,10.305868354527473,cluster_plus_withinstudy,agreement_natural_log_tau2_direct_v1,provisional
main,900,76,-0.39981621576777904,18.178700567153246,3.3525674695910936,4.640179741857457,-9.680175699482692,8.880543267947136,cluster_plus_withinstudy,agreement_natural_log_tau2_direct_v1,provisional
main,901,76,0.17942187001062052,16.0589342184411,2.079051091099396,4.258871365695434,-8.338320861380247,8.69716460140149,cluster_plus_withinstudy,agreement_natural_log_tau2_direct_v1,provisional
main,902,76,0.5116033968122099,13.180136716423782,9.426073690748659,4.754598869218353,-8.997594341624495,10.020801135248917,cluster_plus_withinstudy,agreement_natural_log_tau2_direct_v1,provisional
main,903,76,-0.5051922390642625,18.798751174075683,9.929784634052687,5.359900727450871,-11.224993693966004,10.214609215837479,cluster_plus_withinstudy,agreement_natural_log_tau2_direct_v1,provisional
main,904,76,-0.048558258472096376,13.233553496059407,12.60160120323799,5.082829398995937,-10.214217056463971,10.117100539519777,cluster_plus_withinstudy,agreement_natural_log_tau2_direct_v1,provisional
main,905,76,-0.29644084126273257,17.287605293057236,3.7183864132845303,4.583229397089106,-9.462899635440944,8.870017952915479,cluster_plus_withinstudy,agreement_natural_log_tau2_direct_v1,provisional
main,906,76,0.29856220928110144,16.318796290106906,13.403437454830451,5.45181013471098,-10.605058060140859,11.202182478703062,cluster_plus_withinstudy,agreement_natural_log_tau2_direct_v1,provisional
main,907,76,-0.34990237040958083,15.266769578650663,2.169207383781777,4.175640904392096,-8.701184179193772,8.001379438374611,cluster_plus_withinstudy,agreement_natural_log_tau2_direct_v1,provisional
main,908,76,-0.12126523179170409,17.85051233558044,9.964819605759244,5.274024264386702,-10.669313760565107,10.4267832969817,cluster_plus_withinstudy,agreement_natural_log_tau2_direct_v1,provisional
main,909,76,0.08932222246456789,13.973448400396748,13.730149061100356,5.263420699649336,-10.437519176834103,10.61616362176324,cluster_plus_withinstudy,agreement_natural_log_tau2_direct_v1,provisional
main,910,76,0.14026908802196925,18.535229808090232,12.524796771674698,5.573152301863366,-11.006035515704763,11.2865736917487,cluster_plus_withinstudy,agreement_natural_log_tau2_direct_v1,provisional
main,911,76,0.08301548757347714,14.841168286142153,8.469356770270117,4.828097457219797,-9.573179426866117,9.73921040201307,cluster_plus_withinstudy,agreement_natural_log_tau2_direct_v1,provisional
main,912,76,0.2073156019473732,19.390775080076136,2.719986300631676,4.702208138811787,-9.1971006756762,9.611731879570947,cluster_plus_withinstudy,agreement_natural_log_tau2_direct_v1,provisional
main,913,76,-0.6954068247245382,15.839309404546238,2.4586090328679164,4.277606624903014,-9.250620074530566,7.859806425081491,cluster_plus_withinstudy,agreement_natural_log_tau2_direct_v1,provisional
main,914,76,-0.3926856045934734,15.223732045495392,10.797803942351678,5.1011308538251665,-10.594947312243807,9.809576103056859,cluster_plus_withinstudy,agreement_natural_log_tau2_direct_v1,provisional
main,915,76,0.2872047135244204,18.745116233881376,2.0568017226514548,4.560911965444283,-8.834619217364144,9.409028644412986,cluster_plus_withinstudy,agreement_natural_log_tau2_direct_v1,provisional
main,916,76,0.6793549794590791,18.61685992034861,14.316839064444558,5.738788982424181,-10.798222985389282,12.15693294430744,cluster_plus_withinstudy,agreement_natural_log_tau2_direct_v1,provisional
main,917,76,-0.17789755897772724,16.40628756953217,3.5900808455844735,4.471729913033283,-9.121357385044293,8.765562267088837,cluster_plus_withinstudy,agreement_natural_log_tau2_direct_v1,provisional
main,918,76,-0.5268018142575265,15.714639834244608,2.159586865141731,4.227792177885088,-8.982386170027702,7.92878254151265,cluster_plus_withinstudy,agreement_natural_log_tau2_direct_v1,provisional
main,919,76,-0.8024482869835168,16.901022053039878,13.89710534526903,5.549606057938609,-11.901660402860735,10.296763828893702,cluster_plus_withinstudy,agreement_natural_log_tau2_direct_v1,provisional
main,920,76,-0.05006048874944371,18.723106614484504,7.431598232416398,5.114167072642514,-10.278394634034472,10.178273656535586,cluster_plus_withinstudy,agreement_natural_log_tau2_direct_v1,provisional
main,921,76,0.07321706928020251,18.989579108446843,8.150580524803573,5.209621832076722,-10.34602659487324,10.492460733433646,cluster_plus_withinstudy,agreement_natural_log_tau2_direct_v1,provisional
main,922,76,-0.025054511309322038,16.74942656388556,13.038661822447422,5.457846497139048,-10.940747505587419,10.890638482968773,cluster_plus_withinstudy,agreement_natural_log_tau2_direct_v1,provisional
main,923,76,-0.37171156461589805,16.793715023794224,10.518551464408205,5.226113899275678,-10.823939363167254,10.080516233935457,cluster_plus_withinstudy,agreement_natural_log_tau2_direct_v1,provisional
main,924,76,-0.48418228194878543,12.918007007461815,9.313432042832655,4.715022698810099,-9.914227679568983,8.945863115671413,cluster_plus_withinstudy,agreement_natural_log_tau2_direct_v1,provisional
main,925,76,0.3013607474043585,19.94183655570058,9.80892126041109,5.45442552576453,-10.607490304124703,11.210211798933418,cluster_plus_withinstudy,agreement_natural_log_tau2_direct_v1,provisional
main,926,76,0.46865913956543137,13.84498210721564,9.744815274957487,4.856932919258112,-9.245206698950792,10.182524978081656,cluster_plus_withinstudy,agreement_natural_log_tau2_direct_v1,provisional
main,927,76,-0.32043995513151563,13.873745153607006,8.596096045764115,4.740236407540358,-9.800912770212232,9.160032859949201,cluster_plus_withinstudy,agreement_natural_log_tau2_direct_v1,provisional
main,928,76,-0.21018248036495676,14.659006880618913,12.379325808555931,5.199839679180007,-10.60986183872497,10.189496877995058,cluster_plus_withinstudy,agreement_natural_log_tau2_direct_v1,provisional
main,929,76,-0.08415942639045476,14.372429886652787,8.10697060548625,4.741244614248355,-9.566648654887166,9.398329802106256,cluster_plus_withinstudy,agreement_natural_log_tau2_direct_v1,provisional
main,930,76,-0.6689041342619685,13.611066476651828,3.003662282392819,4.0761168725938965,-8.821137879449761,7.483329610925825,cluster_plus_withinstudy,agreement_natural_log_tau2_direct_v1,provisional
main,931,76,0.12477504604383056,16.836475075012398,12.206512461323873,5.389154621676416,-10.653534197309002,10.903084289396661,cluster_plus_withinstudy,agreement_natural_log_tau2_direct_v1,provisional
main,932,76,-0.136357483884151,12.9526511802535,9.33896607231949,4.721399925082919,-9.579157334049988,9.306442366281686,cluster_plus_withinstudy,agreement_natural_log_tau2_direct_v1,provisional
main,933,76,0.08388146974203418,13.558605216047713,10.6891420350342,4.924200163588186,-9.764518857434338,9.932281796918405,cluster_plus_withinstudy,agreement_natural_log_tau2_direct_v1,provisional
main,934,76,0.19060416234321545,17.489377155256904,10.021987884612425,5.2451277429505305,-10.299651323557846,10.680859648244276,cluster_plus_withinstudy,agreement_natural_log_tau2_direct_v1,provisional
main,935,76,-0.6751592389282135,17.339609544470438,2.7586871493506706,4.483112389157906,-9.641384017244025,8.2910655393876,cluster_plus_withinstudy,agreement_natural_log_tau2_direct_v1,provisional
main,936,76,0.18735479614525297,15.79022430349033,11.011600947688866,5.177047928228905,-10.166741060312557,10.541450652603064,cluster_plus_withinstudy,agreement_natural_log_tau2_direct_v1,provisional
main,937,76,0.26223727971017013,16.720391106016603,11.087719313388137,5.273339588856832,-10.284441898003493,10.808916457423834,cluster_plus_withinstudy,agreement_natural_log_tau2_direct_v1,provisional
main,938,76,-0.23991907054414346,15.971887675451898,3.2461816415197444,4.383841844429568,-9.00760275940328,8.527764618314993,cluster_plus_withinstudy,agreement_natural_log_tau2_direct_v1,provisional
main,939,76,-0.21863844484902206,18.430496757127326,3.220089017310465,4.653018995709967,-9.524676436268956,9.087399546570913,cluster_plus_withinstudy,agreement_natural_log_tau2_direct_v1,provisional
main,940,76,-0.1757962636761416,14.94567373570447,9.583965849062029,4.952740613515561,-10.081277490707265,9.72968496335498,cluster_plus_withinstudy,agreement_natural_log_tau2_direct_v1,provisional
main,941,76,-0.3255197235654772,13.27183815066217,14.424503467852734,5.262731383845741,-10.850982491256959,10.199943044126003,cluster_plus_withinstudy,agreement_natural_log_tau2_direct_v1,provisional
main,942,76,0.25871165256849743,16.582661916926966,8.878869608141235,5.045942084989502,-9.833172517410507,10.3505958225475,cluster_plus_withinstudy,agreement_natural_log_tau2_direct_v1,provisional
main,943,76,0.35283498795682244,16.772998508918082,11.118810408780034,5.281269631224874,-10.209704274492927,10.91537425040657,cluster_plus_withinstudy,agreement_natural_log_tau2_direct_v1,provisional
main,944,76,-0.3625338608597639,17.225921628606283,11.543965002530989,5.363756764725379,-11.090047390310524,10.364979668590994,cluster_plus_withinstudy,agreement_natural_log_tau2_direct_v1,provisional
main,945,76,-0.2512754169247231,16.65920247451494,8.39335797361658,5.005253285112705,-10.261781987150133,9.759231153300686,cluster_plus_withinstudy,agreement_natural_log_tau2_direct_v1,provisional
main,946,76,0.07062416125343732,15.6791925019188,3.9116764476272725,4.426157357070134,-8.78169055288683,8.922938875393706,cluster_plus_withinstudy,agreement_natural_log_tau2_direct_v1,provisional
main,947,76,-0.2177988716754764,17.964172629598835,3.955878695293775,4.68188544551152,-9.581569762698518,9.145972019347564,cluster_plus_withinstudy,agreement_natural_log_tau2_direct_v1,provisional
main,948,76,-0.5663078323001182,16.23272416904892,2.896274869514615,4.373671116872362,-9.313650066044843,8.181034401444606,cluster_plus_withinstudy,agreement_natural_log_tau2_direct_v1,provisional
main,949,76,-0.4038851159580726,23.155449730722232,4.657364265001108,5.273785546997843,-10.951456209953758,10.143685978037613,cluster_plus_withinstudy,agreement_natural_log_tau2_direct_v1,provisional
main,950,76,-0.200820720606484,15.229255643331156,3.238928590694903,4.297462534336519,-8.795745789279522,8.394104348066556,cluster_plus_withinstudy,agreement_natural_log_tau2_direct_v1,provisional
main,951,76,-0.14269376015744983,16.299300679248063,8.79016443777542,5.008938521984821,-10.160570804127092,9.875183283812193,cluster_plus_withinstudy,agreement_natural_log_tau2_direct_v1,provisional
main,952,76,-0.2859904404044456,17.67354589096588,1.86837230371409,4.4206241860940825,-9.12723881259261,8.55525793178372,cluster_plus_withinstudy,agreement_natural_log_tau2_direct_v1,provisional
main,953,76,0.03301260285097695,14.864425868206183,12.92479796570597,5.271548523338484,-10.51008444382599,10.576109649527945,cluster_plus_withinstudy,agreement_natural_log_tau2_direct_v1,provisional
main,954,76,-0.3323255104800064,18.57552850112298,3.2665336386662562,4.673549201601417,-9.67942391368284,9.014772892722828,cluster_plus_withinstudy,agreement_natural_log_tau2_direct_v1,provisional
main,955,76,-0.016118305980474864,12.176861087110115,10.51329505933153,4.763418535720081,-9.542955377420638,9.510718765459687,cluster_plus_withinstudy,agreement_natural_log_tau2_direct_v1,provisional
main,956,76,-0.1610243059657197,13.622165299817533,12.897588963013897,5.149733416676191,-10.460491139318101,10.138442527386662,cluster_plus_withinstudy,agreement_natural_log_tau2_direct_v1,provisional
main,957,76,-0.06270708270253511,13.601783255244648,9.362059058904688,4.792060341246689,-9.646827765195912,9.521413599790844,cluster_plus_withinstudy,agreement_natural_log_tau2_direct_v1,provisional
main,958,76,0.20997483446109957,16.646166015159285,9.386597543683907,5.10223123337655,-9.994487632292,10.4144373012142,cluster_plus_withinstudy,agreement_natural_log_tau2_direct_v1,provisional
main,959,76,-0.19373423854977234,15.380132825558997,11.960643250125196,5.228840796551775,-10.651415831653322,10.263947354553776,cluster_plus_withinstudy,agreement_natural_log_tau2_direct_v1,provisional
main,960,76,-0.2605698336991671,14.474024074428835,2.759500627738392,4.151328064868787,-8.563225963436741,8.042086296038407,cluster_plus_withinstudy,agreement_natural_log_tau2_direct_v1,provisional
main,961,76,-0.31312985306026186,15.111669304678124,8.285076153265795,4.837018240398098,-9.98716633385646,9.360906627735934,cluster_plus_withinstudy,agreement_natural_log_tau2_direct_v1,provisional
main,962,76,0.20266309912007902,13.913550925749323,11.545693304783548,5.045715432972105,-9.888767766824131,10.294093965064288,cluster_plus_withinstudy,agreement_natural_log_tau2_direct_v1,provisional
main,963,76,-0.06615832733617143,15.916492766678726,12.417967344796118,5.323012315547921,-10.712182958432015,10.57986630375967,cluster_plus_withinstudy,agreement_natural_log_tau2_direct_v1,provisional
main,964,76,-0.06726197643327277,19.42118027915458,9.163813749124264,5.3464936199605475,-10.760249216354367,10.625725263487823,cluster_plus_withinstudy,agreement_natural_log_tau2_direct_v1,provisional
main,965,76,-0.3526038095636409,16.655404431733242,2.825824271337479,4.413754490574971,-9.180112790713583,8.4749051715863,cluster_plus_withinstudy,agreement_natural_log_tau2_direct_v1,provisional
main,966,76,-0.1589801716798498,14.957558451406388,8.697790631538284,4.863676498590822,-9.886333168861494,9.568372825501793,cluster_plus_withinstudy,agreement_natural_log_tau2_direct_v1,provisional
main,967,76,0.12760600052297436,15.129670109952205,10.593147342764022,5.0717666993579495,-10.015927398192925,10.271139399238873,cluster_plus_withinstudy,agreement_natural_log_tau2_direct_v1,provisional
main,968,76,-0.15281773444826505,14.419775743718462,12.147927270549737,5.154386773833353,-10.46159128211497,10.15595581321844,cluster_plus_withinstudy,agreement_natural_log_tau2_direct_v1,provisional
main,969,76,-0.6947658676893163,16.38149602094492,9.61646821899769,5.098819886987832,-10.89240564166498,9.502873906286348,cluster_plus_withinstudy,agreement_natural_log_tau2_direct_v1,provisional
main,970,76,-0.13661181790923776,18.18614647656869,11.014486355491004,5.403760989538647,-10.94413379698653,10.670910161168056,cluster_plus_withinstudy,agreement_natural_log_tau2_direct_v1,provisional
main,971,76,-0.8923433501066798,14.622789280791691,3.564407367338552,4.264644961556617,-9.421633273219914,7.636946573006554,cluster_plus_withinstudy,agreement_natural_log_tau2_direct_v1,provisional
main,972,76,-0.12020206945730363,20.537293997361278,5.610237706919035,5.113465723389599,-10.3471335162365,10.106729377321894,cluster_plus_withinstudy,agreement_natural_log_tau2_direct_v1,provisional
main,973,76,-0.002936830136198273,18.223830876136216,2.2552906754254938,4.525386342795685,-9.053709515727569,9.047835855455173,cluster_plus_withinstudy,agreement_natural_log_tau2_direct_v1,provisional
main,974,76,-0.4516582144756456,14.661191795324084,8.5684066163047,4.819709370037657,-10.09107695455096,9.187760525599668,cluster_plus_withinstudy,agreement_natural_log_tau2_direct_v1,provisional
main,975,76,-0.18793008234951997,16.495987541933165,2.573451647822488,4.36685690053563,-8.921643883420781,8.54578371872174,cluster_plus_withinstudy,agreement_natural_log_tau2_direct_v1,provisional
main,976,76,-0.27870311091350186,16.66916205716855,10.267149119248907,5.190020344509013,-10.658743799931528,10.101337578104523,cluster_plus_withinstudy,agreement_natural_log_tau2_direct_v1,provisional
main,977,76,-0.37885384248756765,19.537359404416232,11.208178054945307,5.544865864866484,-11.468585572220535,10.7108778872454,cluster_plus_withinstudy,agreement_natural_log_tau2_direct_v1,provisional
main,978,76,-0.2870558977009638,14.088754923404176,8.810891583483686,4.785357510875009,-9.857770919450981,9.283659124049056,cluster_plus_withinstudy,agreement_natural_log_tau2_direct_v1,provisional
main,979,76,0.12968076253420477,15.326343919473414,7.857865524472759,4.8149983846255,-9.500316006716794,9.759677531785204,cluster_plus_withinstudy,agreement_natural_log_tau2_direct_v1,provisional
main,980,76,-0.40386201294077206,17.227904740432606,1.6462759269980205,4.344442503639636,-9.092747020220044,8.2850229943385,cluster_plus_withinstudy,agreement_natural_log_tau2_direct_v1,provisional
main,981,76,-0.29254499016123153,13.498534707042754,7.542759104438442,4.58707900645729,-9.46670300307581,8.88161302275335,cluster_plus_withinstudy,agreement_natural_log_tau2_direct_v1,provisional
main,982,76,-0.2454433606202668,18.01495131483938,10.984478531166044,5.38511186940489,-11.015667099430045,10.524780378189513,cluster_plus_withinstudy,agreement_natural_log_tau2_direct_v1,provisional
main,983,76,-0.16136659136562959,19.177243821973274,2.8389199767621953,4.692138510182268,-9.545643611730165,9.222910428998906,cluster_plus_withinstudy,agreement_natural_log_tau2_direct_v1,provisional
main,984,76,-0.27921341350928913,18.29842863792288,9.017235762218588,5.226438978897722,-10.732091371304733,10.173664544286154,cluster_plus_withinstudy,agreement_natural_log_tau2_direct_v1,provisional
main,985,76,0.19525141442533167,18.39414070421349,14.44215582443356,5.73029637354361,-11.265341332661889,11.655844161512553,cluster_plus_withinstudy,agreement_natural_log_tau2_direct_v1,provisional
main,986,76,0.21684695883106922,18.174176114831067,9.585722850816838,5.268766360890176,-10.320685762949282,10.754379680611422,cluster_plus_withinstudy,agreement_natural_log_tau2_direct_v1,provisional
main,987,76,0.023930521757403615,16.189553499758592,8.501891311364288,4.9690486827080775,-9.914166843658752,9.962027887173559,cluster_plus_withinstudy,agreement_natural_log_tau2_direct_v1,provisional
main,988,76,-0.2237633637876286,14.594168640912153,8.602788899804581,4.816321993047883,-9.856407349883396,9.408880622308137,cluster_plus_withinstudy,agreement_natural_log_tau2_direct_v1,provisional
main,989,76,0.7812551368804554,19.88994928533872,9.462229171233322,5.417765079492838,-10.054275022105221,11.616785295866132,cluster_plus_withinstudy,agreement_natural_log_tau2_direct_v1,provisional
main,990,76,-0.3910695828789318,16.548767980409504,3.6848998579419114,4.498184949326941,-9.387439481532814,8.605300315774949,cluster_plus_withinstudy,agreement_natural_log_tau2_direct_v1,provisional
main,991,76,0.11958235516818053,16.345136269969903,2.4454702974037197,4.334813325550896,-8.550044295933612,8.789209006269973,cluster_plus_withinstudy,agreement_natural_log_tau2_direct_v1,provisional
main,992,76,-0.2533922645668288,14.461658446372898,10.02887097517895,4.948790702944695,-10.150973670456219,9.644189141322562,cluster_plus_withinstudy,agreement_natural_log_tau2_direct_v1,provisional
main,993,76,0.39310847399019283,15.120880317507698,8.81283373348267,4.892209526480889,-9.391310578971586,10.177527526951971,cluster_plus_withinstudy,agreement_natural_log_tau2_direct_v1,provisional
main,994,76,0.4840246491659828,15.579206727964104,12.129481889966623,5.263904313143499,-10.043783977121015,11.01183327545298,cluster_plus_withinstudy,agreement_natural_log_tau2_direct_v1,provisional
main,995,76,-0.14898617845474724,17.13141301855541,13.465172559684191,5.531418044067868,-11.211822266590483,10.91384990968099,cluster_plus_withinstudy,agreement_natural_log_tau2_direct_v1,provisional
main,996,76,-0.45911968878298526,17.163959741435576,9.944913103520316,5.206618177373476,-10.872356043529937,9.954116665963966,cluster_plus_withinstudy,agreement_natural_log_tau2_direct_v1,provisional
main,997,76,0.010581259329122667,19.17849548350913,10.304380121006904,5.4298135883763115,-10.849045917423501,10.870208436081745,cluster_plus_withinstudy,agreement_natural_log_tau2_direct_v1,provisional
main,998,76,-0.27319740637589973,18.848797442572256,12.128280798305617,5.565705547446601,-11.404608501269102,10.858213688517303,cluster_plus_withinstudy,agreement_natural_log_tau2_direct_v1,provisional
main,999,76,-0.35739459269280316,16.999232181026876,3.570226894637899,4.535356554413862,-9.428107701520526,8.71331851613492,cluster_plus_withinstudy,agreement_natural_log_tau2_direct_v1,provisional
icu,0,16,-0.10179082108331468,24.15754211778627,3.936568503090088,5.300387780236117,-10.702566381555549,10.49898473938892,cluster_plus_withinstudy,agreement_natural_log_tau2_direct_v1,provisional
icu,1,16,-1.0069323010993605,21.1783210373812,1.3232449799674126,4.743581560102937,-10.494095421305236,8.480230819106513,cluster_plus_withinstudy,agreement_natural_log_tau2_direct_v1,provisional
icu,2,16,-0.02895701048719755,24.85168216626213,2.675721385576843,5.246656416408356,-10.522269843303908,10.464355822329514,cluster_plus_withinstudy,agreement_natural_log_tau2_direct_v1,provisional
icu,3,16,0.8817793488445742,29.747134514243157,9.385186740754216,6.2555832066240935,-11.629387064403613,13.392945762092761,cluster_plus_withinstudy,agreement_natural_log_tau2_direct_v1,provisional
icu,4,16,-0.724576935389691,21.243180435452793,0.8429191429995114,4.699585043219487,-10.123747021828665,8.674593151049281,cluster_plus_withinstudy,agreement_natural_log_tau2_direct_v1,provisional
icu,5,16,-0.3840127061965646,23.924371428202964,4.093767608032751,5.293216322448546,-10.970445351093657,10.202419938700528,cluster_plus_withinstudy,agreement_natural_log_tau2_direct_v1,provisional
icu,6,16,0.39303206811079405,26.965990497180194,3.4531504451116115,5.515355015073083,-10.637677962035372,11.423742098256959,cluster_plus_withinstudy,agreement_natural_log_tau2_direct_v1,provisional
icu,7,16,-0.7247898825573079,19.62129976834789,3.281533077666869,4.785690425217114,-10.296170732991536,8.846590967876919,cluster_plus_withinstudy,agreement_natural_log_tau2_direct_v1,provisional
icu,8,16,0.7380098573413086,21.038292516956947,3.6260044542939918,4.966316237539746,-9.194622617738183,10.670642332420801,cluster_plus_withinstudy,agreement_natural_log_tau2_direct_v1,provisional
icu,9,16,-0.5386026550510589,24.884618526490843,2.925697257039594,5.273548689784748,-11.085700034620556,10.008494724518437,cluster_plus_withinstudy,agreement_natural_log_tau2_direct_v1,provisional
icu,10,16,-0.7342189847137065,16.890124810038976,0.8515122131901012,4.212082266911352,-9.15838351853641,7.689945549108998,cluster_plus_withinstudy,agreement_natural_log_tau2_direct_v1,provisional
icu,11,16,-0.3870825155557361,23.049832479607577,2.557422182076974,5.0603611196914144,-10.507804754938565,9.733639723827093,cluster_plus_withinstudy,agreement_natural_log_tau2_direct_v1,provisional
icu,12,16,-0.7161170374968665,21.347169065172015,0.7778362591922874,4.703722496530201,-10.123562030557268,8.691327955563535,cluster_plus_withinstudy,agreement_natural_log_tau2_direct_v1,provisional
icu,13,16,-0.22167090003475648,23.04463793810542,2.1661015082932344,5.021029719728679,-10.263730339492113,9.820388539422602,cluster_plus_withinstudy,agreement_natural_log_tau2_direct_v1,provisional
icu,14,16,-0.3868449730473485,19.14857445080645,0.7247594748690048,4.457951763498059,-9.302748500043467,8.529058553948769,cluster_plus_withinstudy,agreement_natural_log_tau2_direct_v1,provisional
icu,15,16,-0.758490446179674,20.232872229274317,5.343298348225343,5.057288856442715,-10.873068159065104,9.356087266705755,cluster_plus_withinstudy,agreement_natural_log_tau2_direct_v1,provisional
icu,16,16,0.48796147634327997,27.96100577901303,5.516711639694241,5.785993209355441,-11.084024942367602,12.059947895054162,cluster_plus_withinstudy,agreement_natural_log_tau2_direct_v1,provisional
icu,17,16,-0.8427944241392997,22.10200469544074,2.025990317713647,4.912025550946818,-10.666845526032935,8.981256677754336,cluster_plus_withinstudy,agreement_natural_log_tau2_direct_v1,provisional
icu,18,16,0.23382917897795724,25.97339542991551,5.564307428983412,5.615843913331186,-10.997858647684414,11.46551700564033,cluster_plus_withinstudy,agreement_natural_log_tau2_direct_v1,provisional
icu,19,16,-0.933575839254024,17.466525247286466,1.4663593027823811,4.351193462725927,-9.635962764705878,7.768811086197831,cluster_plus_withinstudy,agreement_natural_log_tau2_direct_v1,provisional
icu,20,16,-0.34460414338876566,31.747717164733096,1.679816194352074,5.781654897958298,-11.907913939305361,11.218705652527829,cluster_plus_withinstudy,agreement_natural_log_tau2_direct_v1,provisional
icu,21,16,-1.3013458802346292,21.475380746014867,3.729045094958323,5.020400964163439,-11.342147808561508,8.739456048092249,cluster_plus_withinstudy,agreement_natural_log_tau2_direct_v1,provisional
icu,22,16,-0.684549654148175,21.59642001749887,1.6599027556543327,4.822480976961257,-10.329511608070689,8.96041229977434,cluster_plus_withinstudy,agreement_natural_log_tau2_direct_v1,provisional
icu,23,16,-0.7330510142192888,21.529901388911593,1.0634316470559528,4.753244474668597,-10.239539963556483,8.773437935117906,cluster_plus_withinstudy,agreement_natural_log_tau2_direct_v1,provisional
icu,24,16,-0.8297194901898212,24.842986920640616,2.2822593607041886,5.20819030771196,-11.246100105613742,9.586661125234098,cluster_plus_withinstudy,agreement_natural_log_tau2_direct_v1,provisional
icu,25,16,-0.5947682956551443,17.873557814247068,2.706407908499116,4.536514710958864,-9.667797717572872,8.478261126262582,cluster_plus_withinstudy,agreement_natural_log_tau2_direct_v1,provisional
icu,26,16,0.022815906527454945,19.7859590465807,3.853921358436418,4.862086013741131,-9.701356120954806,9.746987934009717,cluster_plus_withinstudy,agreement_natural_log_tau2_direct_v1,provisional
icu,27,16,-0.03762849231830778,21.100948249382256,5.190528061915701,5.12752145888225,-10.292671410082809,10.217414425446192,cluster_plus_withinstudy,agreement_natural_log_tau2_direct_v1,provisional
icu,28,16,-0.11340022070866528,17.070703059841563,4.739316858507253,4.670119904065507,-9.45364002883968,9.226839587422347,cluster_plus_withinstudy,agreement_natural_log_tau2_direct_v1,provisional
icu,29,16,-0.4615291474421248,29.05002912566909,3.026848293594413,5.663645241296766,-11.788819630035658,10.865761335151408,cluster_plus_withinstudy,agreement_natural_log_tau2_direct_v1,provisional
icu,30,16,-1.3352826825004576,26.41516398466775,1.811863868399505,5.312911429062907,-11.96110554062627,9.290540175625356,cluster_plus_withinstudy,agreement_natural_log_tau2_direct_v1,provisional
icu,31,16,-1.925986372075926,21.435351908340497,0.9863775577095568,4.735158863866138,-11.396304099808201,7.54433135565635,cluster_plus_withinstudy,agreement_natural_log_tau2_direct_v1,provisional
icu,32,16,-0.3241402741872177,25.725290365691087,1.9126098017249926,5.257176063954495,-10.838492402096207,10.190211853721774,cluster_plus_withinstudy,agreement_natural_log_tau2_direct_v1,provisional
icu,33,16,-0.8463099056231702,22.52772568108952,2.5262392918665593,5.005393588216223,-10.857097082055617,9.164477270809275,cluster_plus_withinstudy,agreement_natural_log_tau2_direct_v1,provisional
icu,34,16,-0.6332963098968765,21.878037514820782,2.201343387145367,4.907074576768337,-10.44744546343355,9.180852843639798,cluster_plus_withinstudy,agreement_natural_log_tau2_direct_v1,provisional
icu,35,16,-0.5773498987846616,22.42102892925831,5.922678427280876,5.323880854840685,-11.225111608466031,10.07041181089671,cluster_plus_withinstudy,agreement_natural_log_tau2_direct_v1,provisional
icu,36,16,-0.5836435182209616,19.44360398314131,0.4546930897187025,4.460750729738214,-9.50514497769739,8.337857941255466,cluster_plus_withinstudy,agreement_natural_log_tau2_direct_v1,provisional
icu,37,16,-0.9172127705630685,18.568975794679112,3.555374556295421,4.703652873137487,-10.324518516838042,8.490092975711905,cluster_plus_withinstudy,agreement_natural_log_tau2_direct_v1,provisional
icu,38,16,-0.6364345952699308,20.771194655646187,0.12081715569604916,4.570778031292073,-9.777990657854076,8.505121467314215,cluster_plus_withinstudy,agreement_natural_log_tau2_direct_v1,provisional
icu,39,16,-0.7407707436813747,21.113663647481864,0.8893163412621751,4.6907334169342905,-10.122237577549956,8.640696090187205,cluster_plus_withinstudy,agreement_natural_log_tau2_direct_v1,provisional
icu,40,16,-0.9855742610734403,31.34513306278667,2.784905171830617,5.842091939931901,-12.669758140937242,10.698609618790362,cluster_plus_withinstudy,agreement_natural_log_tau2_direct_v1,provisional
icu,41,16,-0.1877225409334457,22.87255693732995,2.957463103608271,5.082324275460808,-10.352371091855062,9.97692600998817,cluster_plus_withinstudy,agreement_natural_log_tau2_direct_v1,provisional
icu,42,16,-0.06724769834579014,30.669406605289637,1.7585759887263954,5.694557278139893,-11.456362254625576,11.321866857933996,cluster_plus_withinstudy,agreement_natural_log_tau2_direct_v1,provisional
icu,43,16,0.6266831349193343,28.242026262476227,4.672978572832448,5.737159997360076,-10.847636859800819,12.101003129639487,cluster_plus_withinstudy,agreement_natural_log_tau2_direct_v1,provisional
icu,44,16,-0.5113296970671853,24.958960004565583,2.3486786270265085,5.225671117817509,-10.962671932702204,9.940012538567832,cluster_plus_withinstudy,agreement_natural_log_tau2_direct_v1,provisional
icu,45,16,0.24007048799839742,22.892896741764403,5.944784137548103,5.370072707078789,-10.500074926159181,10.980215902155974,cluster_plus_withinstudy,agreement_natural_log_tau2_direct_v1,provisional
icu,46,16,-0.5315789893638396,16.73184357634262,2.6568660030465368,4.403261243599925,-9.33810147656369,8.27494349783601,cluster_plus_withinstudy,agreement_natural_log_tau2_direct_v1,provisional
icu,47,16,0.00898725977871322,31.52408006481088,6.83522996602333,6.1934893259643395,-12.377991392149966,12.395965911707393,cluster_plus_withinstudy,agreement_natural_log_tau2_direct_v1,provisional
icu,48,16,-1.2403840768643815,27.311955529335087,0.40959051366552707,5.265125453681101,-11.770634984226584,9.28986683049782,cluster_plus_withinstudy,agreement_natural_log_tau2_direct_v1,provisional
icu,49,16,0.6763904459711036,28.78559743118901,6.526733533309606,5.942417939231354,-11.208445432491605,12.561226324433811,cluster_plus_withinstudy,agreement_natural_log_tau2_direct_v1,provisional
icu,50,16,-0.7972729825518758,20.620308339981037,1.0047885267399284,4.650279224597268,-10.097831431746412,8.50328546664266,cluster_plus_withinstudy,agreement_natural_log_tau2_direct_v1,provisional
icu,51,16,-1.5755877588825955,20.03576865497931,2.570821405238545,4.7546387938746575,-11.084865346631911,7.9336898288667195,cluster_plus_withinstudy,agreement_natural_log_tau2_direct_v1,provisional
icu,52,16,-1.2247898828131558,22.43264574925592,2.3536991382956582,4.978588644139178,-11.181967171091511,8.7323874054652,cluster_plus_withinstudy,agreement_natural_log_tau2_direct_v1,provisional
icu,53,16,-0.027669236414565448,21.5139456489852,4.150543898598249,5.0660131807550055,-10.159695597924577,10.104357125095445,cluster_plus_withinstudy,agreement_natural_log_tau2_direct_v1,provisional
icu,54,16,-1.5950934740892269,21.723845614251328,1.0403087691473387,4.771179558913987,-11.137452591917201,7.947265643738747,cluster_plus_withinstudy,agreement_natural_log_tau2_direct_v1,provisional
icu,55,16,-0.43195214023265205,25.473144006126304,2.7498708343352263,5.312533749583293,-11.05701963939924,10.193115358933934,cluster_plus_withinstudy,agreement_natural_log_tau2_direct_v1,provisional
icu,56,16,-0.2116347290118449,19.74948515923961,1.477169601110592,4.6072393860478105,-9.426113501107466,9.002844043083776,cluster_plus_withinstudy,agreement_natural_log_tau2_direct_v1,provisional
icu,57,16,-0.9913132855791221,16.087824427412407,1.025852915780317,4.136868059679052,-9.265049404937226,7.282422833778981,cluster_plus_withinstudy,agreement_natural_log_tau2_direct_v1,provisional
icu,58,16,-0.1615194465112295,25.745731742048488,2.9623126561277235,5.357988838937257,-10.877497124385744,10.554458231363284,cluster_plus_withinstudy,agreement_natural_log_tau2_direct_v1,provisional
icu,59,16,-0.6562745964301412,31.111702815126236,5.455099553353141,6.04704906284705,-12.75037272212424,11.437823529263959,cluster_plus_withinstudy,agreement_natural_log_tau2_direct_v1,provisional
icu,60,16,0.8539585971188454,23.422291133854273,7.85843657882524,5.592917638646176,-10.331876680173506,12.039793874411197,cluster_plus_withinstudy,agreement_natural_log_tau2_direct_v1,provisional
icu,61,16,-1.335511978995841,24.062169342762513,1.2992173926949167,5.036009008675166,-11.407529996346174,8.736506038354491,cluster_plus_withinstudy,agreement_natural_log_tau2_direct_v1,provisional
icu,62,16,0.6027415414136333,34.08107418946247,6.342415485303728,6.357946970112773,-12.113152398811913,13.31863548163918,cluster_plus_withinstudy,agreement_natural_log_tau2_direct_v1,provisional
icu,63,16,0.9965336622177833,18.388139674582288,3.5004228574840712,4.678521404468121,-8.360509146718458,10.353576471154026,cluster_plus_withinstudy,agreement_natural_log_tau2_direct_v1,provisional
icu,64,16,-0.661201596808612,21.264896503326423,1.9480301715741408,4.81797952205077,-10.297160640910151,8.974757447292928,cluster_plus_withinstudy,agreement_natural_log_tau2_direct_v1,provisional
icu,65,16,-0.8166687370022686,29.354658737034875,2.320496866717485,5.628068550022499,-12.072805837047268,10.43946836304273,cluster_plus_withinstudy,agreement_natural_log_tau2_direct_v1,provisional
icu,66,16,0.24165671876045433,29.635247467805442,4.719383894262823,5.86128239910587,-11.480908079451286,11.964221516972195,cluster_plus_withinstudy,agreement_natural_log_tau2_direct_v1,provisional
icu,67,16,-1.1743281872455191,18.908287132828132,0.7660824179606162,4.435579956532037,-10.045488100309594,7.696831725818555,cluster_plus_withinstudy,agreement_natural_log_tau2_direct_v1,provisional
icu,68,16,-0.6924413866683883,26.892512878336472,4.316397842915591,5.58649359806776,-11.865428582803908,10.48054580946713,cluster_plus_withinstudy,agreement_natural_log_tau2_direct_v1,provisional
icu,69,16,-0.3763594574979002,27.463887226309456,2.5815107327193703,5.481368256104385,-11.339095969706669,10.58637705471087,cluster_plus_withinstudy,agreement_natural_log_tau2_direct_v1,provisional
icu,70,16,-0.09737102262924034,21.428113738189857,2.2437463348693827,4.865373580009991,-9.828118182649222,9.633376137390742,cluster_plus_withinstudy,agreement_natural_log_tau2_direct_v1,provisional
icu,71,16,-1.1045731427478127,22.544641082195064,1.0778165055952436,4.8602939816219255,-10.825161105991663,8.616014820496039,cluster_plus_withinstudy,agreement_natural_log_tau2_direct_v1,provisional
icu,72,16,0.5810267696068966,23.83034850907614,8.102465464051043,5.650912667271295,-10.720798564935693,11.882852104149487,cluster_plus_withinstudy,agreement_natural_log_tau2_direct_v1,provisional
icu,73,16,-0.4337060546972738,23.842978827000763,2.833304717681071,5.164908861217382,-10.763523777132038,9.896111667737491,cluster_plus_withinstudy,agreement_natural_log_tau2_direct_v1,provisional
icu,74,16,-0.3819121952439321,26.925389771122198,2.6046411751947036,5.4341541150685915,-11.250220425381116,10.48639603489325,cluster_plus_withinstudy,agreement_natural_log_tau2_direct_v1,provisional
icu,75,16,-0.6399588235226492,17.006535269865367,2.784174704689783,4.448675080802727,-9.537308985128103,8.257391338082805,cluster_plus_withinstudy,agreement_natural_log_tau2_direct_v1,provisional
icu,76,16,0.14406313758553146,23.70184967638065,4.835801204830343,5.342064290254377,-10.540065442923222,10.828191718094285,cluster_plus_withinstudy,agreement_natural_log_tau2_direct_v1,provisional
icu,77,16,-0.19238015539314493,17.12939778743418,3.268192538288499,4.516369152950484,-9.225118461294114,8.840358150507823,cluster_plus_withinstudy,agreement_natural_log_tau2_direct_v1,provisional
icu,78,16,-0.47098296229690934,27.856424869781836,2.703822844693407,5.528132389376655,-11.52724774105022,10.5852818164564,cluster_plus_withinstudy,agreement_natural_log_tau2_direct_v1,provisional
icu,79,16,-0.3065678738517484,18.098735775291132,2.6709262680655628,4.557374468195114,-9.421316810241976,8.80818106253848,cluster_plus_withinstudy,agreement_natural_log_tau2_direct_v1,provisional
icu,80,16,-0.5356639712329011,25.672680999219473,3.4774942464024168,5.399090223882343,-11.333844418997588,10.262516476531784,cluster_plus_withinstudy,agreement_natural_log_tau2_direct_v1,provisional
icu,81,16,0.5463330329362759,31.56884462027815,7.9239954063845195,6.284332902278703,-12.02233277162113,13.114998837493683,cluster_plus_withinstudy,agreement_natural_log_tau2_direct_v1,provisional
icu,82,16,-0.7967636555450927,20.48766082302318,1.0328189754306776,4.639017115559486,-10.074797886664065,8.48127057557388,cluster_plus_withinstudy,agreement_natural_log_tau2_direct_v1,provisional
icu,83,16,-0.7621918505752521,18.2824662979913,0.9629111844512105,4.3869553773024075,-9.536102605180067,8.011718904029562,cluster_plus_withinstudy,agreement_natural_log_tau2_direct_v1,provisional
icu,84,16,-1.3031588901283713,18.680488028020033,2.272712050462923,4.577466556784763,-10.458092003697898,7.851774223441156,cluster_plus_withinstudy,agreement_natural_log_tau2_direct_v1,provisional
icu,85,16,-0.26412296768725424,23.79808392004139,5.984312356937742,5.457325011118463,-11.178772989924179,10.650527054549672,cluster_plus_withinstudy,agreement_natural_log_tau2_direct_v1,provisional
icu,86,16,-0.32134769100607785,17.13860078792229,2.118224949409477,4.388259989714803,-9.097867670435685,8.455172288423528,cluster_plus_withinstudy,agreement_natural_log_tau2_direct_v1,provisional
icu,87,16,-0.5620308259724224,22.76580758905806,4.33921610958834,5.206248524479637,-10.974527874931697,9.850466222986851,cluster_plus_withinstudy,agreement_natural_log_tau2_direct_v1,provisional
icu,88,16,-0.8038534967243625,23.777905957804027,1.8165458693832028,5.059095949592894,-10.922045395910152,9.314338402461425,cluster_plus_withinstudy,agreement_natural_log_tau2_direct_v1,provisional
icu,89,16,-1.1610217691834017,14.481819903569662,1.5303054685326354,4.001515384464028,-9.164052538111457,6.842008999744655,cluster_plus_withinstudy,agreement_natural_log_tau2_direct_v1,provisional
icu,90,16,-0.9548988965461938,19.0112625166042,0.5498500432204314,4.422794654946647,-9.800488206439487,7.8906904133471,cluster_plus_withinstudy,agreement_natural_log_tau2_direct_v1,provisional
icu,91,16,-0.7762187816898939,16.549535162124073,2.1978321432572856,4.329823010860993,-9.43586480341188,7.883427240032092,cluster_plus_withinstudy,agreement_natural_log_tau2_direct_v1,provisional
icu,92,16,0.5682508563240062,22.344992652897453,5.816911056432691,5.306779033399652,-10.045307210475297,11.18180892312331,cluster_plus_withinstudy,agreement_natural_log_tau2_direct_v1,provisional
icu,93,16,-1.1261069037023559,17.561568729867115,0.6892211447242056,4.272094319486793,-9.670295542675941,7.41808173527123,cluster_plus_withinstudy,agreement_natural_log_tau2_direct_v1,provisional
icu,94,16,-0.5669079279702856,31.27246379269405,3.0864865374977635,5.861650819538112,-12.29020956704651,11.156393711105938,cluster_plus_withinstudy,agreement_natural_log_tau2_direct_v1,provisional
icu,95,16,-0.7939403472930394,15.491248129017194,0.5494853176060128,4.005088444294733,-8.804117235882506,7.216236541296427,cluster_plus_withinstudy,agreement_natural_log_tau2_direct_v1,provisional
icu,96,16,-0.1238577094839051,21.510882331967967,3.924618398130017,5.043362046303833,-10.210581802091571,9.96286638312376,cluster_plus_withinstudy,agreement_natural_log_tau2_direct_v1,provisional
icu,97,16,-0.8149059541293955,16.25298334418787,1.110591694193455,4.166962327449257,-9.14883060902791,7.519018700769118,cluster_plus_withinstudy,agreement_natural_log_tau2_direct_v1,provisional
icu,98,16,-1.4476295764608018,24.738522312797805,2.894180784536975,5.256681757281372,-11.960993091023546,9.065733938101943,cluster_plus_withinstudy,agreement_natural_log_tau2_direct_v1,provisional
icu,99,16,0.9698670039847609,24.526558372316444,5.85861292070748,5.512274602468923,-10.054682200953085,11.994416208922608,cluster_plus_withinstudy,agreement_natural_log_tau2_direct_v1,provisional
icu,100,16,-0.5124379046958454,23.619492248607802,4.005878814890165,5.255984309670071,-11.024406524035987,9.999530714644296,cluster_plus_withinstudy,agreement_natural_log_tau2_direct_v1,provisional
icu,101,16,-1.0304531482442252,27.730653423163265,1.751685577637916,5.4297641754316714,-11.889981499107568,9.829075202619117,cluster_plus_withinstudy,agreement_natural_log_tau2_direct_v1,provisional
icu,102,16,-0.3946853989333921,26.649921891725914,2.602427224429442,5.408544084701108,-11.211773568335609,10.422402770468825,cluster_plus_withinstudy,agreement_natural_log_tau2_direct_v1,provisional
icu,103,16,-0.3694807418714883,19.283288804975236,1.505277495264796,4.559448025829446,-9.48837679353038,8.749415309787404,cluster_plus_withinstudy,agreement_natural_log_tau2_direct_v1,provisional
icu,104,16,-0.3371264290730203,29.191473916852125,2.8624194180527374,5.66161578835096,-11.66035800577494,10.9861051476289,cluster_plus_withinstudy,agreement_natural_log_tau2_direct_v1,provisional
icu,105,16,-0.37016103350508667,28.670710160379006,4.42300623419022,5.752713828669841,-11.875588690844769,11.135266623834596,cluster_plus_withinstudy,agreement_natural_log_tau2_direct_v1,provisional
icu,106,16,-0.6015923174313891,13.09371661602869,1.231146719483001,3.784820119307084,-8.171232556045558,6.968047921182779,cluster_plus_withinstudy,agreement_natural_log_tau2_direct_v1,provisional
icu,107,16,-1.1860179582105506,22.131717789274656,0.4363079991419042,4.750581626329197,-10.687181210868944,8.315145294447843,cluster_plus_withinstudy,agreement_natural_log_tau2_direct_v1,provisional
icu,108,16,-0.9386371248669058,28.80590829504967,2.9073077976420683,5.631448844896998,-12.201534814660903,10.32426056492709,cluster_plus_withinstudy,agreement_natural_log_tau2_direct_v1,provisional
icu,109,16,0.07141392081535003,25.499656808242552,3.5434618107846085,5.38916678337451,-10.706919645933668,10.84974748756437,cluster_plus_withinstudy,agreement_natural_log_tau2_direct_v1,provisional
icu,110,16,0.41992311510433034,29.791595764973188,3.416953311446076,5.762685925540214,-11.105448735976097,11.945294966184758,cluster_plus_withinstudy,agreement_natural_log_tau2_direct_v1,provisional
icu,111,16,-0.7509712013305396,16.9104772623187,0.43377126857525117,4.164642665450897,-9.080256532232333,7.578314129571254,cluster_plus_withinstudy,agreement_natural_log_tau2_direct_v1,provisional
icu,112,16,-0.6289665024962193,24.810779531274903,1.6757841699516762,5.146509856322688,-10.921986215141596,9.664053210149158,cluster_plus_withinstudy,agreement_natural_log_tau2_direct_v1,provisional
icu,113,16,-0.02215202957089872,27.098437900316107,4.803470965544053,5.648177481795359,-11.318506993161616,11.274202934019819,cluster_plus_withinstudy,agreement_natural_log_tau2_direct_v1,provisional
icu,114,16,-0.37464375196304245,29.057017605272016,6.002955187244163,5.921146239750896,-12.216936231464834,11.46764872753875,cluster_plus_withinstudy,agreement_natural_log_tau2_direct_v1,provisional
icu,115,16,-0.9614478099679654,32.30386323922558,0.9893284725963737,5.770025278265422,-12.50149836649881,10.578602746562877,cluster_plus_withinstudy,agreement_natural_log_tau2_direct_v1,provisional
icu,116,16,-0.5835636117733574,26.77787022218543,0.9956433697122679,5.270058215228528,-11.123680042230413,9.956552818683699,cluster_plus_withinstudy,agreement_natural_log_tau2_direct_v1,provisional
icu,117,16,-0.29311054149678717,29.417496323436954,3.5485275695320757,5.741604644432515,-11.776319830361818,11.190098747368243,cluster_plus_withinstudy,agreement_natural_log_tau2_direct_v1,provisional
icu,118,16,0.4754556726683374,28.819286995728117,5.9072666107317735,5.892924028566793,-11.31039238446525,12.261303729801924,cluster_plus_withinstudy,agreement_natural_log_tau2_direct_v1,provisional
icu,119,16,-0.47746237251430057,22.93411735795377,2.973024727474989,5.089905901431652,-10.657274175377605,9.702349430349003,cluster_plus_withinstudy,agreement_natural_log_tau2_direct_v1,provisional
icu,120,16,0.09804802887553488,17.345775553108318,1.0823525665285738,4.292799566674048,-8.48755110447256,8.68364716222363,cluster_plus_withinstudy,agreement_natural_log_tau2_direct_v1,provisional
icu,121,16,0.7075179070959695,22.00369113085658,5.235629950528813,5.21913029933009,-9.730742691564211,11.14577850575615,cluster_plus_withinstudy,agreement_natural_log_tau2_direct_v1,provisional
icu,122,16,0.16392678495910531,20.02317741328987,4.832482349307104,4.985545081793662,-9.807163378628218,10.13501694854643,cluster_plus_withinstudy,agreement_natural_log_tau2_direct_v1,provisional
icu,123,16,-0.6256124631093601,19.672027395170993,1.25106984012774,4.574177219489723,-9.773966902088807,8.522741975870085,cluster_plus_withinstudy,agreement_natural_log_tau2_direct_v1,provisional
icu,124,16,0.16543299098497827,27.436718776095507,2.0819268591389095,5.433106444312905,-10.700779897640832,11.031645879610789,cluster_plus_withinstudy,agreement_natural_log_tau2_direct_v1,provisional
icu,125,16,-0.3459623702474302,20.510849712930817,2.580917209871029,4.805389362247543,-9.956741094742517,9.264816354247655,cluster_plus_withinstudy,agreement_natural_log_tau2_direct_v1,provisional
icu,126,16,-0.42997727522445595,26.252583738321963,1.2643823255556397,5.245661642145594,-10.921300559515643,10.061346009066732,cluster_plus_withinstudy,agreement_natural_log_tau2_direct_v1,provisional
icu,127,16,-0.9609744962012448,22.01327291756093,1.188055618062646,4.816775740640576,-10.594525977482398,8.672576985079907,cluster_plus_withinstudy,agreement_natural_log_tau2_direct_v1,provisional
icu,128,16,-0.760910412496037,16.004408598246798,2.0932972352576993,4.254139846491238,-9.269190105478513,7.747369280486439,cluster_plus_withinstudy,agreement_natural_log_tau2_direct_v1,provisional
icu,129,16,-0.0943691556215595,21.764637448283008,3.6310023787941192,5.039408678315058,-10.173186512251675,9.984448201008558,cluster_plus_withinstudy,agreement_natural_log_tau2_direct_v1,provisional
icu,130,16,-0.9066089739278895,25.354112665930124,0.9959142534382636,5.133227729155252,-11.173064432238395,9.359846484382615,cluster_plus_withinstudy,agreement_natural_log_tau2_direct_v1,provisional
icu,131,16,-0.7226490488457452,16.77338751865845,3.385769636887785,4.489895004957937,-9.70243905876162,8.257140961070128,cluster_plus_withinstudy,agreement_natural_log_tau2_direct_v1,provisional
icu,132,16,0.33885867967500505,25.607580938056252,6.102494001817392,5.63116994414781,-10.923481208620615,11.601198567970624,cluster_plus_withinstudy,agreement_natural_log_tau2_direct_v1,provisional
icu,133,16,-0.9330256249556378,23.733726038791236,0.652767153956864,4.938268238233733,-10.809562101423104,8.943510851511828,cluster_plus_withinstudy,agreement_natural_log_tau2_direct_v1,provisional
icu,134,16,-1.4854794070143695,27.461307733038012,0.8392402957258245,5.319825939705531,-12.125131286425432,9.154172472396692,cluster_plus_withinstudy,agreement_natural_log_tau2_direct_v1,provisional
icu,135,16,-1.0715119476493238,18.795587539607354,1.868457580565601,4.545772224845076,-10.163056397339476,8.020032502040829,cluster_plus_withinstudy,agreement_natural_log_tau2_direct_v1,provisional
icu,136,16,-0.7024316323135886,20.679953053948203,0.5008403838857457,4.602259601308248,-9.906950834930084,8.502087570302907,cluster_plus_withinstudy,agreement_natural_log_tau2_direct_v1,provisional
icu,137,16,-1.0803283066745473,18.685425164591866,2.0950915969483117,4.558565208652848,-10.197458723980242,8.036802110631148,cluster_plus_withinstudy,agreement_natural_log_tau2_direct_v1,provisional
icu,138,16,-0.24410993434402065,18.972387883592464,5.827222776345689,4.97992074835917,-10.203951431062361,9.71573156237432,cluster_plus_withinstudy,agreement_natural_log_tau2_direct_v1,provisional
icu,139,16,-0.43357873283269444,15.865470282908111,2.34095588627227,4.266898893714307,-8.96737652026131,8.10021905459592,cluster_plus_withinstudy,agreement_natural_log_tau2_direct_v1,provisional
icu,140,16,0.309625293785145,24.47477140406336,5.890962638374962,5.510511232402881,-10.711397171020618,11.330647758590906,cluster_plus_withinstudy,agreement_natural_log_tau2_direct_v1,provisional
icu,141,16,-0.22254252666522648,18.822930195057477,2.717314362986445,4.641146901148888,-9.504836328963002,9.05975127563255,cluster_plus_withinstudy,agreement_natural_log_tau2_direct_v1,provisional
icu,142,16,-0.7949709492024769,21.253812450818565,0.8544965797100301,4.7019473657760775,-10.198865680754633,8.608923782349677,cluster_plus_withinstudy,agreement_natural_log_tau2_direct_v1,provisional
icu,143,16,-0.6623114569466916,20.293867689038326,2.28442325876391,4.751661914299274,-10.165635285545239,8.841012371651857,cluster_plus_withinstudy,agreement_natural_log_tau2_direct_v1,provisional
icu,144,16,0.04725760032663845,22.594058833930205,4.976415340238512,5.250759390237636,-10.454261180148634,10.548776380801911,cluster_plus_withinstudy,agreement_natural_log_tau2_direct_v1,provisional
icu,145,16,0.09934429793482517,19.466683002416275,2.0409627601898532,4.6376336382476495,-9.175922978560473,9.374611574430125,cluster_plus_withinstudy,agreement_natural_log_tau2_direct_v1,provisional
icu,146,16,-0.6144385662849918,22.743718382690375,2.586786591456626,5.032941980010002,-10.680322526304996,9.451445393735012,cluster_plus_withinstudy,agreement_natural_log_tau2_direct_v1,provisional
icu,147,16,-1.357059875032854,27.185387459012418,1.456167862875129,5.351780574900988,-12.06062102483483,9.346501274769121,cluster_plus_withinstudy,agreement_natural_log_tau2_direct_v1,provisional
icu,148,16,0.5082215881507485,18.397938369164432,7.891582136276911,5.127330738838811,-9.746439889526874,10.76288306582837,cluster_plus_withinstudy,agreement_natural_log_tau2_direct_v1,provisional
icu,149,16,0.2920887803833822,24.361885281463454,5.150392397337861,5.4325203799710975,-10.572951979558812,11.157129540325577,cluster_plus_withinstudy,agreement_natural_log_tau2_direct_v1,provisional
icu,150,16,-0.7840146699121356,23.680083297777855,1.5883696879533198,5.0267736159221625,-10.83756190175646,9.26953256193219,cluster_plus_withinstudy,agreement_natural_log_tau2_direct_v1,provisional
icu,151,16,-0.26778372218564295,27.78285338118664,2.3737850582710642,5.49150602653386,-11.250795775253362,10.715228330882077,cluster_plus_withinstudy,agreement_natural_log_tau2_direct_v1,provisional
icu,152,16,-0.7426324173637892,17.612707117411208,0.47281964317481084,4.252708167813307,-9.248048752990403,7.7627839182628255,cluster_plus_withinstudy,agreement_natural_log_tau2_direct_v1,provisional
icu,153,16,-0.8018354136976763,23.524953569968158,2.7776711627036192,5.1286084596771255,-11.059052333051927,9.455381505656575,cluster_plus_withinstudy,agreement_natural_log_tau2_direct_v1,provisional
icu,154,16,-0.8889257359412913,21.683728621962413,2.578895488565916,4.925710518344367,-10.740346772630025,8.962495300747443,cluster_plus_withinstudy,agreement_natural_log_tau2_direct_v1,provisional
icu,155,16,-1.2733008990792916,23.257950009203146,1.1684663612557655,4.942308809702093,-11.157918518483477,8.611316720324893,cluster_plus_withinstudy,agreement_natural_log_tau2_direct_v1,provisional
icu,156,16,-1.2698378310727285,25.004837836571873,0.538227018709228,5.0540147264606485,-11.377867283994025,8.83819162184857,cluster_plus_withinstudy,agreement_natural_log_tau2_direct_v1,provisional
icu,157,16,-0.0755770181884488,22.092720989311815,0.9858523003080707,4.804016370665267,-9.683609759518983,9.532455723142085,cluster_plus_withinstudy,agreement_natural_log_tau2_direct_v1,provisional
icu,158,16,-0.1395420732256221,18.84592482921006,3.3821426035345135,4.714665145346441,-9.568872363918503,9.28978821746726,cluster_plus_withinstudy,agreement_natural_log_tau2_direct_v1,provisional
icu,159,16,-0.4721631756157405,18.571456269752343,1.1786773860985882,4.44411224609043,-9.360387667796601,8.41606131656512,cluster_plus_withinstudy,agreement_natural_log_tau2_direct_v1,provisional
icu,160,16,-0.9872556994692866,25.313290115822685,0.9208397528069954,5.12192638258592,-11.231108464641126,9.256597065702552,cluster_plus_withinstudy,agreement_natural_log_tau2_direct_v1,provisional
icu,161,16,-0.44338460509031274,20.007478386519775,2.258689060669664,4.718704000802491,-9.880792606695294,8.99402339651467,cluster_plus_withinstudy,agreement_natural_log_tau2_direct_v1,provisional
icu,162,16,0.23175412842858684,30.964932152334185,3.00509871910311,5.828381496731086,-11.425008865033584,11.888517121890759,cluster_plus_withinstudy,agreement_natural_log_tau2_direct_v1,provisional
icu,163,16,0.7335497901222247,25.669116120372134,4.119742926421105,5.45791709783075,-10.182284405539274,11.649383985783725,cluster_plus_withinstudy,agreement_natural_log_tau2_direct_v1,provisional
icu,164,16,-1.0740516502701842,20.822418118461698,1.29969465351274,4.703415011666995,-10.480881673604173,8.332778373063807,cluster_plus_withinstudy,agreement_natural_log_tau2_direct_v1,provisional
icu,165,16,-0.4951099520823876,21.18557787989597,1.6474931360608176,4.778396280757466,-10.05190251359732,9.061682609432545,cluster_plus_withinstudy,agreement_natural_log_tau2_direct_v1,provisional
icu,166,16,-0.7066223671331885,20.401447448399217,0.9627389583700008,4.622140889973954,-9.950904147081097,8.537659412814719,cluster_plus_withinstudy,agreement_natural_log_tau2_direct_v1,provisional
icu,167,16,-0.49047693552117855,24.32689718100578,2.1505270244544823,5.14562184827648,-10.781720632074139,9.800766761031783,cluster_plus_withinstudy,agreement_natural_log_tau2_direct_v1,provisional
icu,168,16,-0.04552103207383669,23.770332589368497,3.784836944928597,5.249301813984132,-10.5441246600421,10.453082595894427,cluster_plus_withinstudy,agreement_natural_log_tau2_direct_v1,provisional
icu,169,16,-0.8581467223411363,20.782671802968107,1.093472431065505,4.67719405563139,-10.212534833603916,8.496241388921645,cluster_plus_withinstudy,agreement_natural_log_tau2_direct_v1,provisional
icu,170,16,-0.28276644195147993,20.667250190278924,1.8918509786270188,4.749642214831128,-9.782050871613736,9.216517987710775,cluster_plus_withinstudy,agreement_natural_log_tau2_direct_v1,provisional
icu,171,16,-0.7608813433493041,25.015821902231707,2.6132956648054937,5.256340701194815,-11.273562745738934,9.751800059040326,cluster_plus_withinstudy,agreement_natural_log_tau2_direct_v1,provisional
icu,172,16,-0.9216278453556799,22.233415699784825,0.9632235024566773,4.816288945053183,-10.554205735462046,8.710950044750687,cluster_plus_withinstudy,agreement_natural_log_tau2_direct_v1,provisional
icu,173,16,-0.6243538377340526,20.37255621834863,2.483708804842492,4.7808226303839305,-10.185999098501913,8.937291423033809,cluster_plus_withinstudy,agreement_natural_log_tau2_direct_v1,provisional
icu,174,16,-0.13120592775170212,18.605258413563284,2.0634040282579975,4.546280066364289,-9.22376606048028,8.961354204976875,cluster_plus_withinstudy,agreement_natural_log_tau2_direct_v1,provisional
icu,175,16,-0.477552674307741,19.76487901536679,2.23850391386778,4.690776367429444,-9.859105409166629,8.904000060551146,cluster_plus_withinstudy,agreement_natural_log_tau2_direct_v1,provisional
icu,176,16,-0.6892450188973878,20.46769426658842,2.30349155084595,4.7719163673973135,-10.233077753692015,8.854587715897239,cluster_plus_withinstudy,agreement_natural_log_tau2_direct_v1,provisional
icu,177,16,-0.04233789072783688,22.32102442761901,3.61301846161886,5.092547779769756,-10.227433450267348,10.142757668811676,cluster_plus_withinstudy,agreement_natural_log_tau2_direct_v1,provisional
icu,178,16,-0.41922149655211427,25.844616924530108,2.9649793148956274,5.367457148354865,-11.154135793261844,10.315692800157617,cluster_plus_withinstudy,agreement_natural_log_tau2_direct_v1,provisional
icu,179,16,-1.1631019418993078,21.807715670762292,2.6467231389413555,4.945142951392168,-11.053387844683645,8.727183960885029,cluster_plus_withinstudy,agreement_natural_log_tau2_direct_v1,provisional
icu,180,16,-1.0203555128715562,26.98511704751128,5.492464503967697,5.698910558297873,-12.418176629467304,10.37746560372419,cluster_plus_withinstudy,agreement_natural_log_tau2_direct_v1,provisional
icu,181,16,-0.7859904365170325,22.14867803335983,2.9219842844908546,5.007061245666033,-10.800112927849097,9.228132054815033,cluster_plus_withinstudy,agreement_natural_log_tau2_direct_v1,provisional
icu,182,16,0.044732467953212396,18.824536224520582,3.295889289627684,4.703235643059815,-9.361738818166417,9.451203754072841,cluster_plus_withinstudy,agreement_natural_log_tau2_direct_v1,provisional
icu,183,16,0.4619536807711019,24.484447648081925,6.027856561203905,5.52379436703484,-10.58563505329858,11.509542414840782,cluster_plus_withinstudy,agreement_natural_log_tau2_direct_v1,provisional
icu,184,16,-0.023319044132520124,22.648583357293038,2.2466845702657476,4.989515800912828,-10.002350645958177,9.955712557693136,cluster_plus_withinstudy,agreement_natural_log_tau2_direct_v1,provisional
icu,185,16,-0.13071384461172697,28.939445622631116,3.552076904063955,5.700133553408645,-11.530980951429017,11.269553262205564,cluster_plus_withinstudy,agreement_natural_log_tau2_direct_v1,provisional
icu,186,16,-0.33430610841093455,19.825781592303784,2.881209341712413,4.765185299022085,-9.864676706455105,9.196064489633235,cluster_plus_withinstudy,agreement_natural_log_tau2_direct_v1,provisional
icu,187,16,-0.040987138366762293,23.494806704083707,3.5605410117529903,5.201475532561573,-10.443938203489909,10.361963926756383,cluster_plus_withinstudy,agreement_natural_log_tau2_direct_v1,provisional
icu,188,16,-1.0525184663650364,23.52208509659098,3.561011070725282,5.204142212441572,-11.46080289124818,9.355765958518107,cluster_plus_withinstudy,agreement_natural_log_tau2_direct_v1,provisional
icu,189,16,-1.1262954221151655,16.403506410250383,1.1203056176186814,4.186145246867225,-9.498585915849615,7.2459950716192845,cluster_plus_withinstudy,agreement_natural_log_tau2_direct_v1,provisional
icu,190,16,-0.822669212869962,24.82263814597457,1.0941790072572994,5.0908562298725215,-11.004381672615004,9.359043246875082,cluster_plus_withinstudy,agreement_natural_log_tau2_direct_v1,provisional
icu,191,16,-0.2597943746686095,25.511339926742277,2.468651687399628,5.289611669502961,-10.839017713674533,10.319428964337312,cluster_plus_withinstudy,agreement_natural_log_tau2_direct_v1,provisional
icu,192,16,-0.9047525135139871,20.183916743612357,0.7714248637800769,4.577700471567841,-10.060153456649669,8.250648429621695,cluster_plus_withinstudy,agreement_natural_log_tau2_direct_v1,provisional
icu,193,16,-0.6694093188940872,31.93247742830988,0.29517294654009557,5.676940229987451,-12.02328977886899,10.684471141080815,cluster_plus_withinstudy,agreement_natural_log_tau2_direct_v1,provisional
icu,194,16,-0.5811107096207777,21.915241064123563,1.6097233082921356,4.850254052358052,-10.28161881433688,9.119397395095326,cluster_plus_withinstudy,agreement_natural_log_tau2_direct_v1,provisional
icu,195,16,-0.20566089804090495,19.622120236673084,0.12261871011534943,4.443505254502174,-9.092671407045254,8.681349610963442,cluster_plus_withinstudy,agreement_natural_log_tau2_direct_v1,provisional
icu,196,16,-0.08869204123622235,19.09307391448348,1.475741301068312,4.53528557155465,-9.159263184345521,8.981879101873078,cluster_plus_withinstudy,agreement_natural_log_tau2_direct_v1,provisional
icu,197,16,0.0006078061228775784,22.297667259178333,3.848873632876855,5.113368839821277,-10.226129873519676,10.227345485765431,cluster_plus_withinstudy,agreement_natural_log_tau2_direct_v1,provisional
icu,198,16,-0.7332023232277451,19.738006520343955,4.2754859942693235,4.900356366083316,-10.533915055394377,9.067510408938887,cluster_plus_withinstudy,agreement_natural_log_tau2_direct_v1,provisional
icu,199,16,-0.6203964637368914,15.24958008549848,1.2583554460329518,4.062995881308696,-8.746388226354284,7.505595298880501,cluster_plus_withinstudy,agreement_natural_log_tau2_direct_v1,provisional
icu,200,16,-0.16090713031628825,23.832111917372565,3.1556994998181453,5.194979443384806,-10.5508660170859,10.229051756453325,cluster_plus_withinstudy,agreement_natural_log_tau2_direct_v1,provisional
icu,201,16,-0.7431201362703391,23.106508167227748,3.3082675124770224,5.139530686716908,-11.022181509704154,9.535941237163478,cluster_plus_withinstudy,agreement_natural_log_tau2_direct_v1,provisional
icu,202,16,0.24552846935794603,18.16618707787052,4.884160948737007,4.801077798433132,-9.356627127508318,9.847684066224211,cluster_plus_withinstudy,agreement_natural_log_tau2_direct_v1,provisional
icu,203,16,0.4949750731014403,30.712343309370144,8.679939390351006,6.27632716640243,-12.05767925970342,13.0476294059063,cluster_plus_withinstudy,agreement_natural_log_tau2_direct_v1,provisional
icu,204,16,-0.5265852444795809,19.498187721542465,4.030352603895982,4.850622673991293,-10.227830592462167,9.174660103503006,cluster_plus_withinstudy,agreement_natural_log_tau2_direct_v1,provisional
icu,205,16,-1.2005134972788867,21.1175227028955,1.1096360909050742,4.714568781320363,-10.629651059919613,8.228624065361839,cluster_plus_withinstudy,agreement_natural_log_tau2_direct_v1,provisional
icu,206,16,-0.01302749870046204,20.814580240269972,2.6475597905971777,4.843773325710767,-9.700574150121996,9.674519152721073,cluster_plus_withinstudy,agreement_natural_log_tau2_direct_v1,provisional
icu,207,16,-0.11292055975962248,21.96455726413181,1.8377252775520203,4.878758299166278,-9.870437158092178,9.644596038572933,cluster_plus_withinstudy,agreement_natural_log_tau2_direct_v1,provisional
icu,208,16,-0.25847957362323004,19.589301291479522,0.7007606471874873,4.504449127103891,-9.267377827831012,8.750418680584552,cluster_plus_withinstudy,agreement_natural_log_tau2_direct_v1,provisional
icu,209,16,-0.8519961726360545,23.7087358716431,0.7855764530417709,4.949172892987764,-10.750341958611582,9.046349613339473,cluster_plus_withinstudy,agreement_natural_log_tau2_direct_v1,provisional
icu,210,16,-1.2246071067541662,17.199885082578078,1.1825794740394302,4.287477645028311,-9.799562396810789,7.350348183302455,cluster_plus_withinstudy,agreement_natural_log_tau2_direct_v1,provisional
icu,211,16,-0.9771230826627514,17.34953527067493,1.7587137741560817,4.3712983248493815,-9.719719732361515,7.765473567036012,cluster_plus_withinstudy,agreement_natural_log_tau2_direct_v1,provisional
icu,212,16,0.11733585841776055,20.72958720358437,3.8314644033914123,4.95591077471899,-9.794485691020219,10.02915740785574,cluster_plus_withinstudy,agreement_natural_log_tau2_direct_v1,provisional
icu,213,16,-0.9844229011285113,25.025044770815178,1.9309954039743153,5.191920663375885,-11.368264227880282,9.39941842562326,cluster_plus_withinstudy,agreement_natural_log_tau2_direct_v1,provisional
icu,214,16,-0.7983096219563343,20.31725829857961,1.97639919221845,4.721615982986975,-10.241541587930286,8.644922344017616,cluster_plus_withinstudy,agreement_natural_log_tau2_direct_v1,provisional
icu,215,16,-1.4758101653666225,18.580283956388687,0.9548895922672722,4.41986125898268,-10.315532683331982,7.363912352598737,cluster_plus_withinstudy,agreement_natural_log_tau2_direct_v1,provisional
icu,216,16,0.00972811004580469,23.94275538622647,4.984593518591794,5.378415092275629,-10.747102074505454,10.766558294597063,cluster_plus_withinstudy,agreement_natural_log_tau2_direct_v1,provisional
icu,217,16,-0.4155133561956973,21.601452539215884,0.4025436894508555,4.690841739887069,-9.797196835969835,8.96617012357844,cluster_plus_withinstudy,agreement_natural_log_tau2_direct_v1,provisional
icu,218,16,0.5964041882798492,19.018484411540232,3.8939375706384864,4.786692175414951,-8.976980162550053,10.169788539109753,cluster_plus_withinstudy,agreement_natural_log_tau2_direct_v1,provisional
icu,219,16,-1.2268262567129726,21.642856305908733,0.44495816928942317,4.699767491610427,-10.626361239933825,8.172708726507881,cluster_plus_withinstudy,agreement_natural_log_tau2_direct_v1,provisional
icu,220,16,-1.0823496431436124,15.317600383472849,1.0188974371497836,4.041843369135256,-9.166036381414123,7.0013370951269,cluster_plus_withinstudy,agreement_natural_log_tau2_direct_v1,provisional
icu,221,16,-1.451225124293561,24.150073973786935,1.203027772802722,5.035186366619379,-11.521597857532319,8.619147608945196,cluster_plus_withinstudy,agreement_natural_log_tau2_direct_v1,provisional
icu,222,16,-0.8687005477958006,19.80222465609827,0.7642874447436342,4.535031653786102,-9.938763855368004,8.201362759776403,cluster_plus_withinstudy,agreement_natural_log_tau2_direct_v1,provisional
icu,223,16,-0.4282347005440305,20.816936496046075,0.526547794156892,4.619900896145173,-9.668036492834375,8.811567091746316,cluster_plus_withinstudy,agreement_natural_log_tau2_direct_v1,provisional
icu,224,16,-0.835364470771079,22.98267270233695,0.5992776674325614,4.856125036463694,-10.547614543698467,8.876885602156309,cluster_plus_withinstudy,agreement_natural_log_tau2_direct_v1,provisional
icu,225,16,-0.6965592261894491,30.294726685427754,2.618906867793478,5.737040487326303,-12.170640200842055,10.777521748463158,cluster_plus_withinstudy,agreement_natural_log_tau2_direct_v1,provisional
icu,226,16,-0.0227679132246254,19.53454845913625,5.2839389368261624,4.981815672620015,-9.986399258464655,9.940863432015405,cluster_plus_withinstudy,agreement_natural_log_tau2_direct_v1,provisional
icu,227,16,-1.144075572496411,23.52223417651302,0.4425127195035666,4.895380158477642,-10.934835889451694,8.646684744458874,cluster_plus_withinstudy,agreement_natural_log_tau2_direct_v1,provisional
icu,228,16,-0.21761908287523285,35.85259575077282,4.780682363528336,6.374423747626224,-12.966466578127681,12.531228412377216,cluster_plus_withinstudy,agreement_natural_log_tau2_direct_v1,provisional
icu,229,16,-0.4347580204150792,26.791999817571142,4.786754523177013,5.619497694700849,-11.673753409816777,10.804237368986618,cluster_plus_withinstudy,agreement_natural_log_tau2_direct_v1,provisional
icu,230,16,-1.1744774821595887,19.11543958995027,1.832005374152232,4.576837878284799,-10.328153238729186,7.97919827441001,cluster_plus_withinstudy,agreement_natural_log_tau2_direct_v1,provisional
icu,231,16,-0.9549831527237709,14.739346894119572,1.533988680225881,4.034022257542149,-9.02302766780807,7.1130613623605266,cluster_plus_withinstudy,agreement_natural_log_tau2_direct_v1,provisional
icu,232,16,-0.9705609194431079,18.946133347021103,0.831475025927356,4.447202308524817,-9.864965536492742,7.923843697606526,cluster_plus_withinstudy,agreement_natural_log_tau2_direct_v1,provisional
icu,233,16,-0.24421013019975604,23.60333541636162,2.3129210375374925,5.090801160318395,-10.425812450836546,9.937392190437034,cluster_plus_withinstudy,agreement_natural_log_tau2_direct_v1,provisional
icu,234,16,-0.7315052350552111,13.977610690847857,0.7265654386663789,3.834602473466348,-8.400710181987908,6.937699711877485,cluster_plus_withinstudy,agreement_natural_log_tau2_direct_v1,provisional
icu,235,16,-1.138623191166943,21.81061778151823,2.6602749927693594,4.946806320676765,-11.032235832520472,8.754989450186587,cluster_plus_withinstudy,agreement_natural_log_tau2_direct_v1,provisional
icu,236,16,-0.8394853916722269,23.556886926407596,2.3765287334814964,5.092486196337609,-11.024457784347446,9.345487001002992,cluster_plus_withinstudy,agreement_natural_log_tau2_direct_v1,provisional
icu,237,16,-1.0100379393433856,23.14058047296165,1.9548999426611624,5.009538942420032,-11.02911582418345,9.009039945496678,cluster_plus_withinstudy,agreement_natural_log_tau2_direct_v1,provisional
icu,238,16,-0.10306838781108697,21.439273659120246,4.030886477690541,5.0467970175954955,-10.196662423002078,9.990525647379904,cluster_plus_withinstudy,agreement_natural_log_tau2_direct_v1,provisional
icu,239,16,-0.8618031709981208,21.6005511999781,0.4196816631031998,4.692572094606677,-10.246947360211475,8.523341018215234,cluster_plus_withinstudy,agreement_natural_log_tau2_direct_v1,provisional
icu,240,16,-0.8328136143868143,19.456907588941785,0.9694399446889183,4.519551696090079,-9.871917006566973,8.206289777793343,cluster_plus_withinstudy,agreement_natural_log_tau2_direct_v1,provisional
icu,241,16,-1.1635075266390504,22.500096635402592,1.8032762375858953,4.929845116531399,-11.023197759701848,8.696182706423748,cluster_plus_withinstudy,agreement_natural_log_tau2_direct_v1,provisional
icu,242,16,-0.17616962628418428,21.795472306774823,3.4660262352812197,5.026081828030264,-10.228333282344712,9.875994029776345,cluster_plus_withinstudy,agreement_natural_log_tau2_direct_v1,provisional
icu,243,16,-0.19449491818115364,17.835284528860104,3.237647456390412,4.590526329872263,-9.37554757792568,8.986557741563374,cluster_plus_withinstudy,agreement_natural_log_tau2_direct_v1,provisional
icu,244,16,-0.6243070415289582,20.811156536060256,1.3312996525857532,4.705577136616295,-10.035461314761548,8.786847231703632,cluster_plus_withinstudy,agreement_natural_log_tau2_direct_v1,provisional
icu,245,16,-1.202983317728557,18.17629868046175,0.5965626614054054,4.332766015130191,-9.86851534798894,7.462548712531825,cluster_plus_withinstudy,agreement_natural_log_tau2_direct_v1,provisional
icu,246,16,-0.5515702712292295,22.195308778765366,1.775602720372694,4.8960097527617386,-10.343589776752706,9.240449234294248,cluster_plus_withinstudy,agreement_natural_log_tau2_direct_v1,provisional
icu,247,16,-0.7649768201899015,27.048102113695247,2.4915791951972905,5.435041978576848,-11.635060777343597,10.105107136963795,cluster_plus_withinstudy,agreement_natural_log_tau2_direct_v1,provisional
icu,248,16,0.1517821202620891,24.742934036858482,4.84239001079482,5.439239289427641,-10.726696458593192,11.03026069911737,cluster_plus_withinstudy,agreement_natural_log_tau2_direct_v1,provisional
icu,249,16,-1.1432605245900802,17.997268987607853,1.6997281534117294,4.438129914842465,-10.01952035427501,7.732999305094849,cluster_plus_withinstudy,agreement_natural_log_tau2_direct_v1,provisional
icu,250,16,0.11092402430438401,19.1617992740896,4.413975935960507,4.855489183393379,-9.600054342482375,9.821902391091141,cluster_plus_withinstudy,agreement_natural_log_tau2_direct_v1,provisional
icu,251,16,-0.6196341541209827,30.807588682404237,3.8440008127950547,5.886560073183598,-12.392754300488178,11.153485992246214,cluster_plus_withinstudy,agreement_natural_log_tau2_direct_v1,provisional
icu,252,16,0.1918928814304216,16.284871466209,2.72459187892992,4.359984328542812,-8.528075775655203,8.911861538516046,cluster_plus_withinstudy,agreement_natural_log_tau2_direct_v1,provisional
icu,253,16,0.3645269461477475,26.753863899877658,6.023555991374862,5.725156756915266,-11.085786567682783,11.81484045997828,cluster_plus_withinstudy,agreement_natural_log_tau2_direct_v1,provisional
icu,254,16,-0.40637289705533514,26.32985047446048,2.3199073881993075,5.352546857586563,-11.111466612228462,10.29872081811779,cluster_plus_withinstudy,agreement_natural_log_tau2_direct_v1,provisional
icu,255,16,-1.426526253200348,19.0671315498176,1.8993233802828,4.578914164963174,-10.584354583126697,7.731302076726,cluster_plus_withinstudy,agreement_natural_log_tau2_direct_v1,provisional
icu,256,16,-1.3448036271267876,31.737788938429517,2.517426048299286,5.852795484785779,-13.050394596698347,10.36078734244477,cluster_plus_withinstudy,agreement_natural_log_tau2_direct_v1,provisional
icu,257,16,-0.7023283763408454,17.205076273638337,1.0314343445681915,4.270422768088252,-9.24317391251735,7.838517159835658,cluster_plus_withinstudy,agreement_natural_log_tau2_direct_v1,provisional
icu,258,16,-0.7681534980746223,23.127089398279928,1.4266321793116474,4.955171195588663,-10.678495889251948,9.142188893102702,cluster_plus_withinstudy,agreement_natural_log_tau2_direct_v1,provisional
icu,259,16,-1.7349576643140008,17.922695278028584,0.9808586541801582,4.347821745680099,-10.430601155674198,6.960685827046197,cluster_plus_withinstudy,agreement_natural_log_tau2_direct_v1,provisional
icu,260,16,-0.875144219390604,20.006588386186465,0.5316247893684098,4.531910543639942,-9.938965306670488,8.18867686788928,cluster_plus_withinstudy,agreement_natural_log_tau2_direct_v1,provisional
icu,261,16,-1.4581616570825235,19.517464518002523,0.891199216882626,4.517594906018594,-10.493351469119713,7.5770281549546645,cluster_plus_withinstudy,agreement_natural_log_tau2_direct_v1,provisional
icu,262,16,-0.5727796362975501,24.387411430080448,2.0888101732576048,5.145504990118857,-10.863789616535264,9.718230343940164,cluster_plus_withinstudy,agreement_natural_log_tau2_direct_v1,provisional
icu,263,16,-0.5597655107248368,20.95288024982497,1.9813783726713685,4.788972606154303,-10.137710723033443,9.018179701583769,cluster_plus_withinstudy,agreement_natural_log_tau2_direct_v1,provisional
icu,264,16,-0.14639369604934743,20.349312235382374,3.1157358338490035,4.844073499569487,-9.834540695188322,9.541753303089626,cluster_plus_withinstudy,agreement_natural_log_tau2_direct_v1,provisional
icu,265,16,-0.9831329170998052,22.713232369807706,1.260503606947392,4.896298191159838,-10.775729299419481,8.80946346521987,cluster_plus_withinstudy,agreement_natural_log_tau2_direct_v1,provisional
icu,266,16,-1.4239941617817669,19.341078940763204,2.1528913729479444,4.636159004360307,-10.696312170502381,7.848323846938847,cluster_plus_withinstudy,agreement_natural_log_tau2_direct_v1,provisional
icu,267,16,-0.25241618456957426,21.81733954041723,2.257846184867353,4.906647096061075,-10.065710376691724,9.560878007552576,cluster_plus_withinstudy,agreement_natural_log_tau2_direct_v1,provisional
icu,268,16,0.7375043532496932,24.54986199346196,7.144918017981486,5.629811720781029,-10.522119088312364,11.997127794811751,cluster_plus_withinstudy,agreement_natural_log_tau2_direct_v1,provisional
icu,269,16,-0.8071717332154715,19.79507878337472,0.7326263729660428,4.530751058747408,-9.868673850710287,8.254330384279346,cluster_plus_withinstudy,agreement_natural_log_tau2_direct_v1,provisional
icu,270,16,-0.5529002207400495,23.595406291776666,2.7290444300548433,5.130735885019956,-10.81437199077996,9.708571549299862,cluster_plus_withinstudy,agreement_natural_log_tau2_direct_v1,provisional
icu,271,16,-0.6356216730793184,17.38932165067547,4.073429048945799,4.632790811122521,-9.901203295324361,8.629959949165723,cluster_plus_withinstudy,agreement_natural_log_tau2_direct_v1,provisional
icu,272,16,0.3478150114106187,17.802800183266456,3.079235791888371,4.56968663861701,-8.7915582658234,9.487188288644639,cluster_plus_withinstudy,agreement_natural_log_tau2_direct_v1,provisional
icu,273,16,-0.742157640899431,19.743993941224634,1.0499778591790554,4.560040767405889,-9.86223917571121,8.377923893912346,cluster_plus_withinstudy,agreement_natural_log_tau2_direct_v1,provisional
icu,274,16,-1.3900044240947385,23.922764410473647,0.9793153627327269,4.990198370125818,-11.370401164346376,8.590392316156898,cluster_plus_withinstudy,agreement_natural_log_tau2_direct_v1,provisional
icu,275,16,-0.8052562501290025,20.263696963027996,0.0,4.501521627519743,-9.808299505168488,8.197787004910484,cluster_plus_withinstudy,agreement_natural_log_tau2_direct_v1,provisional
icu,276,16,-0.4682977424308109,21.181241667741755,3.108797590260455,4.928492594901834,-10.32528293223448,9.388687447372856,cluster_plus_withinstudy,agreement_natural_log_tau2_direct_v1,provisional
icu,277,16,-0.7632360606257389,19.277826779635287,1.5350682333918368,4.562115190679332,-9.887466441984403,8.360994320732926,cluster_plus_withinstudy,agreement_natural_log_tau2_direct_v1,provisional
icu,278,16,0.214542361973773,15.36035167897858,2.7238996874586365,4.2525582143501826,-8.290574066726592,8.719658790674139,cluster_plus_withinstudy,agreement_natural_log_tau2_direct_v1,provisional
icu,279,16,-0.2283603918085827,19.653578323494727,5.395879392290175,5.0049433279293885,-10.23824704766736,9.781526264050195,cluster_plus_withinstudy,agreement_natural_log_tau2_direct_v1,provisional
icu,280,16,-0.43143027563337355,26.496851231601397,3.777975685242019,5.502256529537988,-11.435943334709348,10.573082783442603,cluster_plus_withinstudy,agreement_natural_log_tau2_direct_v1,provisional
icu,281,16,0.49305723679267366,24.562612193999982,3.6865546340221833,5.314994527562767,-10.136931818332862,11.123046291918207,cluster_plus_withinstudy,agreement_natural_log_tau2_direct_v1,provisional
icu,282,16,-0.8881019496503786,26.957527829370093,2.794105400704611,5.454505773218569,-11.797113496087517,10.02090959678676,cluster_plus_withinstudy,agreement_natural_log_tau2_direct_v1,provisional
icu,283,16,-1.2103814872800867,24.518396958498155,0.97528868082188,5.049127215600735,-11.308635918481556,8.887872943921383,cluster_plus_withinstudy,agreement_natural_log_tau2_direct_v1,provisional
icu,284,16,-0.1949125953666419,19.446503339553445,0.5216772512731103,4.468577020800532,-9.132066636967705,8.742241446234422,cluster_plus_withinstudy,agreement_natural_log_tau2_direct_v1,provisional
icu,285,16,-0.3155309045467095,22.26833625377398,2.0294257132166273,4.929276008400281,-10.174082921347273,9.543021112253852,cluster_plus_withinstudy,agreement_natural_log_tau2_direct_v1,provisional
icu,286,16,-0.9484792606763776,20.874996110730706,0.3974643875210011,4.612207768330879,-10.172894797338135,8.27593627598538,cluster_plus_withinstudy,agreement_natural_log_tau2_direct_v1,provisional
icu,287,16,-0.05977601841199977,31.316406775024785,3.892545621851901,5.933713204804954,-11.927202428021909,11.807650391197908,cluster_plus_withinstudy,agreement_natural_log_tau2_direct_v1,provisional
icu,288,16,-0.9008400069788184,21.900827676292156,0.5692950714809271,4.740266105164675,-10.381372217308169,8.579692203350533,cluster_plus_withinstudy,agreement_natural_log_tau2_direct_v1,provisional
icu,289,16,-1.1143927638063018,24.337724305327388,1.5074440783141008,5.083814353774288,-11.282021471354879,9.053235943742274,cluster_plus_withinstudy,agreement_natural_log_tau2_direct_v1,provisional
icu,290,16,-0.2690778999195673,23.601260294973848,1.495024350748701,5.00961921164898,-10.288316323217527,9.750160523378392,cluster_plus_withinstudy,agreement_natural_log_tau2_direct_v1,provisional
icu,291,16,-0.3836238114589701,24.003840171575796,2.0236056406809486,5.101710087045004,-10.587043985548977,9.819796362631038,cluster_plus_withinstudy,agreement_natural_log_tau2_direct_v1,provisional
icu,292,16,-1.0723987853536903,24.931894466639907,1.8711915148045082,5.177169688299236,-11.426738161952162,9.281940591244783,cluster_plus_withinstudy,agreement_natural_log_tau2_direct_v1,provisional
icu,293,16,-0.9038951208297711,20.07170388751285,0.32366419568024135,4.516123125335833,-9.936141371501437,8.128351129841894,cluster_plus_withinstudy,agreement_natural_log_tau2_direct_v1,provisional
icu,294,16,-0.375043659636943,22.118068560165497,1.970415623688939,4.908002056219459,-10.19104777207586,9.440960452801976,cluster_plus_withinstudy,agreement_natural_log_tau2_direct_v1,provisional
icu,295,16,-0.5422213634193176,20.571344766663263,0.5358050093086952,4.594251818955069,-9.730725001329455,8.64628227449082,cluster_plus_withinstudy,agreement_natural_log_tau2_direct_v1,provisional
icu,296,16,-0.7831269971025047,28.09778240129237,3.0091745551618385,5.57736111045844,-11.937849218019386,10.371595223814376,cluster_plus_withinstudy,agreement_natural_log_tau2_direct_v1,provisional
icu,297,16,-1.0939770494829968,19.917228290463555,5.16049739452559,5.0077665365898545,-11.109510122662705,8.921556023696713,cluster_plus_withinstudy,agreement_natural_log_tau2_direct_v1,provisional
icu,298,16,0.42510574455621847,25.82170797778279,5.728018131439691,5.61691428715291,-10.808722829749602,11.658934318862038,cluster_plus_withinstudy,agreement_natural_log_tau2_direct_v1,provisional
icu,299,16,-0.8377561351370995,25.271856050893156,2.173590115064426,5.238840154648506,-11.315436444434113,9.639924174159912,cluster_plus_withinstudy,agreement_natural_log_tau2_direct_v1,provisional
icu,300,16,0.08142489033600975,26.80289099047814,3.3155382147337327,5.488025984378342,-10.894627078420674,11.057476859092693,cluster_plus_withinstudy,agreement_natural_log_tau2_direct_v1,provisional
icu,301,16,-0.4585600474013755,25.31591134545302,3.1529073974833035,5.335617934497964,-11.129795916397304,10.212675821594553,cluster_plus_withinstudy,agreement_natural_log_tau2_direct_v1,provisional
icu,302,16,-0.7038379524109615,25.521800078463063,1.7304612528455734,5.220369846218621,-11.144577644848203,9.736901740026282,cluster_plus_withinstudy,agreement_natural_log_tau2_direct_v1,provisional
icu,303,16,-0.831001322250231,30.47913534369309,1.706935607198009,5.67327691470204,-12.17755515165431,10.51555250715385,cluster_plus_withinstudy,agreement_natural_log_tau2_direct_v1,provisional
icu,304,16,-1.0914335408208082,22.761516679971308,1.6658278641427053,4.942402709625553,-10.976238960071916,8.793371878430298,cluster_plus_withinstudy,agreement_natural_log_tau2_direct_v1,provisional
icu,305,16,0.027668115027284442,26.407938562867393,1.484696512588924,5.281347846474072,-10.53502757792086,10.590363807975429,cluster_plus_withinstudy,agreement_natural_log_tau2_direct_v1,provisional
icu,306,16,-0.6503036866922685,20.332559499218274,1.5821218873917524,4.681311930069393,-10.012927546831055,8.712320173446518,cluster_plus_withinstudy,agreement_natural_log_tau2_direct_v1,provisional
icu,307,16,0.07226724050784679,21.113057045586103,2.7564578438154146,4.885643753836491,-9.699020267165135,9.843554748180829,cluster_plus_withinstudy,agreement_natural_log_tau2_direct_v1,provisional
icu,308,16,-0.006591415835810413,27.81143067756428,4.131812888909375,5.651835415727678,-11.310262247291167,11.297079415619546,cluster_plus_withinstudy,agreement_natural_log_tau2_direct_v1,provisional
icu,309,16,-0.4365369627148655,20.342403779035514,2.8940923089351784,4.820424886664109,-10.077386736043085,9.204312810613352,cluster_plus_withinstudy,agreement_natural_log_tau2_direct_v1,provisional
icu,310,16,-1.11188521166008,22.87227605175538,1.0269152775598727,4.888679916840052,-10.889245045340184,8.665474622020023,cluster_plus_withinstudy,agreement_natural_log_tau2_direct_v1,provisional
icu,311,16,-0.6216764254882106,24.09181176358846,3.2573771567194236,5.229645200231836,-11.080966825951883,9.837613974975461,cluster_plus_withinstudy,agreement_natural_log_tau2_direct_v1,provisional
icu,312,16,-0.6494128711668229,19.390824187961172,0.5871624318072636,4.469674106662413,-9.588761084491647,8.289935342158003,cluster_plus_withinstudy,agreement_natural_log_tau2_direct_v1,provisional
icu,313,16,-0.7676594782514866,20.64314356455575,0.7041910291710798,4.620317585808018,-10.008294649867523,8.47297569336455,cluster_plus_withinstudy,agreement_natural_log_tau2_direct_v1,provisional
icu,314,16,-1.079480334079854,22.52582893435547,1.799942671540371,4.932116341480181,-10.943713017040215,8.784752348880508,cluster_plus_withinstudy,agreement_natural_log_tau2_direct_v1,provisional
icu,315,16,-0.9072306267422737,16.880933821195196,4.127371606966154,4.5834818018795875,-10.07419423050145,8.2597329770169,cluster_plus_withinstudy,agreement_natural_log_tau2_direct_v1,provisional
icu,316,16,-0.6879422763055415,18.386667568469836,2.144671038218948,4.531152017609736,-9.750246311525014,8.374361758913931,cluster_plus_withinstudy,agreement_natural_log_tau2_direct_v1,provisional
icu,317,16,-0.19128621278601876,20.45251863480824,2.2497183260060316,4.764686449370438,-9.720659111526894,9.338086685954858,cluster_plus_withinstudy,agreement_natural_log_tau2_direct_v1,provisional
icu,318,16,-0.8021519336433758,24.805570826665257,3.038806284495516,5.27677715193287,-11.355706237509116,9.751402370222364,cluster_plus_withinstudy,agreement_natural_log_tau2_direct_v1,provisional
icu,319,16,-0.6085643677114333,23.850680621429976,0.4085401297051173,4.92536503734851,-10.459294442408455,9.242165706985586,cluster_plus_withinstudy,agreement_natural_log_tau2_direct_v1,provisional
icu,320,16,-1.0897621820706174,23.8039399837627,0.24103934750110953,4.903568020458553,-10.896898222987723,8.71737385884649,cluster_plus_withinstudy,agreement_natural_log_tau2_direct_v1,provisional
icu,321,16,-1.164354295298754,22.15528303805828,0.2764263617628871,4.736212558555746,-10.636779412410245,8.308070821812738,cluster_plus_withinstudy,agreement_natural_log_tau2_direct_v1,provisional
icu,322,16,-0.002197509815678807,23.43994398903069,2.273799998444669,5.070872113105926,-10.14394173602753,10.139546716396174,cluster_plus_withinstudy,agreement_natural_log_tau2_direct_v1,provisional
icu,323,16,-0.6647212263710415,22.23765439076922,1.9445525155702603,4.917540737639037,-10.499802701649115,9.170360248907032,cluster_plus_withinstudy,agreement_natural_log_tau2_direct_v1,provisional
icu,324,16,-0.31659434354674965,23.517531769677014,1.474710452603761,4.999224162035623,-10.315042667617996,9.681853980524496,cluster_plus_withinstudy,agreement_natural_log_tau2_direct_v1,provisional
icu,325,16,-0.38668591528769175,26.07187504632357,2.7255965666046595,5.366327572272143,-11.119341059831976,10.345969229256594,cluster_plus_withinstudy,agreement_natural_log_tau2_direct_v1,provisional
icu,326,16,0.04229602622701926,31.790279872597967,4.360259339574927,6.012531847081801,-11.982767667936583,12.067359720390622,cluster_plus_withinstudy,agreement_natural_log_tau2_direct_v1,provisional
icu,327,16,-0.9418226039149838,18.50844826687793,0.4831252906654768,4.3579322571081125,-9.657687118131209,7.774041910301241,cluster_plus_withinstudy,agreement_natural_log_tau2_direct_v1,provisional
icu,328,16,-1.8830347919864334,24.74531821019456,0.9474714426163018,5.068805544979099,-12.020645881944633,8.254576297971765,cluster_plus_withinstudy,agreement_natural_log_tau2_direct_v1,provisional
icu,329,16,-1.145440339930862,20.593412534668527,1.01676987258981,4.648675338981884,-10.442791017894631,8.151910338032906,cluster_plus_withinstudy,agreement_natural_log_tau2_direct_v1,provisional
icu,330,16,-1.0943800760854778,25.78544337962764,3.7485140386642364,5.434515380260863,-11.963410836607205,9.774650684436248,cluster_plus_withinstudy,agreement_natural_log_tau2_direct_v1,provisional
icu,331,16,-0.20959319395742318,21.517199039446957,4.285012377783999,5.079587721186726,-10.368768636330875,9.94958224841603,cluster_plus_withinstudy,agreement_natural_log_tau2_direct_v1,provisional
icu,332,16,-0.19650313823811597,13.727987500118369,0.15408109772018103,3.7258648120722992,-7.648232762382714,7.255226485906483,cluster_plus_withinstudy,agreement_natural_log_tau2_direct_v1,provisional
icu,333,16,-0.6070735010419478,23.740452913151824,0.7171956391996397,4.945467475613551,-10.49800845226905,9.283861450185155,cluster_plus_withinstudy,agreement_natural_log_tau2_direct_v1,provisional
icu,334,16,-0.29296847749269267,22.54899193881998,4.332253007170778,5.184712619421712,-10.662393716336117,10.076456761350732,cluster_plus_withinstudy,agreement_natural_log_tau2_direct_v1,provisional
icu,335,16,-1.2080309523248707,17.607417444040685,0.9200064871227204,4.304349420198528,-9.816729792721926,7.400667888072185,cluster_plus_withinstudy,agreement_natural_log_tau2_direct_v1,provisional
icu,336,16,-1.1330145965967253,23.422983976189528,1.8179295161986313,5.024033587904062,-11.181081772404848,8.915052579211398,cluster_plus_withinstudy,agreement_natural_log_tau2_direct_v1,provisional
icu,337,16,-0.27493567536125274,25.339792757263893,2.668615894045448,5.2922971053512615,-10.859529886063775,10.30965853534127,cluster_plus_withinstudy,agreement_natural_log_tau2_direct_v1,provisional
icu,338,16,-0.4557764262661597,25.10078880525072,3.1634724485504937,5.316414323000156,-11.088605072266473,10.177052219734152,cluster_plus_withinstudy,agreement_natural_log_tau2_direct_v1,provisional
icu,339,16,-1.0074483043078644,28.578830049828518,3.656982068419364,5.677659035046741,-12.362766374401346,10.347869765785617,cluster_plus_withinstudy,agreement_natural_log_tau2_direct_v1,provisional
icu,340,16,0.5625539841510525,24.062291580219703,7.285829865832169,5.59893931437481,-10.635324644598569,11.760432612900672,cluster_plus_withinstudy,agreement_natural_log_tau2_direct_v1,provisional
icu,341,16,-1.004515062745968,24.95970374941448,0.9653303699605488,5.091663197755231,-11.18784145825643,9.178811332764495,cluster_plus_withinstudy,agreement_natural_log_tau2_direct_v1,provisional
icu,342,16,-0.23080558907486376,19.48839232604618,0.7988411475429468,4.50413515267794,-9.239075894430744,8.777464716281017,cluster_plus_withinstudy,agreement_natural_log_tau2_direct_v1,provisional
icu,343,16,0.22373171508158265,22.627134095164738,6.539203645368065,5.400586795944752,-10.577441876807923,11.024905306971087,cluster_plus_withinstudy,agreement_natural_log_tau2_direct_v1,provisional
icu,344,16,-0.9166677488169794,25.116514101532328,2.9152921574422748,5.294507178102094,-11.505682105021169,9.672346607387208,cluster_plus_withinstudy,agreement_natural_log_tau2_direct_v1,provisional
icu,345,16,-0.4070082765652023,22.54484459538741,3.7175108408762383,5.124681008244674,-10.65637029305455,9.842353739924146,cluster_plus_withinstudy,agreement_natural_log_tau2_direct_v1,provisional
icu,346,16,-0.17971651641282535,21.918954342738115,2.1812229650777506,4.909193142239961,-9.998102800892747,9.638669768067098,cluster_plus_withinstudy,agreement_natural_log_tau2_direct_v1,provisional
icu,347,16,-1.386414377744027,19.42291662094778,3.1972031606695475,4.756061372776568,-10.898537123297162,8.125708367809109,cluster_plus_withinstudy,agreement_natural_log_tau2_direct_v1,provisional
icu,348,16,-0.48181941710922843,17.65628288839135,5.777133740802097,4.840807435665402,-10.163434288440033,9.199795454221576,cluster_plus_withinstudy,agreement_natural_log_tau2_direct_v1,provisional
icu,349,16,-0.8071608402070095,25.162604573714578,5.782754156711186,5.562855267794207,-11.932871375795424,10.318549695381405,cluster_plus_withinstudy,agreement_natural_log_tau2_direct_v1,provisional
icu,350,16,-0.12247808137243017,25.369407098025057,4.481051295929978,5.463557302157179,-11.049592685686788,10.804636522941928,cluster_plus_withinstudy,agreement_natural_log_tau2_direct_v1,provisional
icu,351,16,-0.8958133583352289,22.079085382223102,1.5116642198242225,4.857030945139976,-10.60987524861518,8.818248531944723,cluster_plus_withinstudy,agreement_natural_log_tau2_direct_v1,provisional
icu,352,16,-0.7967348888037147,24.793789696353553,1.194516571477603,5.097872719853955,-10.992480328511624,9.399010550904196,cluster_plus_withinstudy,agreement_natural_log_tau2_direct_v1,provisional
icu,353,16,-0.46579944660178296,24.033788324014925,3.5601399895717205,5.252992319962655,-10.971784086527094,10.040185193323527,cluster_plus_withinstudy,agreement_natural_log_tau2_direct_v1,provisional
icu,354,16,-0.8775724270166239,22.19299513125253,2.880782942612369,5.007372372199305,-10.892317171415234,9.137172317381987,cluster_plus_withinstudy,agreement_natural_log_tau2_direct_v1,provisional
icu,355,16,-1.498438932062664,14.175452891404463,1.1618381346530418,3.916285360652043,-9.33100965336675,6.334131789241422,cluster_plus_withinstudy,agreement_natural_log_tau2_direct_v1,provisional
icu,356,16,-0.6910835407421746,25.649059792485467,2.613303517070099,5.316235821477031,-11.323555183696238,9.941388102211887,cluster_plus_withinstudy,agreement_natural_log_tau2_direct_v1,provisional
icu,357,16,-1.1123552202498979,26.411911749960314,1.033949569828976,5.238879777184173,-11.590114774618243,9.365404334118448,cluster_plus_withinstudy,agreement_natural_log_tau2_direct_v1,provisional
icu,358,16,-1.5471271500126214,22.165474299530704,0.47639776209482065,4.758347618830041,-11.063822387672703,7.969568087647461,cluster_plus_withinstudy,agreement_natural_log_tau2_direct_v1,provisional
icu,359,16,-1.4931289246967643,24.673140360342128,1.626469407755266,5.128314515325419,-11.749757955347603,8.763500105954074,cluster_plus_withinstudy,agreement_natural_log_tau2_direct_v1,provisional
icu,360,16,-1.0950276608890916,27.434396032971136,1.812474988998459,5.408037631338154,-11.9111029235654,9.721047601787218,cluster_plus_withinstudy,agreement_natural_log_tau2_direct_v1,provisional
icu,361,16,-1.18823846207588,19.657785978263828,0.39579344474407485,4.478122309965182,-10.144483082006245,7.768006157854485,cluster_plus_withinstudy,agreement_natural_log_tau2_direct_v1,provisional
icu,362,16,-0.7895323365750673,20.16461660082494,3.3559371556046584,4.84979935218248,-10.489131040940027,8.910066367789891,cluster_plus_withinstudy,agreement_natural_log_tau2_direct_v1,provisional
icu,363,16,-0.41297871529065816,21.959401477830795,4.461069388297957,5.140084713905867,-10.693148143102391,9.867190712521076,cluster_plus_withinstudy,agreement_natural_log_tau2_direct_v1,provisional
icu,364,16,0.03667583676362742,22.837712246671277,4.244693744511374,5.204075901750728,-10.371475966737828,10.444827640265084,cluster_plus_withinstudy,agreement_natural_log_tau2_direct_v1,provisional
icu,365,16,-0.6903080378974693,21.726743695003215,3.013004237965159,4.973906707304468,-10.638121452506406,9.257505376711466,cluster_plus_withinstudy,agreement_natural_log_tau2_direct_v1,provisional
icu,366,16,-1.0612707842083415,30.83930034727352,3.1734223890397666,5.832042758443501,-12.725356301095344,10.602814732678661,cluster_plus_withinstudy,agreement_natural_log_tau2_direct_v1,provisional
icu,367,16,-0.4149545674306549,21.17035792567303,1.6388105234916697,4.775894518220089,-9.966743603870833,9.136834469009523,cluster_plus_withinstudy,agreement_natural_log_tau2_direct_v1,provisional
icu,368,16,0.8327717519363624,30.807369592948124,12.284317426928004,6.56442587130635,-12.296079990676336,13.961623494549062,cluster_plus_withinstudy,agreement_natural_log_tau2_direct_v1,provisional
icu,369,16,-1.244958777746419,29.72509188057923,2.297446391700107,5.658846019488368,-12.562650816723155,10.072733261230317,cluster_plus_withinstudy,agreement_natural_log_tau2_direct_v1,provisional
icu,370,16,-0.6360487698737272,26.140480950253362,2.1980870706091187,5.323398164787458,-11.282845099448643,10.01074755970119,cluster_plus_withinstudy,agreement_natural_log_tau2_direct_v1,provisional
icu,371,16,-0.5934881295062231,22.64360906271303,0.41814609486503335,4.802265627553109,-10.198019384612442,9.011043125599995,cluster_plus_withinstudy,agreement_natural_log_tau2_direct_v1,provisional
icu,372,16,-0.6301851004679252,15.45947322359269,0.18916071010513538,3.955835428035123,-8.541855956538171,7.28148575560232,cluster_plus_withinstudy,agreement_natural_log_tau2_direct_v1,provisional
icu,373,16,-1.4680227165387578,20.419494999504472,1.273143470983116,4.657535664972152,-10.783094046483063,7.847048613405547,cluster_plus_withinstudy,agreement_natural_log_tau2_direct_v1,provisional
icu,374,16,-0.712124919158374,15.738917427874279,1.3024919025701966,4.1281241902884265,-8.968373299735227,7.544123461418479,cluster_plus_withinstudy,agreement_natural_log_tau2_direct_v1,provisional
icu,375,16,0.17108394369605648,23.56477176912465,5.199811811362177,5.36326240086077,-10.555440858025484,10.897608745417596,cluster_plus_withinstudy,agreement_natural_log_tau2_direct_v1,provisional
icu,376,16,-0.7459671995710047,28.378848575438067,1.9436824515352173,5.50658978197698,-11.759146763524965,10.267212364382955,cluster_plus_withinstudy,agreement_natural_log_tau2_direct_v1,provisional
icu,377,16,0.27226779510524457,25.0670426587931,3.881038649155109,5.380342118113699,-10.488416441122153,11.032952031332643,cluster_plus_withinstudy,agreement_natural_log_tau2_direct_v1,provisional
icu,378,16,-0.7583316023699195,19.183460028319832,1.9785890229425487,4.600222717571659,-9.958777037513237,8.442113832773398,cluster_plus_withinstudy,agreement_natural_log_tau2_direct_v1,provisional
icu,379,16,-0.7518554228573434,19.208197591163252,1.7893506064791005,4.5823081735782845,-9.916471770013912,8.412760924299226,cluster_plus_withinstudy,agreement_natural_log_tau2_direct_v1,provisional
icu,380,16,-0.30202167685772796,33.5820098352519,6.410734519899903,6.3239816852321615,-12.949985047322052,12.345941693606594,cluster_plus_withinstudy,agreement_natural_log_tau2_direct_v1,provisional
icu,381,16,-1.117490255969015,22.055037336707304,1.4074342672019713,4.843807552319691,-10.805105360608398,8.570124848670368,cluster_plus_withinstudy,agreement_natural_log_tau2_direct_v1,provisional
icu,382,16,-0.7555294775961118,23.949308374044737,0.7676810188881336,4.971618387701621,-10.698766252999354,9.187707297807131,cluster_plus_withinstudy,agreement_natural_log_tau2_direct_v1,provisional
icu,383,16,-0.4340415424497246,19.722111358296335,3.6687986943157234,4.836415000040015,-10.106871542529754,9.238788457630305,cluster_plus_withinstudy,agreement_natural_log_tau2_direct_v1,provisional
icu,384,16,-0.7028462590241643,23.10548823499807,0.7811967222736766,4.887400634004925,-10.477647527034016,9.071955008985686,cluster_plus_withinstudy,agreement_natural_log_tau2_direct_v1,provisional
icu,385,16,-0.8046045848373858,17.688437231981005,1.402727150656494,4.3693437015915215,-9.543291988020428,7.934082818345657,cluster_plus_withinstudy,agreement_natural_log_tau2_direct_v1,provisional
icu,386,16,-1.0304784560514868,15.514347950182952,0.46678129713271227,3.9976404599858233,-9.025759376023133,6.96480246392016,cluster_plus_withinstudy,agreement_natural_log_tau2_direct_v1,provisional
icu,387,16,-0.24638653022579773,23.718046398409616,2.275604865339951,5.098396930776336,-10.443180391778471,9.950407331326874,cluster_plus_withinstudy,agreement_natural_log_tau2_direct_v1,provisional
icu,388,16,-1.5152742724925392,19.768404016341556,1.480363184374764,4.609638510850533,-10.734551294193604,7.704002749208526,cluster_plus_withinstudy,agreement_natural_log_tau2_direct_v1,provisional
icu,389,16,-0.8484224169365607,23.508627259089018,4.9266826332744085,5.332476900312221,-11.513376217561003,9.816531383687881,cluster_plus_withinstudy,agreement_natural_log_tau2_direct_v1,provisional
icu,390,16,0.7781779234384268,18.504241003115183,4.412064542629701,4.787097820782951,-8.796017718127475,10.35237356500433,cluster_plus_withinstudy,agreement_natural_log_tau2_direct_v1,provisional
icu,391,16,-0.25493390232666246,27.417499026248972,7.242296211240198,5.887257021524469,-12.029447945375601,11.519580140722276,cluster_plus_withinstudy,agreement_natural_log_tau2_direct_v1,provisional
icu,392,16,-1.1539720526499304,22.61161550080116,1.5590523010857997,4.916367337972923,-10.986706728595776,8.678762623295915,cluster_plus_withinstudy,agreement_natural_log_tau2_direct_v1,provisional
icu,393,16,-0.4936874069402487,17.34258598580247,0.21521362970540925,4.190202813171204,-8.874093033282657,7.88671821940216,cluster_plus_withinstudy,agreement_natural_log_tau2_direct_v1,provisional
icu,394,16,-1.6867164498286245,23.550762878882697,0.9236858110289808,4.94716572290758,-11.581047895643785,8.207614995986535,cluster_plus_withinstudy,agreement_natural_log_tau2_direct_v1,provisional
icu,395,16,-1.5404195619222283,14.961616232146284,1.0064718661122583,3.9960090212934385,-9.532437604509106,6.451598480664648,cluster_plus_withinstudy,agreement_natural_log_tau2_direct_v1,provisional
icu,396,16,-1.187880712203681,20.57427117994851,2.2988135479982446,4.782581387488012,-10.753043487179704,8.377282062772343,cluster_plus_withinstudy,agreement_natural_log_tau2_direct_v1,provisional
icu,397,16,0.2783116620859746,36.6955534630123,6.592057921104362,6.579332138151765,-12.880352614217555,13.436975938389503,cluster_plus_withinstudy,agreement_natural_log_tau2_direct_v1,provisional
icu,398,16,-1.0966670974124917,28.27301052615491,3.0328179069516787,5.595161162389032,-12.286989422190556,10.093655227365572,cluster_plus_withinstudy,agreement_natural_log_tau2_direct_v1,provisional
icu,399,16,-0.45448230865005923,18.720963697523416,3.9950907632891233,4.766136219288381,-9.98675474722682,9.077790129926703,cluster_plus_withinstudy,agreement_natural_log_tau2_direct_v1,provisional
icu,400,16,0.01660201654266199,19.995299868890434,5.217446145434017,5.021229532129004,-10.025857047715347,10.059061080800669,cluster_plus_withinstudy,agreement_natural_log_tau2_direct_v1,provisional
icu,401,16,0.1703513933525836,26.2627386986321,5.763900636744554,5.659208366492318,-11.148065339632051,11.48876812633722,cluster_plus_withinstudy,agreement_natural_log_tau2_direct_v1,provisional
icu,402,16,-0.46054290431252265,25.282440496880525,1.9931452011268507,5.222603344885324,-10.90574959408317,9.984663785458126,cluster_plus_withinstudy,agreement_natural_log_tau2_direct_v1,provisional
icu,403,16,-0.4872735022899019,20.835024150229522,0.8006313719683439,4.6514143571818956,-9.790102216653693,8.815555212073889,cluster_plus_withinstudy,agreement_natural_log_tau2_direct_v1,provisional
icu,404,16,-0.88065747716811,20.553263871283242,0.9978846370829746,4.642321456810829,-10.165300390789769,8.403985436453548,cluster_plus_withinstudy,agreement_natural_log_tau2_direct_v1,provisional
icu,405,16,0.5309441243031028,23.180450720713328,5.3092122984924455,5.337570891258099,-10.144197658213095,11.2060859068193,cluster_plus_withinstudy,agreement_natural_log_tau2_direct_v1,provisional
icu,406,16,-0.2532337678531761,16.611170606592076,3.0195366964327968,4.4306554033263374,-9.114544574505851,8.608077038799498,cluster_plus_withinstudy,agreement_natural_log_tau2_direct_v1,provisional
icu,407,16,-1.686716646152832,22.409538274413443,1.425428065966504,4.882106752251526,-11.450930150655884,8.077496858350221,cluster_plus_withinstudy,agreement_natural_log_tau2_direct_v1,provisional
icu,408,16,0.7366533128604205,26.21643640864512,7.446345526996927,5.801963627569725,-10.867273942279029,12.34058056799987,cluster_plus_withinstudy,agreement_natural_log_tau2_direct_v1,provisional
icu,409,16,-1.4095911443864975,20.993223587742754,1.6267242541091542,4.756043296885753,-10.921677738158005,8.102495449385009,cluster_plus_withinstudy,agreement_natural_log_tau2_direct_v1,provisional
icu,410,16,0.2930240145055403,25.381347923708432,1.4317932607859576,5.1781407072900585,-10.063257400074576,10.649305429085658,cluster_plus_withinstudy,agreement_natural_log_tau2_direct_v1,provisional
icu,411,16,-0.5598451511788087,18.034544894411706,0.8670698270907932,4.347598730506588,-9.255042612191986,8.135352309834367,cluster_plus_withinstudy,agreement_natural_log_tau2_direct_v1,provisional
icu,412,16,-0.28128578575261187,19.459022241043485,1.5568368362244813,4.584305735579594,-9.4498972569118,8.887325685406577,cluster_plus_withinstudy,agreement_natural_log_tau2_direct_v1,provisional
icu,413,16,-1.5213170897805095,18.581160046712583,1.0732992979796798,4.433335013812092,-10.387987117404695,7.345352937843675,cluster_plus_withinstudy,agreement_natural_log_tau2_direct_v1,provisional
icu,414,16,-0.8196524290490692,21.055232967491538,1.840720028258473,4.78497157731893,-10.38959558368693,8.75029072558879,cluster_plus_withinstudy,agreement_natural_log_tau2_direct_v1,provisional
icu,415,16,-0.014013645344662956,26.758033128056713,2.8392756790748286,5.440340872328823,-10.89469539000231,10.866668099312983,cluster_plus_withinstudy,agreement_natural_log_tau2_direct_v1,provisional
icu,416,16,-0.446348714118167,29.215612637884654,5.721129080968508,5.910731064669848,-12.267810843457864,11.375113415221529,cluster_plus_withinstudy,agreement_natural_log_tau2_direct_v1,provisional
icu,417,16,-0.9055722852798916,21.485252251927943,0.9494084015036339,4.736524110931093,-10.378620507142077,8.567475936582294,cluster_plus_withinstudy,agreement_natural_log_tau2_direct_v1,provisional
icu,418,16,-0.7809597422529869,18.3931387828784,2.1478756207660696,4.532219589080439,-9.845398920413865,8.283479435907891,cluster_plus_withinstudy,agreement_natural_log_tau2_direct_v1,provisional
icu,419,16,0.4077349656181385,30.063004072776636,7.837519428436233,6.156340106038073,-11.904945246458007,12.720415177694283,cluster_plus_withinstudy,agreement_natural_log_tau2_direct_v1,provisional
icu,420,16,0.0783843018983002,34.15142770389894,7.181350660875393,6.429057346514677,-12.779730391131054,12.936498994927653,cluster_plus_withinstudy,agreement_natural_log_tau2_direct_v1,provisional
icu,421,16,-0.6398062447218653,20.656446149982177,2.8112660564403633,4.844348481108945,-10.328503206939756,9.048890717496024,cluster_plus_withinstudy,agreement_natural_log_tau2_direct_v1,provisional
icu,422,16,-0.7224089220108526,16.79418536155648,1.633983767489905,4.292804343205777,-9.308017608422407,7.863199764400702,cluster_plus_withinstudy,agreement_natural_log_tau2_direct_v1,provisional
icu,423,16,0.24708400528945337,24.67482258088245,1.1453082120560292,5.081351276278632,-9.91561854726781,10.409786557846717,cluster_plus_withinstudy,agreement_natural_log_tau2_direct_v1,provisional
icu,424,16,-0.6200225305122148,19.231878634471204,3.098910502648205,4.725546437939152,-10.071115406390518,8.83107034536609,cluster_plus_withinstudy,agreement_natural_log_tau2_direct_v1,provisional
icu,425,16,-1.4384457708925769,20.48738317245619,1.4482978428307811,4.683554314330834,-10.805554399554245,7.928662857769091,cluster_plus_withinstudy,agreement_natural_log_tau2_direct_v1,provisional
icu,426,16,0.5134565691922238,24.95783507881285,3.931067702493482,5.374839791222277,-10.23622301325233,11.263136151636777,cluster_plus_withinstudy,agreement_natural_log_tau2_direct_v1,provisional
icu,427,16,-0.13199624454589998,28.110270108340455,3.4596705674788395,5.618713435993981,-11.369423116533863,11.105430627442061,cluster_plus_withinstudy,agreement_natural_log_tau2_direct_v1,provisional
icu,428,16,-0.4218226334206406,24.713613650070805,3.2047967593403133,5.28378750608038,-10.9893976455814,10.145752378740118,cluster_plus_withinstudy,agreement_natural_log_tau2_direct_v1,provisional
icu,429,16,-0.6448463582981221,24.945469211453947,3.0764516810169384,5.2935735465251526,-11.231993451348426,9.942300734752184,cluster_plus_withinstudy,agreement_natural_log_tau2_direct_v1,provisional
icu,430,16,-0.9989752638393866,19.32625699522389,1.1094799162593951,4.52059032776509,-10.040155919369568,8.042205391690793,cluster_plus_withinstudy,agreement_natural_log_tau2_direct_v1,provisional
icu,431,16,-0.9500081319580984,26.546590190668674,2.9331357546737555,5.429523546807991,-11.809055225574081,9.909038961657885,cluster_plus_withinstudy,agreement_natural_log_tau2_direct_v1,provisional
icu,432,16,1.9544951250751978,24.95840894436528,4.882594704386077,5.462691978205559,-8.97088883133592,12.879879081486315,cluster_plus_withinstudy,agreement_natural_log_tau2_direct_v1,provisional
icu,433,16,-1.0753756308491607,30.21764158744394,1.8849596781858586,5.665915748193737,-12.407207127236635,10.256455865538314,cluster_plus_withinstudy,agreement_natural_log_tau2_direct_v1,provisional
icu,434,16,0.13513945095605695,21.11862353049555,3.545687014889532,4.966317604159553,-9.797495757363048,10.067774659275162,cluster_plus_withinstudy,agreement_natural_log_tau2_direct_v1,provisional
icu,435,16,-1.2362678009344954,23.72450760343044,2.6427182179316704,5.134902708071703,-11.506073217077901,9.03353761520891,cluster_plus_withinstudy,agreement_natural_log_tau2_direct_v1,provisional
icu,436,16,-0.8328540455074223,26.901393703672788,2.631619902095677,5.434428544545274,-11.701711134597971,10.036003043583126,cluster_plus_withinstudy,agreement_natural_log_tau2_direct_v1,provisional
icu,437,16,-0.9197780304096088,21.372295996548807,3.236699287816054,4.9607454363598285,-10.841268903129265,9.001712842310049,cluster_plus_withinstudy,agreement_natural_log_tau2_direct_v1,provisional
icu,438,16,0.2964691371140601,26.515139885954362,4.079146793289412,5.5312102363988815,-10.765951335683702,11.358889609911824,cluster_plus_withinstudy,agreement_natural_log_tau2_direct_v1,provisional
icu,439,16,-1.4452572739098688,28.677563229679716,2.0063181667961443,5.5393033313292985,-12.523863936568466,9.633349388748728,cluster_plus_withinstudy,agreement_natural_log_tau2_direct_v1,provisional
icu,440,16,-1.079838554818891,26.59299442586706,0.19680281011094772,5.175886130507317,-11.431610815833526,9.271933706195743,cluster_plus_withinstudy,agreement_natural_log_tau2_direct_v1,provisional
icu,441,16,-0.4571986708562652,21.7371845336727,4.363302261527973,5.108863552219875,-10.674925775296014,9.760528433583485,cluster_plus_withinstudy,agreement_natural_log_tau2_direct_v1,provisional
icu,442,16,-0.11375151763905182,29.37045456273886,3.6278267321614326,5.744413050512671,-11.602577618664395,11.37507458338629,cluster_plus_withinstudy,agreement_natural_log_tau2_direct_v1,provisional
icu,443,16,0.012120804347423901,22.565464260912552,2.606418023907681,5.0171587860880225,-10.022196767828621,10.046438376523469,cluster_plus_withinstudy,agreement_natural_log_tau2_direct_v1,provisional
icu,444,16,-1.1313242455352455,25.70884762590771,1.0861094172160761,5.176384553249863,-11.484093352034972,9.221444860964482,cluster_plus_withinstudy,agreement_natural_log_tau2_direct_v1,provisional
icu,445,16,-0.8218612973504632,27.77352550745053,1.6223518533600965,5.421796506768825,-11.665454310888112,10.021731716187187,cluster_plus_withinstudy,agreement_natural_log_tau2_direct_v1,provisional
icu,446,16,0.005782378106628909,32.383390784320845,4.89454465074953,6.105565938966705,-12.20534949982678,12.216914256040038,cluster_plus_withinstudy,agreement_natural_log_tau2_direct_v1,provisional
icu,447,16,-0.5805170486010468,24.07019170634041,2.3075625756835225,5.135927791745512,-10.852372632092072,9.691338534889978,cluster_plus_withinstudy,agreement_natural_log_tau2_direct_v1,provisional
icu,448,16,0.12818420910197914,21.027475806140817,1.8759546838293546,4.785752865534342,-9.443321521966705,9.699689940170664,cluster_plus_withinstudy,agreement_natural_log_tau2_direct_v1,provisional
icu,449,16,-1.1228690707942044,19.872749532867946,0.8436704519832023,4.551529411621016,-10.225927894036236,7.980189752447828,cluster_plus_withinstudy,agreement_natural_log_tau2_direct_v1,provisional
icu,450,16,-0.6597611274291444,15.508076135505886,1.9981234445160885,4.184041058596578,-9.0278432446223,7.708320989764012,cluster_plus_withinstudy,agreement_natural_log_tau2_direct_v1,provisional
icu,451,16,-0.5042190163627828,14.924641899933468,0.6966751554033973,3.952381188010193,-8.408981392383168,7.400543359657603,cluster_plus_withinstudy,agreement_natural_log_tau2_direct_v1,provisional
icu,452,16,-1.0827714052165087,23.604529555910876,2.3284880411900906,5.0924471128428,-11.267665630902108,9.102122820469091,cluster_plus_withinstudy,agreement_natural_log_tau2_direct_v1,provisional
icu,453,16,-0.6025659509907466,22.0129923733412,0.0,4.691800547054531,-9.986167045099808,8.781035143118316,cluster_plus_withinstudy,agreement_natural_log_tau2_direct_v1,provisional
icu,454,16,0.062198198873271895,21.374882698678768,1.2970879941130609,4.761509287273504,-9.460820375673736,9.58521677342028,cluster_plus_withinstudy,agreement_natural_log_tau2_direct_v1,provisional
icu,455,16,-0.7844460576757581,21.67177434480799,1.1297287640222764,4.775091947683339,-10.334629953042436,8.765737837690919,cluster_plus_withinstudy,agreement_natural_log_tau2_direct_v1,provisional
icu,456,16,-0.08533869111545815,22.52063409590681,5.189729180368827,5.264063380723644,-10.613465452562746,10.44278807033183,cluster_plus_withinstudy,agreement_natural_log_tau2_direct_v1,provisional
icu,457,16,-1.1093090750720571,20.815696098027956,1.7167755035585712,4.746838063552045,-10.602985202176146,8.384367052032033,cluster_plus_withinstudy,agreement_natural_log_tau2_direct_v1,provisional
icu,458,16,-1.053426250041787,19.52900817505916,1.0020546778951642,4.5311215888513,-10.115669427744386,8.008816927660813,cluster_plus_withinstudy,agreement_natural_log_tau2_direct_v1,provisional
icu,459,16,-1.0004268338377984,19.757871503259096,1.4698533475009994,4.607355515993974,-10.215137865825746,8.21428419815015,cluster_plus_withinstudy,agreement_natural_log_tau2_direct_v1,provisional
icu,460,16,-0.41490543278560804,20.141841609765233,3.8093073101092942,4.893991103371003,-10.202887639527614,9.373076773956399,cluster_plus_withinstudy,agreement_natural_log_tau2_direct_v1,provisional
icu,461,16,0.5265606984137241,25.494306367197684,6.548942506539354,5.660675655232071,-10.794790612050416,11.847912008877866,cluster_plus_withinstudy,agreement_natural_log_tau2_direct_v1,provisional
icu,462,16,0.3776880083274525,22.05594028176318,4.290824675802622,5.132909989232794,-9.888131970138136,10.64350798679304,cluster_plus_withinstudy,agreement_natural_log_tau2_direct_v1,provisional
icu,463,16,0.050471133929770796,22.290633019953844,5.688127470712426,5.289495296402698,-10.528519458875627,10.629461726735167,cluster_plus_withinstudy,agreement_natural_log_tau2_direct_v1,provisional
icu,464,16,0.099798040573606,31.475638436606708,6.345777501362105,6.149911864243976,-12.200025687914346,12.399621769061559,cluster_plus_withinstudy,agreement_natural_log_tau2_direct_v1,provisional
icu,465,16,-1.1290296924866476,26.232882988483745,2.1171572493631015,5.324475583364698,-11.777980859216044,9.51992147424275,cluster_plus_withinstudy,agreement_natural_log_tau2_direct_v1,provisional
icu,466,16,-0.44610050930332396,22.48792459031643,2.375017274617874,4.98627534989137,-10.418651209086065,9.526450190479416,cluster_plus_withinstudy,agreement_natural_log_tau2_direct_v1,provisional
icu,467,16,-0.23651309201272339,25.64669568887599,2.9116584224327187,5.344001694545831,-10.924516481104385,10.451490297078939,cluster_plus_withinstudy,agreement_natural_log_tau2_direct_v1,provisional
icu,468,16,-0.21564886896071275,20.790524809725966,4.303033331842928,5.009347077371351,-10.234343023703415,9.80304528578199,cluster_plus_withinstudy,agreement_natural_log_tau2_direct_v1,provisional
icu,469,16,0.37665350365158645,19.689502631784155,3.7764868853006988,4.844170673818673,-9.311687843985759,10.064994851288933,cluster_plus_withinstudy,agreement_natural_log_tau2_direct_v1,provisional
icu,470,16,-1.5263055421262053,22.398994725849732,0.7428146792586907,4.810593456644245,-11.147492455414696,8.094881371162284,cluster_plus_withinstudy,agreement_natural_log_tau2_direct_v1,provisional
icu,471,16,-0.9809989121180328,30.168555536944087,0.5785306935818615,5.5450055212349385,-12.07100995458791,10.109012130351845,cluster_plus_withinstudy,agreement_natural_log_tau2_direct_v1,provisional
icu,472,16,-0.9149165814709403,17.61029071158984,2.5439859676828096,4.489351476468806,-9.893619534408552,8.063786371466671,cluster_plus_withinstudy,agreement_natural_log_tau2_direct_v1,provisional
icu,473,16,-0.9854925490204617,25.313725587920132,0.5475017154155498,5.0853935249236795,-11.15627959886782,9.185294500826897,cluster_plus_withinstudy,agreement_natural_log_tau2_direct_v1,provisional
icu,474,16,-0.6704462856901979,18.398324037692177,2.451955476738862,4.566210629661212,-9.802867545012623,8.461974973632225,cluster_plus_withinstudy,agreement_natural_log_tau2_direct_v1,provisional
icu,475,16,-0.682509259140688,29.744161122017402,2.7835037011302357,5.703302974868829,-12.089115208878347,10.72409669059697,cluster_plus_withinstudy,agreement_natural_log_tau2_direct_v1,provisional
icu,476,16,-0.6147410682262275,21.916138019016103,3.0695913612769647,4.998572734320574,-10.611886536867376,9.382404400414922,cluster_plus_withinstudy,agreement_natural_log_tau2_direct_v1,provisional
icu,477,16,-0.9449209465334676,18.95791385535649,0.49246412113970967,4.410258266416628,-9.765437479366724,7.875595586299789,cluster_plus_withinstudy,agreement_natural_log_tau2_direct_v1,provisional
icu,478,16,-0.942256527011158,27.208390498351186,2.4580174915873982,5.446687799932963,-11.835632126877085,9.951119072854768,cluster_plus_withinstudy,agreement_natural_log_tau2_direct_v1,provisional
icu,479,16,0.04815022960569332,21.771826637404942,6.431170829394198,5.310649439268152,-10.57314864893061,10.669449108141999,cluster_plus_withinstudy,agreement_natural_log_tau2_direct_v1,provisional
icu,480,16,0.6288601161499463,25.301272763680288,6.81833395195935,5.667416229256472,-10.705972342362998,11.96369257466289,cluster_plus_withinstudy,agreement_natural_log_tau2_direct_v1,provisional
icu,481,16,-0.947557276443266,22.71559655764178,0.4687685311252938,4.815014547098178,-10.577586370639622,8.68247181775309,cluster_plus_withinstudy,agreement_natural_log_tau2_direct_v1,provisional
icu,482,16,-1.3100659543986888,19.882565956452176,0.938220854607926,4.562980036232911,-10.43602602686451,7.815894118067134,cluster_plus_withinstudy,agreement_natural_log_tau2_direct_v1,provisional
icu,483,16,-0.16037211558685313,25.506592935252687,1.7249940673559956,5.218389311138896,-10.597150737864645,10.27640650669094,cluster_plus_withinstudy,agreement_natural_log_tau2_direct_v1,provisional
icu,484,16,-0.8561639842971837,26.78630178584251,4.167371572049702,5.563602552114252,-11.983369088525686,10.27104111993132,cluster_plus_withinstudy,agreement_natural_log_tau2_direct_v1,provisional
icu,485,16,-0.5946530545237787,20.74679996758593,1.5976553326568341,4.726992204377194,-10.048637463278167,8.85933135423061,cluster_plus_withinstudy,agreement_natural_log_tau2_direct_v1,provisional
icu,486,16,-1.073388757549252,19.817394918699158,0.6654002357825187,4.525792212914959,-10.124973183379169,7.978195668280665,cluster_plus_withinstudy,agreement_natural_log_tau2_direct_v1,provisional
icu,487,16,0.20393224620194342,20.46509955620806,2.413563807157247,4.783164576236668,-9.362396906271393,9.77026139867528,cluster_plus_withinstudy,agreement_natural_log_tau2_direct_v1,provisional
icu,488,16,-0.2963101457116502,29.583013318119697,4.127802088096254,5.806101566991052,-11.908513279693755,11.315892988270454,cluster_plus_withinstudy,agreement_natural_log_tau2_direct_v1,provisional
icu,489,16,-0.026937089518923485,21.325998577802,1.469585514659716,4.774472127100725,-9.575881343720374,9.522007164682526,cluster_plus_withinstudy,agreement_natural_log_tau2_direct_v1,provisional
icu,490,16,-1.1053954580956502,21.53083948760697,0.5029604436196532,4.694017461751353,-10.493430381598357,8.282639465407057,cluster_plus_withinstudy,agreement_natural_log_tau2_direct_v1,provisional
icu,491,16,-1.7740767893757372,16.909719609102343,0.8839736882015337,4.218257139779873,-10.210591068935484,6.6624374901840095,cluster_plus_withinstudy,agreement_natural_log_tau2_direct_v1,provisional
icu,492,16,-0.7161279925786963,18.580419524841247,0.44649088020804173,4.36198468647579,-9.440097365530276,8.007841380372883,cluster_plus_withinstudy,agreement_natural_log_tau2_direct_v1,provisional
icu,493,16,1.0004050121761345,23.239314138146824,4.197437599109507,5.238010284187721,-9.475615556199308,11.476425580551577,cluster_plus_withinstudy,agreement_natural_log_tau2_direct_v1,provisional
icu,494,16,-0.17841242878346283,30.67998022726238,4.033526271411007,5.891816909805785,-11.962046248395033,11.605221390828106,cluster_plus_withinstudy,agreement_natural_log_tau2_direct_v1,provisional
icu,495,16,-0.0016773434132578903,26.052225807579248,3.2081924577223173,5.409289996413722,-10.820257336240703,10.816902649414187,cluster_plus_withinstudy,agreement_natural_log_tau2_direct_v1,provisional
icu,496,16,-0.10360546313355895,20.817175050714905,0.4163887364052171,4.607989126193781,-9.31958371552112,9.112372789254003,cluster_plus_withinstudy,agreement_natural_log_tau2_direct_v1,provisional
icu,497,16,-0.6086346541983274,23.975187291939957,2.9871808582797588,5.192530033636754,-10.993694721471837,9.77642541307518,cluster_plus_withinstudy,agreement_natural_log_tau2_direct_v1,provisional
icu,498,16,-1.3936612823766252,23.146435490214895,1.7455286790199358,4.989184719895109,-11.372030722166842,8.584708157413592,cluster_plus_withinstudy,agreement_natural_log_tau2_direct_v1,provisional
icu,499,16,-0.9531190010812226,23.69417900130531,1.8694612757758025,5.056049868927433,-11.065218738936089,9.158980736773643,cluster_plus_withinstudy,agreement_natural_log_tau2_direct_v1,provisional
icu,500,16,-0.14134607124968046,25.982897147025692,1.110023819689194,5.205086067176496,-10.551518205602672,10.268826063103312,cluster_plus_withinstudy,agreement_natural_log_tau2_direct_v1,provisional
icu,501,16,1.81521705915355,25.99216280902354,9.964780870359505,5.996410899811907,-10.177604740470263,13.808038858777364,cluster_plus_withinstudy,agreement_natural_log_tau2_direct_v1,provisional
icu,502,16,0.5699646399167899,23.403167558867096,4.282954385419353,5.261760346527239,-9.953556053137687,11.093485332971268,cluster_plus_withinstudy,agreement_natural_log_tau2_direct_v1,provisional
icu,503,16,-0.6484967890305823,16.905517611583807,2.5761666528202434,4.413806097282033,-9.47610898359465,8.179115405533484,cluster_plus_withinstudy,agreement_natural_log_tau2_direct_v1,provisional
icu,504,16,-0.31264097372792615,17.9159638227909,1.6649102806682685,4.425028147194,-9.162697268115927,8.537415320660074,cluster_plus_withinstudy,agreement_natural_log_tau2_direct_v1,provisional
icu,505,16,0.1662552801297217,29.050437808439693,6.266384454526222,5.9427958288137335,-11.719336377497745,12.051846937757189,cluster_plus_withinstudy,agreement_natural_log_tau2_direct_v1,provisional
icu,506,16,-0.8068462131703,25.856086671416545,3.899310188986956,5.454850764265096,-11.716547741700492,10.102855315359893,cluster_plus_withinstudy,agreement_natural_log_tau2_direct_v1,provisional
icu,507,16,-1.3511491852628363,17.43323081262452,0.8586426145008571,4.276899978620657,-9.90494914250415,7.202650771978477,cluster_plus_withinstudy,agreement_natural_log_tau2_direct_v1,provisional
icu,508,16,-0.878774764741928,20.33357194260557,1.492046637974201,4.671789655001579,-10.222354074745086,8.464804545261229,cluster_plus_withinstudy,agreement_natural_log_tau2_direct_v1,provisional
icu,509,16,0.09812844196068313,18.670713455894177,2.8638662178707004,4.640536571751684,-9.182944701542686,9.37920158546405,cluster_plus_withinstudy,agreement_natural_log_tau2_direct_v1,provisional
icu,510,16,-0.914968285305964,18.437484809436203,1.5666526755339545,4.472598515960287,-9.860165317226537,8.03022874661461,cluster_plus_withinstudy,agreement_natural_log_tau2_direct_v1,provisional
icu,511,16,-0.6068972417088772,18.206936925041106,1.0821669334673738,4.391936231152324,-9.390769704013525,8.176975220595772,cluster_plus_withinstudy,agreement_natural_log_tau2_direct_v1,provisional
icu,512,16,-0.8525494907871625,20.19255481017983,1.705450860972955,4.6795304968717515,-10.211610484530665,8.506511502956341,cluster_plus_withinstudy,agreement_natural_log_tau2_direct_v1,provisional
icu,513,16,-0.8909672142373807,28.708985864789778,0.4892624506408289,5.403540350125148,-11.698047914487677,9.916113486012915,cluster_plus_withinstudy,agreement_natural_log_tau2_direct_v1,provisional
icu,514,16,0.40195480920485344,25.05647969869728,3.002344486680002,5.297058068907427,-10.19216132861,10.996070947019708,cluster_plus_withinstudy,agreement_natural_log_tau2_direct_v1,provisional
icu,515,16,-0.42246438678494447,24.00943554434414,1.8114931367848495,5.081429787090341,-10.585323960965628,9.740395187395738,cluster_plus_withinstudy,agreement_natural_log_tau2_direct_v1,provisional
icu,516,16,-0.2759111115906829,15.403309016214617,1.46851450620013,4.107532534553409,-8.4909761806975,7.939153957516134,cluster_plus_withinstudy,agreement_natural_log_tau2_direct_v1,provisional
icu,517,16,-0.6010556850244132,32.344285758407366,0.9159111458757836,5.767165413293011,-12.135386511610434,10.933275141561609,cluster_plus_withinstudy,agreement_natural_log_tau2_direct_v1,provisional
icu,518,16,-0.1297590334248915,24.13116230654173,4.363553970570616,5.3380442370883685,-10.805847507601628,10.546329440751846,cluster_plus_withinstudy,agreement_natural_log_tau2_direct_v1,provisional
icu,519,16,-0.3440253391456893,24.854464601035357,3.5234121210617673,5.327088953837464,-10.998203246820617,10.310152568529238,cluster_plus_withinstudy,agreement_natural_log_tau2_direct_v1,provisional
icu,520,16,0.5730895885212577,20.741999266958427,7.261058415020747,5.291791538031252,-10.010493487541247,11.156672664583763,cluster_plus_withinstudy,agreement_natural_log_tau2_direct_v1,provisional
icu,521,16,-0.7520278094319218,21.903154881393416,3.7433220664186933,5.064235080228021,-10.880497969887964,9.376442351024119,cluster_plus_withinstudy,agreement_natural_log_tau2_direct_v1,provisional
icu,522,16,-0.8355453742111552,20.692080164344006,1.8705771623838259,4.750016560679324,-10.335578495569802,8.664487747147493,cluster_plus_withinstudy,agreement_natural_log_tau2_direct_v1,provisional
icu,523,16,-0.6812017741463431,25.55508523163216,4.484097773320597,5.480801310479404,-11.642804395105152,10.280400846812466,cluster_plus_withinstudy,agreement_natural_log_tau2_direct_v1,provisional
icu,524,16,-1.3736938913624446,19.170679553032972,1.0550010716024703,4.497297035401981,-10.368287962166406,7.6209001794415165,cluster_plus_withinstudy,agreement_natural_log_tau2_direct_v1,provisional
icu,525,16,0.40988737307530415,21.381765313568074,2.936699911188038,4.931375591531851,-9.452863809988399,10.272638556139006,cluster_plus_withinstudy,agreement_natural_log_tau2_direct_v1,provisional
icu,526,16,-0.19069628335988473,28.26383844160679,3.465220211191197,5.632855284205159,-11.456406851770202,11.075014285050434,cluster_plus_withinstudy,agreement_natural_log_tau2_direct_v1,provisional
icu,527,16,-0.8168693833138985,27.781377457831947,5.731635634700874,5.789042502222006,-12.39495438775791,10.761215621130113,cluster_plus_withinstudy,agreement_natural_log_tau2_direct_v1,provisional
icu,528,16,-0.5505119100206934,20.641071421590453,1.767250798378533,4.7337429397854915,-10.017997789591677,8.91697396955029,cluster_plus_withinstudy,agreement_natural_log_tau2_direct_v1,provisional
icu,529,16,-0.8024916180583835,30.72431687348082,3.067393394918553,5.813063759189243,-12.428619136436868,10.823635900320102,cluster_plus_withinstudy,agreement_natural_log_tau2_direct_v1,provisional
icu,530,16,-0.2552957308869078,27.00055127877202,12.225095565583562,6.26303814808401,-12.781372027054928,12.270780565281111,cluster_plus_withinstudy,agreement_natural_log_tau2_direct_v1,provisional
icu,531,16,-0.8591756147731694,20.8669051953023,0.7464260113125494,4.649014003701737,-10.157203622176644,8.438852392630304,cluster_plus_withinstudy,agreement_natural_log_tau2_direct_v1,provisional
icu,532,16,-0.9686127204864672,27.312965156633705,1.376298435712119,5.356235953759489,-11.681084628005445,9.74385918703251,cluster_plus_withinstudy,agreement_natural_log_tau2_direct_v1,provisional
icu,533,16,-1.0962504471006538,14.842464927473108,0.35431446343954126,3.8983046816420917,-8.892859810384838,6.7003589161835295,cluster_plus_withinstudy,agreement_natural_log_tau2_direct_v1,provisional
icu,534,16,-0.2907542064093066,17.32998876285908,2.1918707822169856,4.418354845989179,-9.127463898387665,8.545955485569051,cluster_plus_withinstudy,agreement_natural_log_tau2_direct_v1,provisional
icu,535,16,-0.6362541510106565,24.71936677339141,2.047457744447623,5.17366644825882,-10.983587047528296,9.711078745506985,cluster_plus_withinstudy,agreement_natural_log_tau2_direct_v1,provisional
icu,536,16,-0.5360214385518183,18.526999016661666,0.746863750077515,4.390200766108445,-9.31642297076871,8.244380093665072,cluster_plus_withinstudy,agreement_natural_log_tau2_direct_v1,provisional
icu,537,16,-0.9166025006770842,24.60797981196591,1.0092774125697148,5.061349348201093,-11.03930119707927,9.2060961957251,cluster_plus_withinstudy,agreement_natural_log_tau2_direct_v1,provisional
icu,538,16,-0.9561351119624171,23.64950205694191,4.284666156996741,5.28527844242275,-11.526691996807918,9.614421772883082,cluster_plus_withinstudy,agreement_natural_log_tau2_direct_v1,provisional
icu,539,16,-1.195975136685541,20.704738203100217,0.8441774058701893,4.642080956744551,-10.480137050174644,8.08818677680356,cluster_plus_withinstudy,agreement_natural_log_tau2_direct_v1,provisional
icu,540,16,-0.8171200265769951,18.550849475551008,0.5456607902568795,4.369955407759659,-9.557030842096314,7.922790788942323,cluster_plus_withinstudy,agreement_natural_log_tau2_direct_v1,provisional
icu,541,16,0.516718148865914,18.40627638834891,4.376875035961247,4.773169955523285,-9.029621762180655,10.063058059912484,cluster_plus_withinstudy,agreement_natural_log_tau2_direct_v1,provisional
icu,542,16,-1.1226259994010133,16.039421003666604,1.2248462329353713,4.1550291499100185,-9.43268429922105,7.187432300419024,cluster_plus_withinstudy,agreement_natural_log_tau2_direct_v1,provisional
icu,543,16,-0.016387529470276746,25.683000685492622,3.9193187460441528,5.440801359316178,-10.897990248102634,10.865215189162079,cluster_plus_withinstudy,agreement_natural_log_tau2_direct_v1,provisional
icu,544,16,-0.87762359852766,20.125300523460638,2.5106830055805096,4.7577288204605725,-10.393081239448804,8.637834042393486,cluster_plus_withinstudy,agreement_natural_log_tau2_direct_v1,provisional
icu,545,16,-0.7278343512591736,20.198158383416718,3.243192517454988,4.841626885755624,-10.411088122770423,8.955419420252074,cluster_plus_withinstudy,agreement_natural_log_tau2_direct_v1,provisional
icu,546,16,-0.8475002967785392,23.38078504018125,3.569767673249436,5.191392174882446,-11.230284646543431,9.535284052986352,cluster_plus_withinstudy,agreement_natural_log_tau2_direct_v1,provisional
icu,547,16,-1.5044961327323423,15.2579373077711,0.4296439679326559,3.9607551395792893,-9.42600641189092,6.4170141464262365,cluster_plus_withinstudy,agreement_natural_log_tau2_direct_v1,provisional
icu,548,16,-1.0311304033403232,29.22035701198682,1.160600753359311,5.511892394209645,-12.054915191759614,9.992654385078966,cluster_plus_withinstudy,agreement_natural_log_tau2_direct_v1,provisional
icu,549,16,-0.06584354926631378,22.463006069573805,3.915617362742297,5.13601240577903,-10.337868360824373,10.206181262291746,cluster_plus_withinstudy,agreement_natural_log_tau2_direct_v1,provisional
icu,550,16,-1.4188704450307068,19.76952024910473,0.8897608205347061,4.545248185703333,-10.509366816437373,7.671625926375959,cluster_plus_withinstudy,agreement_natural_log_tau2_direct_v1,provisional
icu,551,16,-0.8863597648971364,21.069120378062188,0.0,4.590111150948546,-10.06658206679423,8.293862536999956,cluster_plus_withinstudy,agreement_natural_log_tau2_direct_v1,provisional
icu,552,16,-0.8183376179029949,18.885609548269727,0.8367943992122157,4.440991324860018,-9.700320267623031,8.063645031817043,cluster_plus_withinstudy,agreement_natural_log_tau2_direct_v1,provisional
icu,553,16,-0.5369264772266497,17.49203764700011,1.3286723476771627,4.338284222440627,-9.213494922107904,8.139641967654603,cluster_plus_withinstudy,agreement_natural_log_tau2_direct_v1,provisional
icu,554,16,-0.380509368524859,20.72288899912842,3.4603335522733283,4.917644004134678,-10.215797376794214,9.454778639744497,cluster_plus_withinstudy,agreement_natural_log_tau2_direct_v1,provisional
icu,555,16,-0.6462198902078322,24.501729368199925,5.129716802744166,5.44347739693517,-11.533174684078173,10.240734903662506,cluster_plus_withinstudy,agreement_natural_log_tau2_direct_v1,provisional
icu,556,16,-0.7095925635145081,21.942587798941968,2.1802233812068246,4.911497855048783,-10.532588273612074,9.113403146583057,cluster_plus_withinstudy,agreement_natural_log_tau2_direct_v1,provisional
icu,557,16,0.6820391401809976,21.215603986068746,3.6849027424052667,4.990040754189691,-9.298042368198384,10.662120648560379,cluster_plus_withinstudy,agreement_natural_log_tau2_direct_v1,provisional
icu,558,16,-1.246994770575491,21.86045907527504,0.9893779505738144,4.780150314147961,-10.807295398871412,8.313305857720431,cluster_plus_withinstudy,agreement_natural_log_tau2_direct_v1,provisional
icu,559,16,-0.6618903482238631,26.99643109652208,5.195354851427388,5.673780569245648,-12.00945148671516,10.685670790267432,cluster_plus_withinstudy,agreement_natural_log_tau2_direct_v1,provisional
icu,560,16,-0.9758173415986642,18.926111186542087,1.2513883622925184,4.4919371710693605,-9.959691683737386,8.008057000540056,cluster_plus_withinstudy,agreement_natural_log_tau2_direct_v1,provisional
icu,561,16,0.32408164395512135,21.061348692725687,4.235072442448064,5.029554765103343,-9.735027886251565,10.383191174161809,cluster_plus_withinstudy,agreement_natural_log_tau2_direct_v1,provisional
icu,562,16,-0.4421359350561591,19.682832083693686,2.246001479796209,4.682823247090359,-9.807782429236877,8.923510559124558,cluster_plus_withinstudy,agreement_natural_log_tau2_direct_v1,provisional
icu,563,16,-0.9498251061511559,21.568084527397957,3.8670187941905536,5.0433226469846755,-11.036470400120507,9.136820187818195,cluster_plus_withinstudy,agreement_natural_log_tau2_direct_v1,provisional
icu,564,16,-0.35141319266180565,25.545002721495173,7.496544643866645,5.748177743020984,-11.847768678703774,11.144942293380163,cluster_plus_withinstudy,agreement_natural_log_tau2_direct_v1,provisional
icu,565,16,-0.08013000932839912,20.641578708897608,3.8150027468878394,4.9453595881174754,-9.97084918556335,9.810589166906551,cluster_plus_withinstudy,agreement_natural_log_tau2_direct_v1,provisional
icu,566,16,-0.49590792035345377,18.777939291352656,2.0823851894729555,4.567310420896045,-9.630528762145545,8.638712921438636,cluster_plus_withinstudy,agreement_natural_log_tau2_direct_v1,provisional
icu,567,16,0.49223542359956934,24.296879566306597,5.7231526637987695,5.479053953932683,-10.465872484265796,11.450343331464934,cluster_plus_withinstudy,agreement_natural_log_tau2_direct_v1,provisional
icu,568,16,-0.3864859324978982,22.914138850369905,3.962501237596365,5.184268520048539,-10.755022972594976,9.98205110759918,cluster_plus_withinstudy,agreement_natural_log_tau2_direct_v1,provisional
icu,569,16,-0.5606992334105646,21.101249944288927,1.357355378597597,4.73905109941711,-10.038801432244785,8.917402965423655,cluster_plus_withinstudy,agreement_natural_log_tau2_direct_v1,provisional
icu,570,16,-0.624116392412164,21.231652953970347,1.1701913186303383,4.733058659323872,-10.090233711059907,8.84200092623558,cluster_plus_withinstudy,agreement_natural_log_tau2_direct_v1,provisional
icu,571,16,-1.2010407829937337,29.152244443345392,1.4431944189011725,5.5313143883028895,-12.263669559599514,9.861587993612044,cluster_plus_withinstudy,agreement_natural_log_tau2_direct_v1,provisional
icu,572,16,-0.9651801010907061,16.21130359572607,1.123655797676268,4.163527277850156,-9.292234656791019,7.361874454609607,cluster_plus_withinstudy,agreement_natural_log_tau2_direct_v1,provisional
icu,573,16,-0.4618064449128883,18.049223125293565,1.3548649001821707,4.405007153850688,-9.271820752614264,8.348207862788488,cluster_plus_withinstudy,agreement_natural_log_tau2_direct_v1,provisional
icu,574,16,-0.6388904925376948,24.134062349437883,0.169857450857716,4.929900587262952,-10.498691667063598,9.22091068198821,cluster_plus_withinstudy,agreement_natural_log_tau2_direct_v1,provisional
icu,575,16,-1.5037197334210168,25.5021564534831,1.321932552932218,5.179197718413086,-11.862115170247188,8.854675703405155,cluster_plus_withinstudy,agreement_natural_log_tau2_direct_v1,provisional
icu,576,16,-0.6463757022798611,17.646664733385283,2.29822668602977,4.465970378250963,-9.578316458781789,8.285565054222065,cluster_plus_withinstudy,agreement_natural_log_tau2_direct_v1,provisional
icu,577,16,-0.4701039581190263,22.642210152555908,3.4935895007845046,5.112318422530077,-10.69474080317918,9.754532886941128,cluster_plus_withinstudy,agreement_natural_log_tau2_direct_v1,provisional
icu,578,16,-0.2211435441410473,18.449501658979276,4.900804402435979,4.83221544029395,-9.885574424728947,9.443287336446854,cluster_plus_withinstudy,agreement_natural_log_tau2_direct_v1,provisional
icu,579,16,0.33088491540910725,21.711995869685605,5.197080531007858,5.18739591709496,-10.043906918780813,10.705676749599029,cluster_plus_withinstudy,agreement_natural_log_tau2_direct_v1,provisional
icu,580,16,-2.042326581039484,21.66822681651276,0.46036797023717213,4.704104036556795,-11.450534654153074,7.365881492074106,cluster_plus_withinstudy,agreement_natural_log_tau2_direct_v1,provisional
icu,581,16,-0.621425267181823,24.217600693176824,0.09879598058441881,4.931165853402342,-10.483756973986507,9.24090643962286,cluster_plus_withinstudy,agreement_natural_log_tau2_direct_v1,provisional
icu,582,16,-1.8544851596119536,28.80730076422213,1.4816013515451572,5.503535419688629,-12.861555998989212,9.152585679765304,cluster_plus_withinstudy,agreement_natural_log_tau2_direct_v1,provisional
icu,583,16,-0.7932540893539601,22.80944204032712,1.3080960180127679,4.9109610116900635,-10.615176112734087,9.028667934026167,cluster_plus_withinstudy,agreement_natural_log_tau2_direct_v1,provisional
icu,584,16,-0.3432261152796783,24.75623814078716,7.113488257934419,5.645327838019824,-11.633881791319327,10.94742956075997,cluster_plus_withinstudy,agreement_natural_log_tau2_direct_v1,provisional
icu,585,16,-0.5499538194614609,21.577577501244534,2.6247799950109947,4.919589159295269,-10.389132138051998,9.289224499129077,cluster_plus_withinstudy,agreement_natural_log_tau2_direct_v1,provisional
icu,586,16,0.5171990158827606,33.01721110082609,7.886057719780074,6.395566340880701,-12.27393366587864,13.308331697644164,cluster_plus_withinstudy,agreement_natural_log_tau2_direct_v1,provisional
icu,587,16,-2.4061061331345153,24.68148967746772,4.719386004138503,5.422257434095712,-13.25062100132594,8.43840873505691,cluster_plus_withinstudy,agreement_natural_log_tau2_direct_v1,provisional
icu,588,16,-0.9216388419849849,29.179331171972642,2.773480038675271,5.652681771570721,-12.227002385126427,10.383724701156458,cluster_plus_withinstudy,agreement_natural_log_tau2_direct_v1,provisional
icu,589,16,-0.7130785114130705,21.5859667515153,0.6728213818306297,4.717922014334905,-10.148922540082882,8.72276551725674,cluster_plus_withinstudy,agreement_natural_log_tau2_direct_v1,provisional
icu,590,16,0.29412154239876415,27.710512630165937,5.84155881833686,5.792414992773117,-11.29070844314747,11.878951527944999,cluster_plus_withinstudy,agreement_natural_log_tau2_direct_v1,provisional
icu,591,16,-0.6523970550208461,16.971403201606304,0.4042039976912746,4.168405834284562,-8.98920872358997,7.684414613548278,cluster_plus_withinstudy,agreement_natural_log_tau2_direct_v1,provisional
icu,592,16,-0.969760831444082,14.496281064493344,1.037327707603978,3.941269944078599,-8.85230071960128,6.912779056713116,cluster_plus_withinstudy,agreement_natural_log_tau2_direct_v1,provisional
icu,593,16,-0.8185011442165838,16.508928087637358,0.6534204948744678,4.142746502323287,-9.103994148863157,7.46699186042999,cluster_plus_withinstudy,agreement_natural_log_tau2_direct_v1,provisional
icu,594,16,0.3907186577554976,19.618301152036135,2.316216637764889,4.683430130769651,-8.976141603783804,9.757578919294799,cluster_plus_withinstudy,agreement_natural_log_tau2_direct_v1,provisional
icu,595,16,-0.7921225580720551,17.481695747026507,3.2257419290017433,4.550542569411723,-9.893207696895502,8.308962580751391,cluster_plus_withinstudy,agreement_natural_log_tau2_direct_v1,provisional
icu,596,16,-0.8217143495224202,25.201707157675724,2.8576851454445955,5.297111694416149,-11.415937738354717,9.772509039309877,cluster_plus_withinstudy,agreement_natural_log_tau2_direct_v1,provisional
icu,597,16,-0.9033801514331331,17.48260014170606,0.8853818668720776,4.285788376550823,-9.474956904534778,7.668196601668512,cluster_plus_withinstudy,agreement_natural_log_tau2_direct_v1,provisional
icu,598,16,-1.1943732536558584,21.72220602197401,1.0586360030885016,4.772928034766763,-10.740229323189384,8.351482815877668,cluster_plus_withinstudy,agreement_natural_log_tau2_direct_v1,provisional
icu,599,16,-1.0098953047765518,27.366255529605574,0.7837432509980544,5.305657243038192,-11.621209790852937,9.601419181299832,cluster_plus_withinstudy,agreement_natural_log_tau2_direct_v1,provisional
icu,600,16,0.03406200276029527,27.21332184457389,2.697546764692187,5.469082976995876,-10.904103951231457,10.972227956752048,cluster_plus_withinstudy,agreement_natural_log_tau2_direct_v1,provisional
icu,601,16,1.4979021238778225,25.465008380250904,7.671955109880742,5.756471444394704,-10.015040764911586,13.010845012667229,cluster_plus_withinstudy,agreement_natural_log_tau2_direct_v1,provisional
icu,602,16,0.11695146369267242,23.52640401175113,1.587452610671715,5.011372728347278,-9.905793993001884,10.139696920387228,cluster_plus_withinstudy,agreement_natural_log_tau2_direct_v1,provisional
icu,603,16,-0.20592315343548062,24.396061894505234,4.625116968223809,5.387130856284172,-10.980184866003825,10.568338559132865,cluster_plus_withinstudy,agreement_natural_log_tau2_direct_v1,provisional
icu,604,16,0.479242970504165,34.388099398324314,5.212528669495111,6.292902992087152,-12.106563013670138,13.065048954678469,cluster_plus_withinstudy,agreement_natural_log_tau2_direct_v1,provisional
icu,605,16,-0.06411044361999611,24.078982878889327,2.9438555254044223,5.198349584656052,-10.460809612932099,10.332588725692109,cluster_plus_withinstudy,agreement_natural_log_tau2_direct_v1,provisional
icu,606,16,0.12589957853872424,26.269419316653625,1.5092035523593252,5.270542938731545,-10.415186298924365,10.666985456001814,cluster_plus_withinstudy,agreement_natural_log_tau2_direct_v1,provisional
icu,607,16,-0.993473147637127,18.89590754781638,1.7474820007840222,4.543499702718203,-10.080472553073534,8.09352625779928,cluster_plus_withinstudy,agreement_natural_log_tau2_direct_v1,provisional
icu,608,16,-1.1188263921196844,20.708034343796918,3.383244692550535,4.908286772016021,-10.935399936151727,8.697747151912358,cluster_plus_withinstudy,agreement_natural_log_tau2_direct_v1,provisional
icu,609,16,-0.31159977859230376,20.71037863004927,3.0806491088161687,4.87760471326505,-10.066809205122405,9.443609647937796,cluster_plus_withinstudy,agreement_natural_log_tau2_direct_v1,provisional
icu,610,16,0.06484123215386525,22.348316766326263,4.8907196561947135,5.219103028540534,-10.373364824927203,10.503047289234933,cluster_plus_withinstudy,agreement_natural_log_tau2_direct_v1,provisional
icu,611,16,-0.06484287372490803,18.887550020546787,1.9339511552354742,4.563058313870453,-9.190959501465814,9.061273754015998,cluster_plus_withinstudy,agreement_natural_log_tau2_direct_v1,provisional
icu,612,16,-0.69828773608232,25.32626561816985,3.338311179636825,5.353930966851055,-11.40614966978443,10.009574197619791,cluster_plus_withinstudy,agreement_natural_log_tau2_direct_v1,provisional
icu,613,16,-0.5539909309048912,29.447347823414695,3.2728864177829524,5.720160333521924,-11.99431159794874,10.886329736138956,cluster_plus_withinstudy,agreement_natural_log_tau2_direct_v1,provisional
icu,614,16,-0.5136840265841028,21.155797973295478,2.603544504166454,4.874355596123649,-10.2623952188314,9.235027165663194,cluster_plus_withinstudy,agreement_natural_log_tau2_direct_v1,provisional
icu,615,16,-1.0222277013712961,21.10706747329545,2.0049284921791872,4.80749373015448,-10.637215161680256,8.592759758937664,cluster_plus_withinstudy,agreement_natural_log_tau2_direct_v1,provisional
icu,616,16,-0.36429404693096934,22.392199983831897,2.9228731462224213,5.03140866259682,-10.427111372124608,9.698523278262671,cluster_plus_withinstudy,agreement_natural_log_tau2_direct_v1,provisional
icu,617,16,-0.787467642653914,15.042052655021333,0.8887698002585084,3.991343439905897,-8.770154522465708,7.195219237157881,cluster_plus_withinstudy,agreement_natural_log_tau2_direct_v1,provisional
icu,618,16,-0.6757611576396924,29.985897070573955,2.368125358204115,5.688059636534947,-12.051880430709588,10.700358115430202,cluster_plus_withinstudy,agreement_natural_log_tau2_direct_v1,provisional
icu,619,16,0.23033512553167612,22.61498423653142,8.4695120349196,5.575347188422531,-10.920359251313386,11.381029502376737,cluster_plus_withinstudy,agreement_natural_log_tau2_direct_v1,provisional
icu,620,16,-0.35745120528520474,28.335901473310308,5.1064254842883114,5.782934113198819,-11.923319431682843,11.208417021112433,cluster_plus_withinstudy,agreement_natural_log_tau2_direct_v1,provisional
icu,621,16,0.051578823148752645,21.796113031677475,4.7180264371033465,5.149188233962788,-10.246797644776825,10.349955291074329,cluster_plus_withinstudy,agreement_natural_log_tau2_direct_v1,provisional
icu,622,16,-0.06114223088272923,17.72727294896145,1.758602810234419,4.414280888117097,-8.889704007116924,8.767419545351464,cluster_plus_withinstudy,agreement_natural_log_tau2_direct_v1,provisional
icu,623,16,-0.4647546264770878,14.848709986698616,1.0896428169567316,3.9922866635119463,-8.44932795350098,7.5198187005468045,cluster_plus_withinstudy,agreement_natural_log_tau2_direct_v1,provisional
icu,624,16,-0.8274273071777695,22.16952606741718,2.9601512782267405,5.012950961823178,-10.853329230824125,9.198474616468586,cluster_plus_withinstudy,agreement_natural_log_tau2_direct_v1,provisional
icu,625,16,-0.9223239020464441,20.857210298921885,3.2370265790155366,4.908588073767998,-10.739500049582439,8.894852245489552,cluster_plus_withinstudy,agreement_natural_log_tau2_direct_v1,provisional
icu,626,16,-1.3551785746498703,22.573697299693794,2.1942029938199394,4.976735907551629,-11.30865038975313,8.598293240453387,cluster_plus_withinstudy,agreement_natural_log_tau2_direct_v1,provisional
icu,627,16,-0.5090804158124274,18.933766224235324,2.368596354053625,4.615448253234885,-9.739976922282198,8.721816090657343,cluster_plus_withinstudy,agreement_natural_log_tau2_direct_v1,provisional
icu,628,16,0.05653523784581289,22.571846002206733,1.9134449608255395,4.9482614081141945,-9.839987578382576,9.953058054074202,cluster_plus_withinstudy,agreement_natural_log_tau2_direct_v1,provisional
icu,629,16,-0.45339490516390896,19.95535850108155,0.537832367392366,4.526940563832699,-9.507276032829308,8.60048622250149,cluster_plus_withinstudy,agreement_natural_log_tau2_direct_v1,provisional
icu,630,16,-0.4869667469553241,19.852897990390225,0.9401475500493962,4.559939203590287,-9.606845154135899,8.632911660225249,cluster_plus_withinstudy,agreement_natural_log_tau2_direct_v1,provisional
icu,631,16,0.3340267801901627,26.594513057446008,4.771634015636807,5.600548818917912,-10.867070857645661,11.535124418025987,cluster_plus_withinstudy,agreement_natural_log_tau2_direct_v1,provisional
icu,632,16,-1.1242175310597136,23.235492009073084,0.32616695833586556,4.8540353281995126,-10.832288187458738,8.583853125339312,cluster_plus_withinstudy,agreement_natural_log_tau2_direct_v1,provisional
icu,633,16,-0.660130452415127,20.33857391861193,1.8340667313103771,4.70878335134696,-10.077697155109046,8.757436250278793,cluster_plus_withinstudy,agreement_natural_log_tau2_direct_v1,provisional
icu,634,16,-0.39772122308249885,26.758640533131228,4.276584864425624,5.570926798797203,-11.539574820676904,10.744132374511906,cluster_plus_withinstudy,agreement_natural_log_tau2_direct_v1,provisional
icu,635,16,-0.06462337405050698,21.496611693049026,1.866886373053627,4.833580253404577,-9.73178388085966,9.602537132758647,cluster_plus_withinstudy,agreement_natural_log_tau2_direct_v1,provisional
icu,636,16,-0.9547826442905362,27.633542423897282,0.9679023394219198,5.348031858854171,-11.650846361998877,9.741281073417806,cluster_plus_withinstudy,agreement_natural_log_tau2_direct_v1,provisional
icu,637,16,-1.2584097532697187,21.65944908916833,1.3047204525819964,4.792094483808758,-10.842598720887235,8.325779214347797,cluster_plus_withinstudy,agreement_natural_log_tau2_direct_v1,provisional
icu,638,16,-0.2758232317200169,19.526488731285998,1.6452289497323396,4.601273484701636,-9.478370201123289,8.926723737683256,cluster_plus_withinstudy,agreement_natural_log_tau2_direct_v1,provisional
icu,639,16,0.0960103377306482,22.726149029254657,3.260771827493616,5.097736836749056,-10.099463335767464,10.29148401122876,cluster_plus_withinstudy,agreement_natural_log_tau2_direct_v1,provisional
icu,640,16,0.06909494861109479,18.777595564307315,2.377707836037509,4.59948947170714,-9.129883994803185,9.268073892025376,cluster_plus_withinstudy,agreement_natural_log_tau2_direct_v1,provisional
icu,641,16,-0.6283434491831864,27.489800041480688,2.0171194695268357,5.4320272008714685,-11.492397850926123,10.235710952559751,cluster_plus_withinstudy,agreement_natural_log_tau2_direct_v1,provisional
icu,642,16,-0.6678374251636572,23.858792143931005,0.7542645037008882,4.961154769570477,-10.590146964304612,9.254472113977297,cluster_plus_withinstudy,agreement_natural_log_tau2_direct_v1,provisional
icu,643,16,-1.1073714285919523,26.521183091156846,1.781507843181777,5.320027343382609,-11.74742611535717,9.532683258173266,cluster_plus_withinstudy,agreement_natural_log_tau2_direct_v1,provisional
icu,644,16,-0.7297282706068479,18.646040070176255,0.7680001224242925,4.406136651603142,-9.542001573813133,8.082545032599436,cluster_plus_withinstudy,agreement_natural_log_tau2_direct_v1,provisional
icu,645,16,-0.9759040855389416,21.515119540979835,1.4837853926089375,4.795717353388206,-10.567338792315352,8.61553062123747,cluster_plus_withinstudy,agreement_natural_log_tau2_direct_v1,provisional
icu,646,16,-1.106563035293414,23.392730438553702,0.8254621772546967,4.92119829064105,-10.948959616575515,8.735833545988687,cluster_plus_withinstudy,agreement_natural_log_tau2_direct_v1,provisional
icu,647,16,-0.17556765762165202,22.638970616987425,4.273778627367005,5.187749921146395,-10.551067499914442,10.199932184671137,cluster_plus_withinstudy,agreement_natural_log_tau2_direct_v1,provisional
icu,648,16,-1.3357439692687916,20.90801069726357,4.225521643594708,5.013335450661393,-11.362414870591579,8.690926932053994,cluster_plus_withinstudy,agreement_natural_log_tau2_direct_v1,provisional
icu,649,16,-0.5192457948382813,22.78966041636848,1.5908587225136768,4.937663327818347,-10.394572450474977,9.356080860798413,cluster_plus_withinstudy,agreement_natural_log_tau2_direct_v1,provisional
icu,650,16,-0.21444249978281774,28.834481582181706,6.235237180751135,5.921969162612453,-12.058380825007724,11.629495825442088,cluster_plus_withinstudy,agreement_natural_log_tau2_direct_v1,provisional
icu,651,16,-0.20037501648220063,22.12937002867773,4.6379198576572,5.173711422792629,-10.547797862067458,10.147047829103059,cluster_plus_withinstudy,agreement_natural_log_tau2_direct_v1,provisional
icu,652,16,-0.5340711135423923,29.93665662034117,2.647053494130048,5.708214266692449,-11.950499646927291,10.882357419842506,cluster_plus_withinstudy,agreement_natural_log_tau2_direct_v1,provisional
icu,653,16,-0.44490185739683863,23.72647393031934,2.216595062319912,5.093433909715453,-10.631769676827744,9.741965962034069,cluster_plus_withinstudy,agreement_natural_log_tau2_direct_v1,provisional
icu,654,16,-1.2334046110631254,19.334798193802968,3.740323278405893,4.803657093528727,-10.84071879812058,8.373909575994329,cluster_plus_withinstudy,agreement_natural_log_tau2_direct_v1,provisional
icu,655,16,-0.49120519646509925,20.24806876007984,2.1188228351606755,4.729364819427712,-9.949934835320523,8.967524442390324,cluster_plus_withinstudy,agreement_natural_log_tau2_direct_v1,provisional
icu,656,16,-1.0674108364128156,17.124854268780915,1.111737429619053,4.270432261305636,-9.608275359024088,7.473453686198457,cluster_plus_withinstudy,agreement_natural_log_tau2_direct_v1,provisional
icu,657,16,0.452687189181161,29.020876567690507,5.515134740214199,5.876734748812874,-11.300782308444587,12.206156686806908,cluster_plus_withinstudy,agreement_natural_log_tau2_direct_v1,provisional
icu,658,16,-0.04316520566378137,23.689344537697302,2.8982790714961966,5.1563188040688,-10.35580281380138,10.269472402473818,cluster_plus_withinstudy,agreement_natural_log_tau2_direct_v1,provisional
icu,659,16,-0.953983686299572,22.305530484513277,1.3434398009443531,4.863020695561312,-10.680025077422197,8.772057704823052,cluster_plus_withinstudy,agreement_natural_log_tau2_direct_v1,provisional
icu,660,16,-0.0520762160034777,19.88532530162892,3.2575822322332453,4.810707591806237,-9.673491399615951,9.569338967608996,cluster_plus_withinstudy,agreement_natural_log_tau2_direct_v1,provisional
icu,661,16,-0.5221595900319935,24.0109855620126,1.5989521194746745,5.060626214361942,-10.643412018755877,9.59909283869189,cluster_plus_withinstudy,agreement_natural_log_tau2_direct_v1,provisional
icu,662,16,-0.35841457202248206,24.087711755376997,5.085598809932925,5.401232319138839,-11.16087921030016,10.444050066255196,cluster_plus_withinstudy,agreement_natural_log_tau2_direct_v1,provisional
icu,663,16,-0.7416429111188884,13.867790264644245,1.650926645100209,3.939380269756203,-8.620403450631294,7.137117628393518,cluster_plus_withinstudy,agreement_natural_log_tau2_direct_v1,provisional
icu,664,16,-1.2763146316297544,14.601627600612904,0.5450375757532983,3.891871680357178,-9.06005799234411,6.507428729084602,cluster_plus_withinstudy,agreement_natural_log_tau2_direct_v1,provisional
icu,665,16,-1.5940207244743283,22.780279885402123,0.6266852850296497,4.838074531301866,-11.27016978707806,8.082128338129404,cluster_plus_withinstudy,agreement_natural_log_tau2_direct_v1,provisional
icu,666,16,-0.3886870184926096,21.127526676860782,0.4056148394360628,4.640381613218556,-9.66945024492972,8.892076207944502,cluster_plus_withinstudy,agreement_natural_log_tau2_direct_v1,provisional
icu,667,16,-0.12748349674201812,20.534157024405165,3.5651842580332516,4.909107992541864,-9.945699481825747,9.69073248834171,cluster_plus_withinstudy,agreement_natural_log_tau2_direct_v1,provisional
icu,668,16,0.4739799793831139,25.66509419587518,4.4218875702984075,5.485160140431051,-10.49634030147899,11.444300260245216,cluster_plus_withinstudy,agreement_natural_log_tau2_direct_v1,provisional
icu,669,16,0.6334846755363149,21.406113969896552,5.7109339835084825,5.207403187137043,-9.781321698737772,11.0482910498104,cluster_plus_withinstudy,agreement_natural_log_tau2_direct_v1,provisional
icu,670,16,-0.4215262722802693,22.67727442410256,3.1598092084393663,5.083019145403834,-10.587564563087938,9.744512018527399,cluster_plus_withinstudy,agreement_natural_log_tau2_direct_v1,provisional
icu,671,16,0.8966349399647627,21.020740005978556,5.170028338278614,5.117691700782411,-9.33874846160006,11.132018341529585,cluster_plus_withinstudy,agreement_natural_log_tau2_direct_v1,provisional
icu,672,16,-0.01044463796018299,22.85242107192381,6.8933701111836605,5.453970222059108,-10.918385082078398,10.897495806158034,cluster_plus_withinstudy,agreement_natural_log_tau2_direct_v1,provisional
icu,673,16,-0.8411821086385138,17.07705591639699,1.1584066976373346,4.2703000613580215,-9.381782231354556,7.699418014077529,cluster_plus_withinstudy,agreement_natural_log_tau2_direct_v1,provisional
icu,674,16,-1.0433686984528887,19.87079156734141,0.944009278431906,4.562324061897984,-10.168016822248857,8.081279425343078,cluster_plus_withinstudy,agreement_natural_log_tau2_direct_v1,provisional
icu,675,16,-0.19526171649100096,17.28977387668514,2.3192133263599244,4.428203609032117,-9.051668934555234,8.661145501573234,cluster_plus_withinstudy,agreement_natural_log_tau2_direct_v1,provisional
icu,676,16,-0.767296458823217,16.896340318383956,1.6499522913847324,4.306540677825845,-9.380377814474908,7.845784896828474,cluster_plus_withinstudy,agreement_natural_log_tau2_direct_v1,provisional
icu,677,16,-0.8204099494351679,21.875128428151655,1.5365300457787257,4.838559545353387,-10.497529040141943,8.856709141271606,cluster_plus_withinstudy,agreement_natural_log_tau2_direct_v1,provisional
icu,678,16,-0.5883830494779527,24.04947514912934,1.1314084375946631,5.018055757634026,-10.624494564746005,9.4477284657901,cluster_plus_withinstudy,agreement_natural_log_tau2_direct_v1,provisional
icu,679,16,-0.6072069007527443,20.240418609266076,2.5503458904423004,4.77396737522455,-10.155141651201845,8.940727849696355,cluster_plus_withinstudy,agreement_natural_log_tau2_direct_v1,provisional
icu,680,16,-0.23485007368939195,17.503463506734594,2.317322759731769,4.452054162571067,-9.138958398831527,8.669258251452742,cluster_plus_withinstudy,agreement_natural_log_tau2_direct_v1,provisional
icu,681,16,0.18201538104800705,25.691436461401196,5.388509376476838,5.57493908826617,-10.967862795484333,11.331893557580347,cluster_plus_withinstudy,agreement_natural_log_tau2_direct_v1,provisional
icu,682,16,-1.4411914446790925,21.472797581009782,2.3547872169864577,4.881350714504771,-11.203892873688634,8.32150998433045,cluster_plus_withinstudy,agreement_natural_log_tau2_direct_v1,provisional
icu,683,16,-0.22826741387755758,17.530176754153505,1.4376168445660087,4.355203049080434,-8.938673512038426,8.482138684283312,cluster_plus_withinstudy,agreement_natural_log_tau2_direct_v1,provisional
icu,684,16,-0.45019111041832466,17.908572872662397,1.7083361418361243,4.429097991069798,-9.308387092557922,8.408004871721271,cluster_plus_withinstudy,agreement_natural_log_tau2_direct_v1,provisional
icu,685,16,-1.0364330514127686,20.370553209274362,0.9677616857529232,4.6193413919115445,-10.275115835235857,8.202249732410321,cluster_plus_withinstudy,agreement_natural_log_tau2_direct_v1,provisional
icu,686,16,-0.713412625359818,18.626639972764067,0.6059686848713408,4.385499818451189,-9.484412262262195,8.05758701154256,cluster_plus_withinstudy,agreement_natural_log_tau2_direct_v1,provisional
icu,687,16,0.726161509095543,18.982908625989168,2.0365281155611554,4.584695926836405,-8.443230344577266,9.895553362768354,cluster_plus_withinstudy,agreement_natural_log_tau2_direct_v1,provisional
icu,688,16,-0.3293955083105409,20.901108262603177,1.8742952551958973,4.772358276345048,-9.874112061000636,9.215321044379555,cluster_plus_withinstudy,agreement_natural_log_tau2_direct_v1,provisional
icu,689,16,-0.9097924938870469,23.549097355056553,2.8334853967635287,5.136397838156628,-11.182588170200303,9.36300318242621,cluster_plus_withinstudy,agreement_natural_log_tau2_direct_v1,provisional
icu,690,16,-1.0508510005352893,17.129530132656818,2.0028164795018237,4.374053796212232,-9.798958592959753,7.697256591889175,cluster_plus_withinstudy,agreement_natural_log_tau2_direct_v1,provisional
icu,691,16,0.20867427955473894,20.48239706785092,4.606074417050629,5.008839335105644,-9.809004390656549,10.226352949766026,cluster_plus_withinstudy,agreement_natural_log_tau2_direct_v1,provisional
icu,692,16,-0.740080700261715,16.74677383476448,0.9361059242434074,4.20510163480122,-9.150283969864153,7.670122569340724,cluster_plus_withinstudy,agreement_natural_log_tau2_direct_v1,provisional
icu,693,16,0.0459499980068245,28.953499258292144,2.226170500532989,5.583875872440677,-11.12180174687453,11.213701742888178,cluster_plus_withinstudy,agreement_natural_log_tau2_direct_v1,provisional
icu,694,16,-0.7252022657811464,22.77401839087826,3.0030993039596696,5.077117065307627,-10.8794363963964,9.429031864834108,cluster_plus_withinstudy,agreement_natural_log_tau2_direct_v1,provisional
icu,695,16,-0.3711676814926359,15.259800930438653,2.9327478006072094,4.2652724099459185,-8.901712501384473,8.1593771383992,cluster_plus_withinstudy,agreement_natural_log_tau2_direct_v1,provisional
icu,696,16,-1.0275084841369446,18.00284768913191,0.9397005679322757,4.352303787313587,-9.732116058764118,7.677099090490229,cluster_plus_withinstudy,agreement_natural_log_tau2_direct_v1,provisional
icu,697,16,-0.32697740893424504,22.60037485850299,1.0462861656100704,4.862783259010529,-10.052543926955304,9.398589109086812,cluster_plus_withinstudy,agreement_natural_log_tau2_direct_v1,provisional
icu,698,16,-1.3228280262554952,21.532279806547713,2.6706841640450683,4.919650797627082,-11.162129621509658,8.516473568998668,cluster_plus_withinstudy,agreement_natural_log_tau2_direct_v1,provisional
icu,699,16,0.2504699475978538,32.32653339755548,6.450213995741799,6.227097830715146,-12.203725713832439,12.704665609028146,cluster_plus_withinstudy,agreement_natural_log_tau2_direct_v1,provisional
icu,700,16,0.43480888170592186,29.608288005948207,3.20277684745134,5.728094347459681,-11.021379813213441,11.890997576625283,cluster_plus_withinstudy,agreement_natural_log_tau2_direct_v1,provisional
icu,701,16,-0.8456890641776239,25.02205759380775,1.8476627800709204,5.183601100960477,-11.212891266098577,9.52151313774333,cluster_plus_withinstudy,agreement_natural_log_tau2_direct_v1,provisional
icu,702,16,0.6705683191077119,19.038460477709755,3.19610596529424,4.715354328468222,-8.760140337828732,10.101276976044156,cluster_plus_withinstudy,agreement_natural_log_tau2_direct_v1,provisional
icu,703,16,-0.616894782886109,12.427330100406452,2.7946175495310066,3.9015314493077535,-8.419957681501616,7.186168115729398,cluster_plus_withinstudy,agreement_natural_log_tau2_direct_v1,provisional
icu,704,16,-0.16843873743919657,20.949503953275396,0.8214540306935071,4.665935917259141,-9.500310571957478,9.163433097079086,cluster_plus_withinstudy,agreement_natural_log_tau2_direct_v1,provisional
icu,705,16,-0.8779271033183736,20.4291741695349,0.14633282875919304,4.536023258129757,-9.949973619577888,8.19411941294114,cluster_plus_withinstudy,agreement_natural_log_tau2_direct_v1,provisional
icu,706,16,-1.470997177628458,22.461224077467794,0.6958866712799188,4.8121835738828285,-11.095364325394115,8.153369970137199,cluster_plus_withinstudy,agreement_natural_log_tau2_direct_v1,provisional
icu,707,16,-0.7735866025787583,24.627392991222983,0.2419437777699515,4.986916559257126,-10.74741972109301,9.200246515935493,cluster_plus_withinstudy,agreement_natural_log_tau2_direct_v1,provisional
icu,708,16,-0.4139929977496713,17.257212617782123,0.5705072587555386,4.222288464391989,-8.858569926533649,8.030583931034306,cluster_plus_withinstudy,agreement_natural_log_tau2_direct_v1,provisional
icu,709,16,0.8246287899962338,32.91112909949233,8.876852782343159,6.464362449757554,-12.104096109518874,13.753353689511343,cluster_plus_withinstudy,agreement_natural_log_tau2_direct_v1,provisional
icu,710,16,-0.5313223529652014,18.86667317184029,2.9468618094502963,4.670496224309638,-9.872314801584478,8.809670095654075,cluster_plus_withinstudy,agreement_natural_log_tau2_direct_v1,provisional
icu,711,16,-1.4643060202244254,16.346527596476648,0.4033915762731738,4.092666511304069,-9.649639042832563,6.721027002383712,cluster_plus_withinstudy,agreement_natural_log_tau2_direct_v1,provisional
icu,712,16,-1.3408843351903013,25.707687224093586,1.4710205977444095,5.213320230125711,-11.767524795441723,9.08575612506112,cluster_plus_withinstudy,agreement_natural_log_tau2_direct_v1,provisional
icu,713,16,-1.2649067384373232,15.277689960703382,0.8794054093189613,4.019588955356299,-9.304084649149921,6.774271172275274,cluster_plus_withinstudy,agreement_natural_log_tau2_direct_v1,provisional
icu,714,16,-1.2000551049774726,14.574958950867847,0.9297455269116512,3.9376013609530736,-9.07525782688362,6.675147616928674,cluster_plus_withinstudy,agreement_natural_log_tau2_direct_v1,provisional
icu,715,16,-0.6905786511662272,24.692918874678632,1.7019367836799304,5.137592399009342,-10.96576344918491,9.584606146852456,cluster_plus_withinstudy,agreement_natural_log_tau2_direct_v1,provisional
icu,716,16,-0.8838196383356133,21.414613845914545,3.1717947511426248,4.958468372094065,-10.800756382523742,9.033117105852517,cluster_plus_withinstudy,agreement_natural_log_tau2_direct_v1,provisional
icu,717,16,-0.3548050019453364,25.206581788497807,1.8862712439488991,5.205079541414013,-10.764964084773363,10.055354080882688,cluster_plus_withinstudy,agreement_natural_log_tau2_direct_v1,provisional
icu,718,16,-0.6767053176245654,16.730435037594322,0.43447168076877934,4.143055239598321,-8.962815796821207,7.609405161572077,cluster_plus_withinstudy,agreement_natural_log_tau2_direct_v1,provisional
icu,719,16,0.4258758479872752,30.876014185649666,9.709333638769875,6.370663060029116,-12.315450272070958,13.167201968045507,cluster_plus_withinstudy,agreement_natural_log_tau2_direct_v1,provisional
icu,720,16,-0.717615997061113,20.88879734830161,0.35356697241958773,4.608943948533242,-9.935503894127597,8.500271900005371,cluster_plus_withinstudy,agreement_natural_log_tau2_direct_v1,provisional
icu,721,16,-0.6685537692849474,23.362580137483505,3.257278338283832,5.159443620756732,-10.987441010798412,9.650333472228516,cluster_plus_withinstudy,agreement_natural_log_tau2_direct_v1,provisional
icu,722,16,-0.7337416532253676,14.703214931731292,1.6805933146598702,4.047691718299599,-8.829125089824565,7.36164178337383,cluster_plus_withinstudy,agreement_natural_log_tau2_direct_v1,provisional
icu,723,16,-0.02962986237209553,23.59216026147795,5.535656410636358,5.39701923955384,-10.823668341479776,10.764408616735585,cluster_plus_withinstudy,agreement_natural_log_tau2_direct_v1,provisional
icu,724,16,-0.21634635485301382,24.26869275774491,2.3985777942192232,5.164036265554699,-10.544418885962413,10.111726176256385,cluster_plus_withinstudy,agreement_natural_log_tau2_direct_v1,provisional
icu,725,16,-1.4308813780479306,22.43645031636815,0.2217607374762617,4.760064185895439,-10.951009749838809,8.089246993742949,cluster_plus_withinstudy,agreement_natural_log_tau2_direct_v1,provisional
icu,726,16,0.15480140313097462,17.95415096978075,3.9776522313343503,4.683140314053712,-9.211479224976449,9.521082031238398,cluster_plus_withinstudy,agreement_natural_log_tau2_direct_v1,provisional
icu,727,16,-0.25309834965767625,19.819595446638473,2.6174725707444404,4.736778231813572,-9.72665481328482,9.220458113969467,cluster_plus_withinstudy,agreement_natural_log_tau2_direct_v1,provisional
icu,728,16,0.4506702699302707,31.408357164511553,5.112405929524957,6.043241108381868,-11.635811946833465,12.537152486694007,cluster_plus_withinstudy,agreement_natural_log_tau2_direct_v1,provisional
icu,729,16,-0.20306930471553428,28.316287448586237,3.279523525050284,5.621015119499015,-11.445099543713564,11.038960934282496,cluster_plus_withinstudy,agreement_natural_log_tau2_direct_v1,provisional
icu,730,16,-0.952754487040184,25.390487079219405,5.084302936065535,5.520397631990375,-11.993549751020934,10.088040776940565,cluster_plus_withinstudy,agreement_natural_log_tau2_direct_v1,provisional
icu,731,16,-0.05503254767296075,15.512828845148206,1.073888915867644,4.072679432635946,-8.200391412944851,8.090326317598931,cluster_plus_withinstudy,agreement_natural_log_tau2_direct_v1,provisional
icu,732,16,-0.435198261281821,22.403380146512536,2.731512169971832,5.013471084636309,-10.462140430554438,9.591743907990796,cluster_plus_withinstudy,agreement_natural_log_tau2_direct_v1,provisional
icu,733,16,-0.7033794679287902,22.13348310898418,2.152921601774329,4.92812385302546,-10.559627173979711,9.15286823812213,cluster_plus_withinstudy,agreement_natural_log_tau2_direct_v1,provisional
icu,734,16,-0.6779405123498212,22.91345277291991,0.4989876370816771,4.838640347246485,-10.35522120684279,8.999340182143149,cluster_plus_withinstudy,agreement_natural_log_tau2_direct_v1,provisional
icu,735,16,0.45650976376317515,25.25145511845889,3.6709218874027782,5.3779528638564384,-10.299395963949701,11.212415491476053,cluster_plus_withinstudy,agreement_natural_log_tau2_direct_v1,provisional
icu,736,16,-0.9462073261430254,19.441479709601637,0.5862115782249854,4.475230864193112,-9.896669054529248,8.004254402243198,cluster_plus_withinstudy,agreement_natural_log_tau2_direct_v1,provisional
icu,737,16,-1.0558715660973523,24.803069410362166,3.475643900392299,5.317773341423501,-11.691418248944354,9.57967511674965,cluster_plus_withinstudy,agreement_natural_log_tau2_direct_v1,provisional
icu,738,16,-0.5944756624798062,20.850765470666914,4.141964191821902,4.999272913383387,-10.593021489246581,9.404070164286967,cluster_plus_withinstudy,agreement_natural_log_tau2_direct_v1,provisional
icu,739,16,-1.7345977192574609,18.695810254112697,1.1600090682535034,4.455986907786669,-10.6465715348308,7.177376096315878,cluster_plus_withinstudy,agreement_natural_log_tau2_direct_v1,provisional
icu,740,16,-0.3905831398939764,27.156120405300683,3.70603080025021,5.555371383224608,-11.501325906343192,10.720159626555239,cluster_plus_withinstudy,agreement_natural_log_tau2_direct_v1,provisional
icu,741,16,-0.3474235789432223,27.69297087820382,3.7380963518692996,5.606341697584363,-11.56010697411195,10.865259816225503,cluster_plus_withinstudy,agreement_natural_log_tau2_direct_v1,provisional
icu,742,16,-1.1990503147318445,20.004159561517987,0.7904104881061996,4.560106363849881,-10.319263042431606,7.9211624129679175,cluster_plus_withinstudy,agreement_natural_log_tau2_direct_v1,provisional
icu,743,16,-1.0256671630181045,19.904438612766768,1.4717200826914267,4.623435810677833,-10.27253878437377,8.221204458337562,cluster_plus_withinstudy,agreement_natural_log_tau2_direct_v1,provisional
icu,744,16,-0.14493871480890586,21.060829009101646,3.5421689648875265,4.960140922795357,-10.065220560399618,9.775343130781808,cluster_plus_withinstudy,agreement_natural_log_tau2_direct_v1,provisional
icu,745,16,-1.579577086321381,24.92042692131586,2.717679326710815,5.257195663852229,-12.093968414025838,8.934814241383076,cluster_plus_withinstudy,agreement_natural_log_tau2_direct_v1,provisional
icu,746,16,0.16002636604843717,20.924876255662117,5.177182083319856,5.109017355517788,-10.058008344987138,10.378061077084014,cluster_plus_withinstudy,agreement_natural_log_tau2_direct_v1,provisional
icu,747,16,0.30228258873798547,24.338985453618513,3.984906950430402,5.322019579449978,-10.34175657016197,10.946321747637942,cluster_plus_withinstudy,agreement_natural_log_tau2_direct_v1,provisional
icu,748,16,-1.0925077437090407,22.59250840396377,2.0309615041603513,4.9622041380946955,-11.016916019898432,8.83190053248035,cluster_plus_withinstudy,agreement_natural_log_tau2_direct_v1,provisional
icu,749,16,-0.9637853554990894,16.5048752158889,0.9183271163286854,4.174110963093529,-9.312007281686148,7.384436570687969,cluster_plus_withinstudy,agreement_natural_log_tau2_direct_v1,provisional
icu,750,16,-0.42758570984757716,20.259131875794658,0.5524568671449339,4.561972023471822,-9.55152975679122,8.696358337096067,cluster_plus_withinstudy,agreement_natural_log_tau2_direct_v1,provisional
icu,751,16,-1.2447828940123193,22.3291584942168,0.9249002809224801,4.822246237505845,-10.88927536902401,8.399709580999371,cluster_plus_withinstudy,agreement_natural_log_tau2_direct_v1,provisional
icu,752,16,-0.7816979717702598,22.067889967648693,1.3448852602684565,4.838674945469798,-10.459047862709856,8.895651919169335,cluster_plus_withinstudy,agreement_natural_log_tau2_direct_v1,provisional
icu,753,16,-0.80265294360637,21.92551641405699,0.7087136699664597,4.757544543566928,-10.317742030740225,8.712436143527485,cluster_plus_withinstudy,agreement_natural_log_tau2_direct_v1,provisional
icu,754,16,-1.063607334258209,22.724251406753677,0.8578861107230173,4.85614430566851,-10.775895945595229,8.64868127707881,cluster_plus_withinstudy,agreement_natural_log_tau2_direct_v1,provisional
icu,755,16,-1.6791069091232216,22.22988993113054,1.4263268994386396,4.863765704736319,-11.40663831859586,8.048424500349416,cluster_plus_withinstudy,agreement_natural_log_tau2_direct_v1,provisional
icu,756,16,-0.8580574701158314,23.70624053466749,1.1735790042272618,4.9879674757254335,-10.833992421566698,9.117877481335036,cluster_plus_withinstudy,agreement_natural_log_tau2_direct_v1,provisional
icu,757,16,-0.7631478940626326,17.325005387116338,2.488732944024189,4.4512625547298965,-9.665673003522425,8.139377215397161,cluster_plus_withinstudy,agreement_natural_log_tau2_direct_v1,provisional
icu,758,16,0.09245949462630773,27.176284336298238,5.746239678670863,5.737815264974039,-11.38317103532177,11.568090024574385,cluster_plus_withinstudy,agreement_natural_log_tau2_direct_v1,provisional
icu,759,16,-0.7880451853912627,27.704377110701703,3.7230041030828134,5.6060129516247565,-12.000071088640777,10.42398071785825,cluster_plus_withinstudy,agreement_natural_log_tau2_direct_v1,provisional
icu,760,16,-0.35640421825256663,18.081449585085885,2.08072618886,4.490231149277939,-9.336866516808445,8.62405808030331,cluster_plus_withinstudy,agreement_natural_log_tau2_direct_v1,provisional
icu,761,16,-1.2023896211602878,20.57567256331304,1.241546397285619,4.670890596085361,-10.544170813331009,8.139391571010433,cluster_plus_withinstudy,agreement_natural_log_tau2_direct_v1,provisional
icu,762,16,0.08584359554568552,20.626231909299708,1.9985102525443674,4.756547294187674,-9.427250992829661,9.598938183921033,cluster_plus_withinstudy,agreement_natural_log_tau2_direct_v1,provisional
icu,763,16,-1.5543939372369522,25.910296585882048,1.232374220338428,5.209862839482483,-11.974119616201918,8.865331741728014,cluster_plus_withinstudy,agreement_natural_log_tau2_direct_v1,provisional
icu,764,16,-0.4128594003864649,29.540597345377673,2.4524044528356943,5.656235656177469,-11.725330712741403,10.899611911968474,cluster_plus_withinstudy,agreement_natural_log_tau2_direct_v1,provisional
icu,765,16,-1.023504586545611,18.856053907345995,0.7923676275488019,4.432654005772929,-9.88881259809147,7.841803425000247,cluster_plus_withinstudy,agreement_natural_log_tau2_direct_v1,provisional
icu,766,16,0.0031038078829377477,26.7932075936796,2.570104997204711,5.4187925399376855,-10.834481271992432,10.84068888775831,cluster_plus_withinstudy,agreement_natural_log_tau2_direct_v1,provisional
icu,767,16,-1.503559256956407,24.38861505890711,1.1343880656286942,5.052029604479353,-11.607618465915113,8.600499952002298,cluster_plus_withinstudy,agreement_natural_log_tau2_direct_v1,provisional
icu,768,16,-1.342111045371492,18.0856249442443,0.812192399466123,4.347161987286697,-10.036435019944886,7.352212929201901,cluster_plus_withinstudy,agreement_natural_log_tau2_direct_v1,provisional
icu,769,16,-1.3182082183302366,22.783429531833036,0.7196402229212058,4.847996468104555,-11.014201154539347,8.377784717878875,cluster_plus_withinstudy,agreement_natural_log_tau2_direct_v1,provisional
icu,770,16,-1.1859060362121445,17.83928714194819,1.8551095865267315,4.437836942528975,-10.061579921270095,7.689767848845805,cluster_plus_withinstudy,agreement_natural_log_tau2_direct_v1,provisional
icu,771,16,-1.0906341939050204,20.02153432438706,1.9092364081314963,4.6830300802491704,-10.45669435440336,8.275425966593321,cluster_plus_withinstudy,agreement_natural_log_tau2_direct_v1,provisional
icu,772,16,-0.5651864156530085,24.697469778378323,3.916411216779027,5.349194424879072,-11.263575265411152,10.133202434105137,cluster_plus_withinstudy,agreement_natural_log_tau2_direct_v1,provisional
icu,773,16,-1.2424901788310367,24.45214644368852,0.6280903131417251,5.008017248056385,-11.258524674943807,8.773544317281733,cluster_plus_withinstudy,agreement_natural_log_tau2_direct_v1,provisional
icu,774,16,-0.7374767982725633,25.756355762580107,1.9827007860116115,5.2667880675599354,-11.271052933392435,9.796099336847307,cluster_plus_withinstudy,agreement_natural_log_tau2_direct_v1,provisional
icu,775,16,-0.8683362155470098,18.492558474194617,0.43776743646742067,4.350899436974157,-9.570135089495324,7.833462658401305,cluster_plus_withinstudy,agreement_natural_log_tau2_direct_v1,provisional
icu,776,16,-0.7357666445570326,20.54951666397945,3.820000374067093,4.936549102160996,-10.608864848879026,9.13733155976496,cluster_plus_withinstudy,agreement_natural_log_tau2_direct_v1,provisional
icu,777,16,-0.9188688432146864,16.95470159955437,1.8719066769876687,4.338963963498895,-9.596796770212476,7.759059083783103,cluster_plus_withinstudy,agreement_natural_log_tau2_direct_v1,provisional
icu,778,16,-0.44621501138527164,26.86779552005038,5.2085329898229284,5.663596782069969,-11.77340857552521,10.880978552754666,cluster_plus_withinstudy,agreement_natural_log_tau2_direct_v1,provisional
icu,779,16,0.3285963112968103,22.264997331602764,3.9933266054951333,5.124287651673928,-9.919978992051046,10.577171614644666,cluster_plus_withinstudy,agreement_natural_log_tau2_direct_v1,provisional
icu,780,16,-0.3603958682184757,20.01091153693843,1.9134110204527472,4.682341567783279,-9.725079003785034,9.004287267348083,cluster_plus_withinstudy,agreement_natural_log_tau2_direct_v1,provisional
icu,781,16,-0.6068637577305773,14.546557029405614,1.356913506257321,3.9879155627549254,-8.582694883240428,7.368967367779273,cluster_plus_withinstudy,agreement_natural_log_tau2_direct_v1,provisional
icu,782,16,-0.7682716403655665,16.747034141532332,1.2141116894676702,4.238059205697816,-9.244390051761199,7.7078467710300655,cluster_plus_withinstudy,agreement_natural_log_tau2_direct_v1,provisional
icu,783,16,-1.0930937404252707,15.84377728963977,0.16925331660878076,4.001628494281865,-9.096350728989002,6.91016324813846,cluster_plus_withinstudy,agreement_natural_log_tau2_direct_v1,provisional
icu,784,16,-1.0127184326653629,21.001969788291408,0.6332978534280387,4.651372662098733,-10.315463756862828,8.290026891532102,cluster_plus_withinstudy,agreement_natural_log_tau2_direct_v1,provisional
icu,785,16,-0.4780626628849006,21.331839850943478,2.213481832202481,4.852352180452894,-10.182767023790689,9.226641698020888,cluster_plus_withinstudy,agreement_natural_log_tau2_direct_v1,provisional
icu,786,16,-1.2464767861177004,24.8442721117542,2.2586731926715853,5.206048914909059,-11.658574615935818,9.165621043700417,cluster_plus_withinstudy,agreement_natural_log_tau2_direct_v1,provisional
icu,787,16,-0.1568078008301054,24.523947373666836,4.197357161183465,5.35922611342816,-10.875260027686425,10.561644426026215,cluster_plus_withinstudy,agreement_natural_log_tau2_direct_v1,provisional
icu,788,16,-0.3013768292516992,20.723013447741085,0.7310526716945029,4.631853421626767,-9.565083672505233,8.962330014001834,cluster_plus_withinstudy,agreement_natural_log_tau2_direct_v1,provisional
icu,789,16,-0.38427934255889445,21.66455604707567,0.4759380773361094,4.705368649150859,-9.795016640860613,9.026457955742824,cluster_plus_withinstudy,agreement_natural_log_tau2_direct_v1,provisional
icu,790,16,-0.3591770795083038,22.705610179941186,2.8379803656288574,5.054066733391046,-10.467310546290395,9.74895638727379,cluster_plus_withinstudy,agreement_natural_log_tau2_direct_v1,provisional
icu,791,16,-0.5422798009505406,19.40956332800568,3.096909127670283,4.744098697927349,-10.030477196805238,8.945917594904158,cluster_plus_withinstudy,agreement_natural_log_tau2_direct_v1,provisional
icu,792,16,-0.6062629749741857,19.2166496356366,1.7014875604229966,4.573635009055663,-9.753532993085512,8.54100704313714,cluster_plus_withinstudy,agreement_natural_log_tau2_direct_v1,provisional
icu,793,16,0.3862059620484207,16.435749198545984,2.3473417035943127,4.333946342785095,-8.28168672352177,9.05409864761861,cluster_plus_withinstudy,agreement_natural_log_tau2_direct_v1,provisional
icu,794,16,-1.0139849277610364,17.58999310067065,1.492429061687994,4.368343182759185,-9.750671293279407,7.722701437757333,cluster_plus_withinstudy,agreement_natural_log_tau2_direct_v1,provisional
icu,795,16,-0.456760112542815,28.778321642539932,2.336097105801081,5.5780300060452355,-11.612820124633286,10.699299899547656,cluster_plus_withinstudy,agreement_natural_log_tau2_direct_v1,provisional
icu,796,16,-0.7120477731603717,19.649732195715014,0.8012816778090391,4.52227972084037,-9.756607214841111,8.332511668520368,cluster_plus_withinstudy,agreement_natural_log_tau2_direct_v1,provisional
icu,797,16,-0.2622061121207623,20.054450949856797,0.48636538121710154,4.5321977374198825,-9.326601586960527,8.802189362719004,cluster_plus_withinstudy,agreement_natural_log_tau2_direct_v1,provisional
icu,798,16,-0.37568380642540744,25.878388485234883,1.6204341129619166,5.243931978791944,-10.863547764009295,10.112180151158482,cluster_plus_withinstudy,agreement_natural_log_tau2_direct_v1,provisional
icu,799,16,-0.3853958953311828,29.00383416749743,4.105568149866054,5.7540770169822615,-11.893549929295705,11.12275813863334,cluster_plus_withinstudy,agreement_natural_log_tau2_direct_v1,provisional
icu,800,16,-0.6618257213294811,23.0679918806301,1.8431373983191226,4.991105015820567,-10.644035752970616,9.320384310311653,cluster_plus_withinstudy,agreement_natural_log_tau2_direct_v1,provisional
icu,801,16,-0.34293835929779043,23.893420774511686,4.562235894133957,5.334384375787486,-11.011707110872761,10.325830392277181,cluster_plus_withinstudy,agreement_natural_log_tau2_direct_v1,provisional
icu,802,16,0.2592368961708295,20.479938853252552,1.3698156042289067,4.674372092322289,-9.08950728847375,9.607981080815408,cluster_plus_withinstudy,agreement_natural_log_tau2_direct_v1,provisional
icu,803,16,-0.3174882577798992,16.473277424130735,1.8902119515998879,4.285264213059753,-8.888016683899405,8.253040168339606,cluster_plus_withinstudy,agreement_natural_log_tau2_direct_v1,provisional
icu,804,16,-0.027496100393683654,21.894756464127685,4.916141001121594,5.177924049776057,-10.383344199945798,10.32835199915843,cluster_plus_withinstudy,agreement_natural_log_tau2_direct_v1,provisional
icu,805,16,-1.0557098878757687,21.13200573958874,1.2025417489861523,4.725944084368212,-10.507598056612192,8.396178280860656,cluster_plus_withinstudy,agreement_natural_log_tau2_direct_v1,provisional
icu,806,16,-0.7437982663698873,24.916540305558055,3.344634883874523,5.316124075812431,-11.37604641799475,9.888449885254975,cluster_plus_withinstudy,agreement_natural_log_tau2_direct_v1,provisional
icu,807,16,0.1285494574493626,24.646232093132117,6.307440773634748,5.563602507976901,-10.998655558504439,11.255754473403165,cluster_plus_withinstudy,agreement_natural_log_tau2_direct_v1,provisional
icu,808,16,-0.9899705160891727,25.125424814628783,2.8851581362961483,5.292502522524192,-11.574975561137556,9.59503452895921,cluster_plus_withinstudy,agreement_natural_log_tau2_direct_v1,provisional
icu,809,16,-1.2489386436081,17.400474958026283,1.3711059692648255,4.332618253122598,-9.914175149853296,7.416297862637095,cluster_plus_withinstudy,agreement_natural_log_tau2_direct_v1,provisional
icu,810,16,-1.187347791779195,16.32115704787175,1.0544186203087405,4.168402052127469,-9.524151896034134,7.149456312475743,cluster_plus_withinstudy,agreement_natural_log_tau2_direct_v1,provisional
icu,811,16,-1.2955467715593973,25.636834777395407,0.875101210279522,5.148974265586781,-11.59349530273296,9.002401759614164,cluster_plus_withinstudy,agreement_natural_log_tau2_direct_v1,provisional
icu,812,16,-0.6035786202844622,22.845824327325115,3.343139031480352,5.117515350128953,-10.83860932054237,9.631452079973444,cluster_plus_withinstudy,agreement_natural_log_tau2_direct_v1,provisional
icu,813,16,-0.08574146440063098,25.30444420265641,1.6426460082540975,5.191058679201238,-10.467858822803107,10.296375894001846,cluster_plus_withinstudy,agreement_natural_log_tau2_direct_v1,provisional
icu,814,16,-0.6392379311371281,20.42805379035345,2.224465342860415,4.759466265582083,-10.158170462301294,8.879694600027038,cluster_plus_withinstudy,agreement_natural_log_tau2_direct_v1,provisional
icu,815,16,-0.2525467381161344,22.839729800508092,3.7238749795264647,5.153989210314139,-10.560525158744412,10.055431682512143,cluster_plus_withinstudy,agreement_natural_log_tau2_direct_v1,provisional
icu,816,16,-1.2098260759739736,14.79557518391461,1.87788735897943,4.083315141266229,-9.37645635850643,6.956804206558484,cluster_plus_withinstudy,agreement_natural_log_tau2_direct_v1,provisional
icu,817,16,-0.7429293366200803,20.01343073380642,0.5270716364758433,4.532163100582575,-9.80725553778523,8.32139686454507,cluster_plus_withinstudy,agreement_natural_log_tau2_direct_v1,provisional
icu,818,16,-0.7635017477936902,15.51657428157442,1.1705482361760426,4.084987456253748,-8.933476660301185,7.406473164713805,cluster_plus_withinstudy,agreement_natural_log_tau2_direct_v1,provisional
icu,819,16,-0.755062809763167,26.120242867053893,4.192398721979929,5.50569174482497,-11.766446299413108,10.256320679886773,cluster_plus_withinstudy,agreement_natural_log_tau2_direct_v1,provisional
icu,820,16,-1.0055735254227607,25.26762981054523,1.88495886316051,5.210814588306299,-11.427202702035359,9.416055651189836,cluster_plus_withinstudy,agreement_natural_log_tau2_direct_v1,provisional
icu,821,16,0.9969804653596767,28.69717603653515,7.605158377429786,6.025141858410052,-11.053303251460427,13.04726418217978,cluster_plus_withinstudy,agreement_natural_log_tau2_direct_v1,provisional
icu,822,16,-0.9365520945651588,24.128852102923556,0.8098347240256483,4.993864918772754,-10.924281932110667,9.05117774298035,cluster_plus_withinstudy,agreement_natural_log_tau2_direct_v1,provisional
icu,823,16,-0.5306584762035321,23.183703857644616,3.5507526289939286,5.170537349893002,-10.871733175989537,9.810416223582472,cluster_plus_withinstudy,agreement_natural_log_tau2_direct_v1,provisional
icu,824,16,-0.6898539721574792,15.812468126297958,0.9243943512491076,4.091071067281412,-8.871996106720303,7.492288162405345,cluster_plus_withinstudy,agreement_natural_log_tau2_direct_v1,provisional
icu,825,16,0.6403014443059223,30.52208504294052,4.222236954643605,5.894431439722081,-11.14856143513824,12.429164323750085,cluster_plus_withinstudy,agreement_natural_log_tau2_direct_v1,provisional
icu,826,16,0.16511107066192346,25.089661071830875,2.6018421368894815,5.262271677585675,-10.359432284509426,10.689654425833274,cluster_plus_withinstudy,agreement_natural_log_tau2_direct_v1,provisional
icu,827,16,-0.0017261717024467855,21.718396187402192,4.803618226852136,5.149952855537061,-10.301631882776569,10.298179539371674,cluster_plus_withinstudy,agreement_natural_log_tau2_direct_v1,provisional
icu,828,16,0.2839404136767604,22.15908367561363,5.22199530923634,5.232693282130147,-10.181446150583534,10.749326977937054,cluster_plus_withinstudy,agreement_natural_log_tau2_direct_v1,provisional
icu,829,16,-0.9192768185772167,22.977281644330215,2.5301146084775232,5.05048475423971,-11.020246327056636,9.181692689902203,cluster_plus_withinstudy,agreement_natural_log_tau2_direct_v1,provisional
icu,830,16,-0.8470267229660741,22.56920667130307,2.2484483831290123,4.981732133950207,-10.810490990866489,9.11643754493434,cluster_plus_withinstudy,agreement_natural_log_tau2_direct_v1,provisional
icu,831,16,0.09359875018645954,21.505348770038722,1.9819502391171377,4.846369673183821,-9.599140596181183,9.7863380965541,cluster_plus_withinstudy,agreement_natural_log_tau2_direct_v1,provisional
icu,832,16,-1.035939121040895,18.987395156427787,0.6991631824056223,4.436953722863628,-9.909846566768152,7.837968324686361,cluster_plus_withinstudy,agreement_natural_log_tau2_direct_v1,provisional
icu,833,16,-1.0253723492315099,17.059007392466228,0.7835644241175382,4.224046853028949,-9.473466055289409,7.422721356826388,cluster_plus_withinstudy,agreement_natural_log_tau2_direct_v1,provisional
icu,834,16,-0.6880977130380104,25.51165575087245,2.658808311702137,5.3075855209854685,-11.303268755008947,9.927073328932927,cluster_plus_withinstudy,agreement_natural_log_tau2_direct_v1,provisional
icu,835,16,-1.7104580791422082,21.75702337796622,1.0473336040296701,4.775390767465621,-11.26123961407345,7.840323455789033,cluster_plus_withinstudy,agreement_natural_log_tau2_direct_v1,provisional
icu,836,16,0.27374968072873557,17.356615530752666,2.086029762612127,4.409381509164839,-8.545013337600942,9.092512699058414,cluster_plus_withinstudy,agreement_natural_log_tau2_direct_v1,provisional
icu,837,16,0.27515586456069335,22.930351517520577,4.308342224795359,5.2190701990216555,-10.162984533482618,10.713296262604004,cluster_plus_withinstudy,agreement_natural_log_tau2_direct_v1,provisional
icu,838,16,-0.06473662154783408,22.245836378898165,5.114120350202394,5.230674595986693,-10.52608581352122,10.396612570425553,cluster_plus_withinstudy,agreement_natural_log_tau2_direct_v1,provisional
icu,839,16,-0.4731285590646265,20.45321401429046,3.392769427471732,4.883234936162932,-10.23959843139049,9.293341313261237,cluster_plus_withinstudy,agreement_natural_log_tau2_direct_v1,provisional
icu,840,16,-0.5100414179024468,21.963539452749373,2.7694589724153578,4.973228169425241,-10.456497756752928,9.436414920948035,cluster_plus_withinstudy,agreement_natural_log_tau2_direct_v1,provisional
icu,841,16,0.08806766785944456,33.00569748680069,7.228581058186732,6.343049624982247,-12.59803158210505,12.774166917823939,cluster_plus_withinstudy,agreement_natural_log_tau2_direct_v1,provisional
icu,842,16,-0.31745651499973476,19.782657198088486,5.0274920310813584,4.980978742091743,-10.279413999183221,9.64450096918375,cluster_plus_withinstudy,agreement_natural_log_tau2_direct_v1,provisional
icu,843,16,-0.9318756979319709,19.775632692525647,0.9864966527511957,4.556547963675665,-10.044971625283301,8.181220229419358,cluster_plus_withinstudy,agreement_natural_log_tau2_direct_v1,provisional
icu,844,16,-0.7853520992920198,17.634331314513407,1.2426506082440432,4.344764886936628,-9.474881873165275,7.904177674581236,cluster_plus_withinstudy,agreement_natural_log_tau2_direct_v1,provisional
icu,845,16,-0.07824500117204604,29.061774461310435,6.125967461468846,5.931925650476352,-11.94209630212475,11.785606299780657,cluster_plus_withinstudy,agreement_natural_log_tau2_direct_v1,provisional
icu,846,16,-0.2673827110776477,24.964576437533974,4.589019551014789,5.4363219173029815,-11.140026545683611,10.605261123528315,cluster_plus_withinstudy,agreement_natural_log_tau2_direct_v1,provisional
icu,847,16,-1.2356592115488838,22.257150345112574,0.6384325209485446,4.784932900894339,-10.805525013337562,8.334206590239795,cluster_plus_withinstudy,agreement_natural_log_tau2_direct_v1,provisional
icu,848,16,-1.247090864313201,13.432738081358,0.6433439076823556,3.7518104948198485,-8.750711853952899,6.2565301253264956,cluster_plus_withinstudy,agreement_natural_log_tau2_direct_v1,provisional
icu,849,16,-0.7916869788273169,14.11794257066811,1.8283472788716981,3.99328058737923,-8.778248153585777,7.194874195931144,cluster_plus_withinstudy,agreement_natural_log_tau2_direct_v1,provisional
icu,850,16,-0.4989628063514655,20.79265307904239,3.679691504152082,4.9469530605408485,-10.392868927433163,9.39494331473023,cluster_plus_withinstudy,agreement_natural_log_tau2_direct_v1,provisional
icu,851,16,-0.4507351394576167,19.20979716997665,0.8056287022113624,4.473860287513236,-9.398455714484088,8.496985435568854,cluster_plus_withinstudy,agreement_natural_log_tau2_direct_v1,provisional
icu,852,16,-0.23631476161692064,27.742395002593145,3.8800014350670144,5.623379449909117,-11.483073661435155,11.010444138201313,cluster_plus_withinstudy,agreement_natural_log_tau2_direct_v1,provisional
icu,853,16,-0.055156074367397674,17.999117424258067,2.5138906448694054,4.5291288421867035,-9.113413758740805,9.00310161000601,cluster_plus_withinstudy,agreement_natural_log_tau2_direct_v1,provisional
icu,854,16,-0.6310814697479129,24.80630327770468,2.471802619985241,5.222844617417784,-11.076770704583481,9.814607765087654,cluster_plus_withinstudy,agreement_natural_log_tau2_direct_v1,provisional
icu,855,16,-0.9689007053775585,14.185835122345484,0.44661174846174495,3.825238145633188,-8.619376996643934,6.681575585888817,cluster_plus_withinstudy,agreement_natural_log_tau2_direct_v1,provisional
icu,856,16,-1.1305295623211717,20.332747027477982,2.126392695511351,4.739107481687806,-10.608744525696784,8.34768540105444,cluster_plus_withinstudy,agreement_natural_log_tau2_direct_v1,provisional
icu,857,16,-1.167446260272299,18.784547515923258,0.19282029022478886,4.356302079303965,-9.880050418880229,7.54515789833563,cluster_plus_withinstudy,agreement_natural_log_tau2_direct_v1,provisional
icu,858,16,-1.1299283086172904,21.78070023115942,0.4385547965489213,4.713730478899737,-10.557389266416763,8.297532649182184,cluster_plus_withinstudy,agreement_natural_log_tau2_direct_v1,provisional
icu,859,16,-0.47822316173314755,25.377958060461452,3.8411388522126018,5.405469166748993,-11.289161495231134,10.33271517176484,cluster_plus_withinstudy,agreement_natural_log_tau2_direct_v1,provisional
icu,860,16,-0.7681030904509583,21.932187825175184,1.1062621457868809,4.79983853592619,-10.367780162303339,8.831573981401421,cluster_plus_withinstudy,agreement_natural_log_tau2_direct_v1,provisional
icu,861,16,-0.49922472362376524,24.693301353440983,1.2338355589963181,5.091869687299283,-10.682964098222332,9.684514650974801,cluster_plus_withinstudy,agreement_natural_log_tau2_direct_v1,provisional
icu,862,16,-0.7451354300098697,21.572865062338966,2.291276320657145,4.8850937946979185,-10.515323019405706,9.025052159385968,cluster_plus_withinstudy,agreement_natural_log_tau2_direct_v1,provisional
icu,863,16,-0.9060998317234962,24.47931157708214,0.581624592078219,5.006089908217826,-10.918279648159148,9.106079984712155,cluster_plus_withinstudy,agreement_natural_log_tau2_direct_v1,provisional
icu,864,16,-0.16398023197998937,22.016198467161324,4.853415961380614,5.183590881670923,-10.531161995321835,10.203201531361856,cluster_plus_withinstudy,agreement_natural_log_tau2_direct_v1,provisional
icu,865,16,-0.6945797094848724,22.658212628828252,2.908302542633531,5.056334163350142,-10.807248036185156,9.418088617215412,cluster_plus_withinstudy,agreement_natural_log_tau2_direct_v1,provisional
icu,866,16,-1.3254720844842987,17.693410160949426,1.1263895349503978,4.338179306563967,-10.001830697612233,7.3508865286436365,cluster_plus_withinstudy,agreement_natural_log_tau2_direct_v1,provisional
icu,867,16,-0.9261193961062021,21.32836559496424,2.579902368991314,4.889608160574378,-10.705335717254957,8.853096925042554,cluster_plus_withinstudy,agreement_natural_log_tau2_direct_v1,provisional
icu,868,16,-0.33504902566191636,22.623853821727515,2.7206238286966373,5.034329910765101,-10.403708847192119,9.733610795868286,cluster_plus_withinstudy,agreement_natural_log_tau2_direct_v1,provisional
icu,869,16,-0.9736839306152572,23.264585804984886,1.2132771760011227,4.947510786343574,-10.868705503302404,8.92133764207189,cluster_plus_withinstudy,agreement_natural_log_tau2_direct_v1,provisional
icu,870,16,-0.6770044131566947,21.2057155490331,2.9592825404815244,4.915790688130916,-10.508585789418527,9.154576963105137,cluster_plus_withinstudy,agreement_natural_log_tau2_direct_v1,provisional
icu,871,16,-0.5952559774667902,18.320299513056828,1.1860099315967167,4.416594779312852,-9.428445536092495,8.237933581158915,cluster_plus_withinstudy,agreement_natural_log_tau2_direct_v1,provisional
icu,872,16,0.08132009001920919,29.505365757172825,3.4384262902196103,5.7396682872264,-11.39801648443359,11.56065666447201,cluster_plus_withinstudy,agreement_natural_log_tau2_direct_v1,provisional
icu,873,16,-0.895352608710966,16.69682817452988,0.6992296598344252,4.170858165217838,-9.237068939146642,7.446363721724709,cluster_plus_withinstudy,agreement_natural_log_tau2_direct_v1,provisional
icu,874,16,-0.895978732562774,14.23204870839088,0.7513215700581697,3.8708358630209383,-8.63765045860465,6.845692993479102,cluster_plus_withinstudy,agreement_natural_log_tau2_direct_v1,provisional
icu,875,16,-0.2769825871297433,17.272627330691382,0.4920499523611052,4.214816399684865,-8.706615386499472,8.152650212239987,cluster_plus_withinstudy,agreement_natural_log_tau2_direct_v1,provisional
icu,876,16,-1.0490948370013096,21.734692407363024,0.24349000163031453,4.688089419901602,-10.425273676804514,8.327084002801895,cluster_plus_withinstudy,agreement_natural_log_tau2_direct_v1,provisional
icu,877,16,-0.05816756107087271,19.23946832464323,4.471597659609144,4.869400988237914,-9.796969537546701,9.680634415404956,cluster_plus_withinstudy,agreement_natural_log_tau2_direct_v1,provisional
icu,878,16,-0.35003110746627536,24.86665308553402,1.9237031144090935,5.1759401271598104,-10.701911361785896,10.001849146853345,cluster_plus_withinstudy,agreement_natural_log_tau2_direct_v1,provisional
icu,879,16,-0.45804360016190676,15.294231374334508,2.7071825002096723,4.24280731056033,-8.943658221282567,8.027571020958755,cluster_plus_withinstudy,agreement_natural_log_tau2_direct_v1,provisional
icu,880,16,-0.2551863081146176,24.59837942574326,0.3867740073581639,4.99851512282412,-10.252216553762858,9.741843937533622,cluster_plus_withinstudy,agreement_natural_log_tau2_direct_v1,provisional
icu,881,16,0.0831227311534663,17.0891091875431,2.3507151853623367,4.409061620447761,-8.735000509742056,8.901245972048988,cluster_plus_withinstudy,agreement_natural_log_tau2_direct_v1,provisional
icu,882,16,-1.1968080105654135,19.947986020087914,0.42667429427114656,4.513829894264854,-10.224467799095121,7.830851777964294,cluster_plus_withinstudy,agreement_natural_log_tau2_direct_v1,provisional
icu,883,16,-0.14606153340397485,28.520441992607864,4.270505967787888,5.726338093441196,-11.598737720286367,11.306614653478418,cluster_plus_withinstudy,agreement_natural_log_tau2_direct_v1,provisional
icu,884,16,-0.23192555200657963,17.728857681983943,2.063650031840347,4.4488771295490155,-9.12967981110461,8.665828707091451,cluster_plus_withinstudy,agreement_natural_log_tau2_direct_v1,provisional
icu,885,16,-0.7047897856585651,19.350040326198254,0.8170587477494013,4.49077933926258,-9.686348464183725,8.276768892866594,cluster_plus_withinstudy,agreement_natural_log_tau2_direct_v1,provisional
icu,886,16,-0.42524913628321687,17.46936900859428,2.180504586927688,4.432817794081093,-9.290884724445403,8.44038645187897,cluster_plus_withinstudy,agreement_natural_log_tau2_direct_v1,provisional
icu,887,16,-1.154939541692819,18.60927885101318,1.4560674455190796,4.47943593508516,-10.11381141186314,7.803932328477501,cluster_plus_withinstudy,agreement_natural_log_tau2_direct_v1,provisional
icu,888,16,-1.000700698375492,23.69719328080197,0.6498392114502378,4.934271221999476,-10.869243142374446,8.86784174562346,cluster_plus_withinstudy,agreement_natural_log_tau2_direct_v1,provisional
icu,889,16,1.7674370640530828,25.613267747661283,10.008575406091277,5.968403735820203,-10.169370407587325,13.704244535693489,cluster_plus_withinstudy,agreement_natural_log_tau2_direct_v1,provisional
icu,890,16,-0.8001242106473975,21.152747815600527,2.5724104127712732,4.870847793595258,-10.541819797837913,8.94157137654312,cluster_plus_withinstudy,agreement_natural_log_tau2_direct_v1,provisional
icu,891,16,-0.8876547398172703,20.184483998943673,0.854190570616795,4.586793495412723,-10.061241730642717,8.285932251008177,cluster_plus_withinstudy,agreement_natural_log_tau2_direct_v1,provisional
icu,892,16,0.21039538600653335,26.312285462324585,5.32611930192437,5.624802642248788,-11.039209898491043,11.46000067050411,cluster_plus_withinstudy,agreement_natural_log_tau2_direct_v1,provisional
icu,893,16,-0.6668440843642086,21.805523997413648,2.5567741950658336,4.935817884857532,-10.538479854079274,9.204791685350855,cluster_plus_withinstudy,agreement_natural_log_tau2_direct_v1,provisional
icu,894,16,-0.1630454232446098,26.281176962892562,1.6341084366796064,5.2834917809694915,-10.730028985183592,10.403938138694373,cluster_plus_withinstudy,agreement_natural_log_tau2_direct_v1,provisional
icu,895,16,-1.2709370825886266,16.29525260738055,1.09629678494006,4.170317660840792,-9.611572404270209,7.069698239092957,cluster_plus_withinstudy,agreement_natural_log_tau2_direct_v1,provisional
icu,896,16,-1.4193564886602532,20.61301291739384,1.5755314641504266,4.710471779083733,-10.840300046827718,8.001587069507213,cluster_plus_withinstudy,agreement_natural_log_tau2_direct_v1,provisional
icu,897,16,-0.880492939932401,16.39737468163411,0.7348817394749668,4.139112999316288,-9.158718938564977,7.397733058700176,cluster_plus_withinstudy,agreement_natural_log_tau2_direct_v1,provisional
icu,898,16,-0.09005758790741433,22.22652085139243,4.658216370601344,5.185049394363932,-10.460156376635279,10.280041200820449,cluster_plus_withinstudy,agreement_natural_log_tau2_direct_v1,provisional
icu,899,16,-0.7276386660468844,22.558875197130853,1.4117514735260759,4.8959806648573405,-10.519599995761565,9.064322663667797,cluster_plus_withinstudy,agreement_natural_log_tau2_direct_v1,provisional
icu,900,16,-0.9431802902968913,18.202555547976328,1.5876884903063126,4.448622712512564,-9.84042571532202,7.9540651347282365,cluster_plus_withinstudy,agreement_natural_log_tau2_direct_v1,provisional
icu,901,16,-1.152625680835733,23.79795531094306,2.5789744986798437,5.135847525932103,-11.42432073269994,9.119069371028473,cluster_plus_withinstudy,agreement_natural_log_tau2_direct_v1,provisional
icu,902,16,-0.40689179705953654,25.885246470559437,4.20411804851648,5.485377336070502,-11.37764646920054,10.563862875081467,cluster_plus_withinstudy,agreement_natural_log_tau2_direct_v1,provisional
icu,903,16,-0.2571675491803911,28.86525549546552,3.5644372881776265,5.694707436176432,-11.646582421533255,11.132247323172473,cluster_plus_withinstudy,agreement_natural_log_tau2_direct_v1,provisional
icu,904,16,-0.640347713685612,19.345422616447983,2.5555074107706877,4.679842948990775,-10.000033611667162,8.719338184295937,cluster_plus_withinstudy,agreement_natural_log_tau2_direct_v1,provisional
icu,905,16,-1.1528554894882936,20.06014312187665,1.1026273085763916,4.600301123888853,-10.353457737266,8.047746758289412,cluster_plus_withinstudy,agreement_natural_log_tau2_direct_v1,provisional
icu,906,16,-0.06880713675385908,23.949358522660546,5.186643176780191,5.397777477762559,-10.864362092278977,10.726747818771258,cluster_plus_withinstudy,agreement_natural_log_tau2_direct_v1,provisional
icu,907,16,0.3982311483642945,24.61294492442966,4.429649828963757,5.389118179571999,-10.380005210779704,11.176467507508292,cluster_plus_withinstudy,agreement_natural_log_tau2_direct_v1,provisional
icu,908,16,-1.1261125900709068,28.325724288149885,1.4593573304967784,5.457571036518596,-12.041254663108099,9.789029482966285,cluster_plus_withinstudy,agreement_natural_log_tau2_direct_v1,provisional
icu,909,16,-0.5061508800699764,18.837764004367525,1.8198272558893742,4.545062294430837,-9.59627546893165,8.583973708791698,cluster_plus_withinstudy,agreement_natural_log_tau2_direct_v1,provisional
icu,910,16,-0.4094441800593509,21.42227559166048,1.5149211623893792,4.789279356442873,-9.988002892945097,9.169114532826395,cluster_plus_withinstudy,agreement_natural_log_tau2_direct_v1,provisional
icu,911,16,-0.16361458556961497,26.81544468608471,3.7249280748056313,5.526334477833417,-11.216283541236448,10.889054370097218,cluster_plus_withinstudy,agreement_natural_log_tau2_direct_v1,provisional
icu,912,16,-1.3427324043242024,21.49196071911195,1.8374702685112307,4.8300549673500806,-11.002842339024363,8.317377530375959,cluster_plus_withinstudy,agreement_natural_log_tau2_direct_v1,provisional
icu,913,16,-0.0158078908593501,17.495046169310722,1.737405245411896,4.38548189082142,-8.786771672502189,8.75515589078349,cluster_plus_withinstudy,agreement_natural_log_tau2_direct_v1,provisional
icu,914,16,0.10757155441510274,26.753266560017206,3.211140969649465,5.473975477627451,-10.8403794008398,11.055522509670004,cluster_plus_withinstudy,agreement_natural_log_tau2_direct_v1,provisional
icu,915,16,-0.7451769437663442,16.575512935722188,1.852043932970355,4.292733030214264,-9.330643004194872,7.840289116662184,cluster_plus_withinstudy,agreement_natural_log_tau2_direct_v1,provisional
icu,916,16,-0.9906657976824286,20.706227073259075,1.8514229428458908,4.749489447941217,-10.489644693564863,8.508313098200006,cluster_plus_withinstudy,agreement_natural_log_tau2_direct_v1,provisional
icu,917,16,-0.9844819094106162,28.60918352804117,1.152664649365963,5.455442069842474,-11.895366049095564,9.92640223027433,cluster_plus_withinstudy,agreement_natural_log_tau2_direct_v1,provisional
icu,918,16,-0.851934311284619,19.175285466658767,0.7030473685078464,4.458512401593901,-9.768959114472421,8.065090491903183,cluster_plus_withinstudy,agreement_natural_log_tau2_direct_v1,provisional
icu,919,16,0.5767971822604269,22.994346165815823,3.170335472857628,5.115142386940314,-9.653487591620202,10.807081956141054,cluster_plus_withinstudy,agreement_natural_log_tau2_direct_v1,provisional
icu,920,16,-1.326696589570572,17.421087310572492,1.5825230448924248,4.359313060043396,-10.045322709657365,7.3919295305162205,cluster_plus_withinstudy,agreement_natural_log_tau2_direct_v1,provisional
icu,921,16,-0.3686422154452243,25.83400644550725,2.7850380435195503,5.349677045301594,-11.067996306048412,10.330711875157965,cluster_plus_withinstudy,agreement_natural_log_tau2_direct_v1,provisional
icu,922,16,-0.3155915334913731,17.15373759394664,1.1829899550007663,4.2821405335354665,-8.879872600562306,8.24868953357956,cluster_plus_withinstudy,agreement_natural_log_tau2_direct_v1,provisional
icu,923,16,-0.3043176988159621,23.478117166399432,2.46210795195656,5.093154731436695,-10.490627161689353,9.881991764057428,cluster_plus_withinstudy,agreement_natural_log_tau2_direct_v1,provisional
icu,924,16,-0.8332506502377668,21.103037126778396,3.0109111055988644,4.910595506899063,-10.654441664035893,8.987940363560359,cluster_plus_withinstudy,agreement_natural_log_tau2_direct_v1,provisional
icu,925,16,-1.1107498338244117,23.801506228634718,0.6093854809343808,4.9407379721625695,-10.992225778149551,8.770726110500727,cluster_plus_withinstudy,agreement_natural_log_tau2_direct_v1,provisional
icu,926,16,-1.0670955133551778,24.730210319298003,1.860846244690126,5.156651681468134,-11.380398876291444,9.24620784958109,cluster_plus_withinstudy,agreement_natural_log_tau2_direct_v1,provisional
icu,927,16,-1.038349656518161,20.468100514258794,0.5671025758568343,4.58641505863955,-10.21117977379726,8.134480460760939,cluster_plus_withinstudy,agreement_natural_log_tau2_direct_v1,provisional
icu,928,16,0.07006883444334631,24.62456556015134,2.9048271025843024,5.246845972842698,-10.423623111242051,10.563760780128742,cluster_plus_withinstudy,agreement_natural_log_tau2_direct_v1,provisional
icu,929,16,-0.834778992302575,22.038919271550295,0.6729176216429976,4.765693747314581,-10.366166486931736,8.696608502326587,cluster_plus_withinstudy,agreement_natural_log_tau2_direct_v1,provisional
icu,930,16,-0.46492896808730644,22.201003086634227,2.2929656166259322,4.9491381778305765,-10.36320532374846,9.433347387573846,cluster_plus_withinstudy,agreement_natural_log_tau2_direct_v1,provisional
icu,931,16,0.11388245717032398,18.024802603938053,4.110335198205327,4.704799443349671,-9.295716429529019,9.523481343869665,cluster_plus_withinstudy,agreement_natural_log_tau2_direct_v1,provisional
icu,932,16,0.6467942637290921,22.93587711306015,4.3914269949730675,5.2275524012709065,-9.808310538812721,11.101899066270905,cluster_plus_withinstudy,agreement_natural_log_tau2_direct_v1,provisional
icu,933,16,-0.3941661840532791,19.049016378592412,1.4120850309146578,4.5233948986913655,-9.44095598143601,8.652623613329451,cluster_plus_withinstudy,agreement_natural_log_tau2_direct_v1,provisional
icu,934,16,-0.30126564220831553,21.098834093657047,2.3378698039339985,4.84114696095781,-9.983559564123937,9.381028279707305,cluster_plus_withinstudy,agreement_natural_log_tau2_direct_v1,provisional
icu,935,16,-1.5346891075065534,23.064044852436783,3.015372267075727,5.106801065198497,-11.748291237903548,8.678913022890441,cluster_plus_withinstudy,agreement_natural_log_tau2_direct_v1,provisional
icu,936,16,-0.4047489501547163,19.44675812406912,3.8595530126014563,4.827661042023412,-10.06007103420154,9.25057313389211,cluster_plus_withinstudy,agreement_natural_log_tau2_direct_v1,provisional
icu,937,16,-0.7026394028229208,27.144514149007254,1.7819709214707868,5.378334786016769,-11.459308974856459,10.054030169210616,cluster_plus_withinstudy,agreement_natural_log_tau2_direct_v1,provisional
icu,938,16,0.3269383750141041,23.780099576357387,4.1655367749033685,5.2863632443543604,-10.245788113694617,10.899664863722824,cluster_plus_withinstudy,agreement_natural_log_tau2_direct_v1,provisional
icu,939,16,-0.41493264594364954,20.110716236440577,3.359649699380546,4.844622372881206,-10.104177391706061,9.274312099818763,cluster_plus_withinstudy,agreement_natural_log_tau2_direct_v1,provisional
icu,940,16,-0.7197090128520893,21.13425091204998,3.6411236996799645,4.977486776650435,-10.67468256615296,9.235264540448782,cluster_plus_withinstudy,agreement_natural_log_tau2_direct_v1,provisional
icu,941,16,-0.04679460495748107,21.436060048330194,3.4955766917078277,4.993158994067586,-10.033112593092653,9.93952338317769,cluster_plus_withinstudy,agreement_natural_log_tau2_direct_v1,provisional
icu,942,16,-0.9494820059270186,22.325966752495177,1.6426007385627326,4.895770367476186,-10.74102274087939,8.842058729025354,cluster_plus_withinstudy,agreement_natural_log_tau2_direct_v1,provisional
icu,943,16,0.18919335912311422,27.52217906219662,5.666238730458579,5.76093896796826,-11.332684576813405,11.711071295059634,cluster_plus_withinstudy,agreement_natural_log_tau2_direct_v1,provisional
icu,944,16,0.1039081686058461,21.595660662511456,0.27138950426237946,4.676221783317579,-9.248535398029311,9.456351735241004,cluster_plus_withinstudy,agreement_natural_log_tau2_direct_v1,provisional
icu,945,16,-0.47520746986628637,31.416203824547157,4.52984622240431,5.995502484942482,-12.46621243975125,11.515797500018678,cluster_plus_withinstudy,agreement_natural_log_tau2_direct_v1,provisional
icu,946,16,-1.0096833011643533,21.725240168761427,1.0773347832439906,4.775204179090714,-10.560091659345781,8.540725057017076,cluster_plus_withinstudy,agreement_natural_log_tau2_direct_v1,provisional
icu,947,16,-0.36410980552817934,17.43542940852013,3.3596304824500454,4.560160072954695,-9.484429951437571,8.75621034038121,cluster_plus_withinstudy,agreement_natural_log_tau2_direct_v1,provisional
icu,948,16,0.31819520146045105,27.157304973566088,5.481829652168713,5.7130670069354865,-11.107938812410522,11.744329215331424,cluster_plus_withinstudy,agreement_natural_log_tau2_direct_v1,provisional
icu,949,16,-0.786997781672966,26.83657238406289,2.3598392254699716,5.403370393516704,-11.593738568706375,10.019743005360443,cluster_plus_withinstudy,agreement_natural_log_tau2_direct_v1,provisional
icu,950,16,0.06433208978162147,31.585060803533352,8.42092197399995,6.3250282827457225,-12.585724475709824,12.714388655273066,cluster_plus_withinstudy,agreement_natural_log_tau2_direct_v1,provisional
icu,951,16,0.058618621226294285,26.96986955001262,1.744464876451912,5.358575783402203,-10.658532945578111,10.7757701880307,cluster_plus_withinstudy,agreement_natural_log_tau2_direct_v1,provisional
icu,952,16,0.06689770622771646,21.516430302784546,4.6276772149593395,5.1131308919040865,-10.159364077580456,10.29315949003589,cluster_plus_withinstudy,agreement_natural_log_tau2_direct_v1,provisional
icu,953,16,-1.1248437194805312,20.02778141349032,0.0,4.475240933568864,-10.07532558661826,7.825638147657197,cluster_plus_withinstudy,agreement_natural_log_tau2_direct_v1,provisional
icu,954,16,-0.7725482709820456,23.681449820421786,3.498041204860899,5.213395345193254,-11.199338961368554,9.654242419404461,cluster_plus_withinstudy,agreement_natural_log_tau2_direct_v1,provisional
icu,955,16,0.28190670923275374,32.09133458668483,6.628971320764434,6.22256425498759,-12.163221800742427,12.727035219207934,cluster_plus_withinstudy,agreement_natural_log_tau2_direct_v1,provisional
icu,956,16,-0.04013977737276868,18.473309768209855,2.6592572359027287,4.597017185535919,-9.234174148444607,9.15389459369907,cluster_plus_withinstudy,agreement_natural_log_tau2_direct_v1,provisional
icu,957,16,-0.08234676974479734,17.834401703671823,0.24641006881521849,4.252153780437279,-8.586654330619355,8.421960791129761,cluster_plus_withinstudy,agreement_natural_log_tau2_direct_v1,provisional
icu,958,16,-1.094653645570375,21.594235267142814,2.4617411623542984,4.90468922863591,-10.904032102842194,8.714724811701444,cluster_plus_withinstudy,agreement_natural_log_tau2_direct_v1,provisional
icu,959,16,-1.1207519502363614,25.820958111931347,2.868455655519243,5.356249972457465,-11.83325189515129,9.591747994678569,cluster_plus_withinstudy,agreement_natural_log_tau2_direct_v1,provisional
icu,960,16,-0.6882387817972373,15.59694711884329,0.6118230233043785,4.026011691754965,-8.740262165307167,7.363784601712693,cluster_plus_withinstudy,agreement_natural_log_tau2_direct_v1,provisional
icu,961,16,-0.8368793456217815,22.72393753951257,2.7594277304480457,5.048105116770115,-10.933089579162012,9.259330887918448,cluster_plus_withinstudy,agreement_natural_log_tau2_direct_v1,provisional
icu,962,16,-0.3205508738073314,25.297888395302774,3.2009415129482655,5.338429535757781,-10.997409945322893,10.35630819770823,cluster_plus_withinstudy,agreement_natural_log_tau2_direct_v1,provisional
icu,963,16,-0.9473844567188279,19.029256300867804,1.3939112548722843,4.51919988003851,-9.985784216795848,8.091015303358192,cluster_plus_withinstudy,agreement_natural_log_tau2_direct_v1,provisional
icu,964,16,-0.9769146218079003,20.892040473960645,3.541003646006222,4.942979275696679,-10.862873173201258,8.909043929585458,cluster_plus_withinstudy,agreement_natural_log_tau2_direct_v1,provisional
icu,965,16,-1.1572378241073429,18.836055369426767,1.0592342542663322,4.460413615764025,-10.078065055635392,7.763589407420707,cluster_plus_withinstudy,agreement_natural_log_tau2_direct_v1,provisional
icu,966,16,-0.7306569289025294,25.54083244227598,2.007570826114875,5.248657282428607,-11.227971493759744,9.766657635954685,cluster_plus_withinstudy,agreement_natural_log_tau2_direct_v1,provisional
icu,967,16,-0.17005112549893808,22.276407745065107,0.6356527080715985,4.786654411291535,-9.743359948082007,9.40325769708413,cluster_plus_withinstudy,agreement_natural_log_tau2_direct_v1,provisional
icu,968,16,-0.7811854861952429,20.438085929265295,1.3141317448946663,4.663927280110611,-10.109040046416466,8.54666907402598,cluster_plus_withinstudy,agreement_natural_log_tau2_direct_v1,provisional
icu,969,16,-0.018600431244989935,22.282293520624584,4.511144981927376,5.176237871519426,-10.371076174283841,10.333875311793863,cluster_plus_withinstudy,agreement_natural_log_tau2_direct_v1,provisional
icu,970,16,-0.38261935617821685,23.852732553891027,3.008042231020055,5.182738155156122,-10.748095666490462,9.982856954134027,cluster_plus_withinstudy,agreement_natural_log_tau2_direct_v1,provisional
icu,971,16,0.4375620474733537,21.037079551011445,4.527905555703702,5.056182859303562,-9.674803671133771,10.549927766080478,cluster_plus_withinstudy,agreement_natural_log_tau2_direct_v1,provisional
icu,972,16,-0.6415441904359017,25.87582268689741,4.33941072020382,5.496838491997125,-11.635221174430152,10.352132793558349,cluster_plus_withinstudy,agreement_natural_log_tau2_direct_v1,provisional
icu,973,16,-0.712746995160951,25.86298088485204,4.152461799829723,5.478635111474551,-11.670017218110052,10.244523227788152,cluster_plus_withinstudy,agreement_natural_log_tau2_direct_v1,provisional
icu,974,16,-1.576287149497954,16.871353734993207,1.6125690551558862,4.299293289617387,-10.174873728732729,7.022299429736821,cluster_plus_withinstudy,agreement_natural_log_tau2_direct_v1,provisional
icu,975,16,-0.062191839441955186,21.589420309833645,1.6846215332047492,4.824317759335344,-9.710827358112642,9.586443679228733,cluster_plus_withinstudy,agreement_natural_log_tau2_direct_v1,provisional
icu,976,16,-1.1121014458113423,22.278160034126685,1.2307551400597674,4.848599300229547,-10.809300046270437,8.585097154647752,cluster_plus_withinstudy,agreement_natural_log_tau2_direct_v1,provisional
icu,977,16,-0.7883356133843401,19.942955864264114,0.5905022755964408,4.5313858961536875,-9.851107405691716,8.274436178923034,cluster_plus_withinstudy,agreement_natural_log_tau2_direct_v1,provisional
icu,978,16,-0.5590972434072766,15.496666711674852,0.9737974921637215,4.058381968696216,-8.675861180799709,7.557666693985156,cluster_plus_withinstudy,agreement_natural_log_tau2_direct_v1,provisional
icu,979,16,-0.5331213903706989,19.74250219776123,2.2648214825953312,4.691196401810156,-9.915514193991012,8.849271413249614,cluster_plus_withinstudy,agreement_natural_log_tau2_direct_v1,provisional
icu,980,16,-0.07658111374960881,23.495697130395808,0.06049329694746513,4.853471997173083,-9.783525108095773,9.630362880596557,cluster_plus_withinstudy,agreement_natural_log_tau2_direct_v1,provisional
icu,981,16,0.3134842568048738,21.14589218584814,5.7803054309153845,5.18904592548221,-10.064607594159547,10.691576107769293,cluster_plus_withinstudy,agreement_natural_log_tau2_direct_v1,provisional
icu,982,16,-0.8085427912371296,22.83919680978776,0.4923986028051554,4.830279020159489,-10.469100831556108,8.852015249081848,cluster_plus_withinstudy,agreement_natural_log_tau2_direct_v1,provisional
icu,983,16,-1.1870328283071516,35.440396717412504,2.0074776460299493,6.119466836534246,-13.425966501375644,11.051900844761342,cluster_plus_withinstudy,agreement_natural_log_tau2_direct_v1,provisional
icu,984,16,-1.2271680231951663,23.49404242511351,2.2252707804699603,5.07142122147071,-11.370010466136586,8.915674419746255,cluster_plus_withinstudy,agreement_natural_log_tau2_direct_v1,provisional
icu,985,16,-0.23840169748914788,23.073466495029404,1.7499552040644937,4.982310879410668,-10.203023456310484,9.726220061332187,cluster_plus_withinstudy,agreement_natural_log_tau2_direct_v1,provisional
icu,986,16,-0.9062481892256673,18.008607205933814,2.713629111648285,4.552168309452331,-10.01058480813033,8.198088429678995,cluster_plus_withinstudy,agreement_natural_log_tau2_direct_v1,provisional
icu,987,16,-1.3354587399371913,25.96318713028675,1.447616441136387,5.2355327877326046,-11.8065243154024,9.135606835528018,cluster_plus_withinstudy,agreement_natural_log_tau2_direct_v1,provisional
icu,988,16,-0.9105346192650141,20.31704367875582,0.9527344240917602,4.611916966170096,-10.134368551605206,8.313299313075177,cluster_plus_withinstudy,agreement_natural_log_tau2_direct_v1,provisional
icu,989,16,-1.7152517025202456,24.602849198573068,1.5008477503925894,5.109177717496785,-11.933607137513816,8.503103732473326,cluster_plus_withinstudy,agreement_natural_log_tau2_direct_v1,provisional
icu,990,16,0.18019020112192877,22.25087124829619,3.024229350569957,5.027434793099374,-9.874679385076819,10.235059787320678,cluster_plus_withinstudy,agreement_natural_log_tau2_direct_v1,provisional
icu,991,16,-0.6601842113904479,20.25537932442735,2.2836188720647943,4.747525481394717,-10.155235174179882,8.834866751398987,cluster_plus_withinstudy,agreement_natural_log_tau2_direct_v1,provisional
icu,992,16,-1.2820580564209638,17.639677753930073,0.7508061669154643,4.288412750755871,-9.858883557932705,7.294767445090778,cluster_plus_withinstudy,agreement_natural_log_tau2_direct_v1,provisional
icu,993,16,-0.5286886637606207,26.758635303532508,0.7568977371062471,5.245525049090773,-11.019738761942167,9.962361434420925,cluster_plus_withinstudy,agreement_natural_log_tau2_direct_v1,provisional
icu,994,16,-0.9980783452771547,20.899949841061808,0.5025265047765739,4.6262810491623165,-10.250640443601787,8.254483753047479,cluster_plus_withinstudy,agreement_natural_log_tau2_direct_v1,provisional
icu,995,16,0.07700034024288425,26.70253770956672,3.137699284769098,5.462621805903812,-10.848243271564739,11.002243952050508,cluster_plus_withinstudy,agreement_natural_log_tau2_direct_v1,provisional
icu,996,16,0.23919348649692468,22.90114427496802,5.679368736306971,5.346074542248264,-10.452955597999603,10.931342570993452,cluster_plus_withinstudy,agreement_natural_log_tau2_direct_v1,provisional
icu,997,16,-0.39809845729514903,24.204240117708235,4.02962433235934,5.313554784705581,-11.025208026706311,10.229011112116014,cluster_plus_withinstudy,agreement_natural_log_tau2_direct_v1,provisional
icu,998,16,-0.8343227185541614,19.14584173170993,1.8542331009564528,4.582583859861855,-9.999490438277872,8.330845001169548,cluster_plus_withinstudy,agreement_natural_log_tau2_direct_v1,provisional
icu,999,16,-0.059924368790590175,16.794723467776382,1.394468949633211,4.264878945223368,-8.589682259237327,8.469833521656147,cluster_plus_withinstudy,agreement_natural_log_tau2_direct_v1,provisional
arf,0,14,2.1329807790586757,39.08338101957427,4.499967772205971,6.601768610893617,-11.07055644272856,15.33651800084591,cluster_plus_withinstudy,agreement_natural_log_tau2_direct_v1,provisional
arf,1,14,1.0087465400032325,18.644001516389473,1.7406907954678934,4.514941008679667,-8.021135477356102,10.038628557362566,cluster_plus_withinstudy,agreement_natural_log_tau2_direct_v1,provisional
arf,2,14,1.0873369332461817,24.42611953034736,2.399811532811454,5.1793755476079175,-9.271414161969654,11.446088028462016,cluster_plus_withinstudy,agreement_natural_log_tau2_direct_v1,provisional
arf,3,14,1.171622801338539,27.799475968875225,2.543333598425034,5.508430771762522,-9.845238742186504,12.188484344863584,cluster_plus_withinstudy,agreement_natural_log_tau2_direct_v1,provisional
arf,4,14,2.066841843893798,34.308484724790105,7.702287958601557,6.48157177568772,-10.896301707481642,15.029985395269238,cluster_plus_withinstudy,agreement_natural_log_tau2_direct_v1,provisional
arf,5,14,2.0073793447018153,15.440876206552229,2.7469588113619587,4.2647198053229936,-6.522060265944171,10.536818955347803,cluster_plus_withinstudy,agreement_natural_log_tau2_direct_v1,provisional
arf,6,14,1.0520732956320231,15.783260195600434,3.6050570407508626,4.403216691959561,-7.7543600882870996,9.858506679551146,cluster_plus_withinstudy,agreement_natural_log_tau2_direct_v1,provisional
arf,7,14,1.078265698708966,20.0131224724164,4.519669650628014,4.953058865291671,-8.827852031874375,10.984383429292308,cluster_plus_withinstudy,agreement_natural_log_tau2_direct_v1,provisional
arf,8,14,1.7144559687059617,19.822251692470594,2.417794009076032,4.715935294461389,-7.7174146202168155,11.14632655762874,cluster_plus_withinstudy,agreement_natural_log_tau2_direct_v1,provisional
arf,9,14,2.56614971541108,27.938493258849,4.450498423857801,5.6911327240459615,-8.816115732680842,13.948415163503004,cluster_plus_withinstudy,agreement_natural_log_tau2_direct_v1,provisional
arf,10,14,1.3393278155533928,16.873453558995614,0.8347774945760403,4.2081149049867514,-7.07690199442011,9.755557625526896,cluster_plus_withinstudy,agreement_natural_log_tau2_direct_v1,provisional
arf,11,14,1.9111553171625069,22.061655273692846,3.7067089204619803,5.07625493786067,-8.241354558558832,12.063665192883846,cluster_plus_withinstudy,agreement_natural_log_tau2_direct_v1,provisional
arf,12,14,2.75768268887117,23.23798245708729,2.4956496434898328,5.0728327491232275,-7.387982809375285,12.903348187117626,cluster_plus_withinstudy,agreement_natural_log_tau2_direct_v1,provisional
arf,13,14,0.4920898268843169,14.60502395948405,0.36301140667571263,3.868854528947782,-7.245619231011247,8.22979888477988,cluster_plus_withinstudy,agreement_natural_log_tau2_direct_v1,provisional
arf,14,14,1.17696361737255,40.17444716639195,2.227964552336555,6.5117134241863335,-11.846463231000117,14.200390465745217,cluster_plus_withinstudy,agreement_natural_log_tau2_direct_v1,provisional
arf,15,14,1.4383042223176201,28.07380669297279,1.7655846126238341,5.462544398501181,-9.48678457468474,12.363393019319982,cluster_plus_withinstudy,agreement_natural_log_tau2_direct_v1,provisional
arf,16,14,2.9961407802333566,26.399323949448643,6.1967391388003366,5.709296199029175,-8.422451617824994,14.414733178291705,cluster_plus_withinstudy,agreement_natural_log_tau2_direct_v1,provisional
arf,17,14,0.38100819294957927,20.53900104758258,0.9522554553689274,4.6358663163373794,-8.89072443972518,9.652740825624338,cluster_plus_withinstudy,agreement_natural_log_tau2_direct_v1,provisional
arf,18,14,0.21494547710597242,17.25169172127693,1.034713973595664,4.27626071409036,-8.337575951074747,8.767466905286692,cluster_plus_withinstudy,agreement_natural_log_tau2_direct_v1,provisional
arf,19,14,2.5507384642274205,19.671806325204578,5.073653074186067,4.9744808170693195,-7.398223169911219,12.499700098366059,cluster_plus_withinstudy,agreement_natural_log_tau2_direct_v1,provisional
arf,20,14,1.0268019717062289,14.211707356677865,1.9967706062408834,4.025975405155719,-7.025148838605208,9.078752782017666,cluster_plus_withinstudy,agreement_natural_log_tau2_direct_v1,provisional
arf,21,14,0.627540626176901,21.449068826296482,1.6098717899093988,4.801972575536628,-8.976404524896356,10.231485777250157,cluster_plus_withinstudy,agreement_natural_log_tau2_direct_v1,provisional
arf,22,14,0.6218114507726328,38.35749671597111,5.042010448743202,6.587830231928742,-12.553849013084852,13.797471914630117,cluster_plus_withinstudy,agreement_natural_log_tau2_direct_v1,provisional
arf,23,14,2.437237469136912,26.34597450213357,8.742380326797322,5.9235424223120825,-9.409847375487253,14.284322313761077,cluster_plus_withinstudy,agreement_natural_log_tau2_direct_v1,provisional
arf,24,14,1.3244883124438334,21.046747311495853,3.985174414841312,5.003191154287149,-8.681893996130464,11.33087062101813,cluster_plus_withinstudy,agreement_natural_log_tau2_direct_v1,provisional
arf,25,14,0.7852428160876496,16.479035087278298,1.0615238432459078,4.188145046500205,-7.591047276912761,9.16153290908806,cluster_plus_withinstudy,agreement_natural_log_tau2_direct_v1,provisional
arf,26,14,0.596181599976023,24.82439610493969,1.8041896623368832,5.160289310424036,-9.72439702087205,10.916760220824095,cluster_plus_withinstudy,agreement_natural_log_tau2_direct_v1,provisional
arf,27,14,1.7822798032499554,18.109757812370205,2.3157098323508087,4.519454352543127,-7.256628901836298,10.82118850833621,cluster_plus_withinstudy,agreement_natural_log_tau2_direct_v1,provisional
arf,28,14,1.966742513578591,19.805917733113862,3.549710494862623,4.832766105242057,-7.698789696905523,11.632274724062706,cluster_plus_withinstudy,agreement_natural_log_tau2_direct_v1,provisional
arf,29,14,3.1766272088964276,30.93611042429186,3.9909476045606276,5.909911846115175,-8.643196483333924,14.996450901126778,cluster_plus_withinstudy,agreement_natural_log_tau2_direct_v1,provisional
arf,30,14,2.134186218800982,30.224203999019558,3.732523255442644,5.827240106127617,-9.520293993454251,13.788666431056216,cluster_plus_withinstudy,agreement_natural_log_tau2_direct_v1,provisional
arf,31,14,2.5820480595780633,26.6681455305351,3.108021975221376,5.456754301391668,-8.331460543205273,13.4955566623614,cluster_plus_withinstudy,agreement_natural_log_tau2_direct_v1,provisional
arf,32,14,2.429202251653627,31.62550062302386,7.241767218545068,6.234361863219758,-10.03952147478589,14.897925978093141,cluster_plus_withinstudy,agreement_natural_log_tau2_direct_v1,provisional
arf,33,14,2.376640048812448,35.639919287070285,7.887236450496964,6.597511329097302,-10.818382609382157,15.571662707007052,cluster_plus_withinstudy,agreement_natural_log_tau2_direct_v1,provisional
arf,34,14,1.4243899929213246,24.628619837882106,1.5634853262071682,5.117822306810708,-8.81125462070009,11.660034606542741,cluster_plus_withinstudy,agreement_natural_log_tau2_direct_v1,provisional
arf,35,14,1.68776183717223,30.607950069774777,3.8088115917540217,5.866580065210804,-10.045398293249377,13.420921967593838,cluster_plus_withinstudy,agreement_natural_log_tau2_direct_v1,provisional
arf,36,14,0.1509352474711828,25.1219400689674,1.3700564902274057,5.147037648900074,-10.143140050328965,10.445010545271332,cluster_plus_withinstudy,agreement_natural_log_tau2_direct_v1,provisional
arf,37,14,3.467795385268295,34.32067241146455,6.091632588672791,6.3570673270099425,-9.24633926875159,16.18193003928818,cluster_plus_withinstudy,agreement_natural_log_tau2_direct_v1,provisional
arf,38,14,1.7455241146607599,28.264789193168326,4.251869011888727,5.702337959561592,-9.659151804462423,13.150200033783944,cluster_plus_withinstudy,agreement_natural_log_tau2_direct_v1,provisional
arf,39,14,1.4171456811824052,22.644999854827912,1.4048458135928132,4.904064199051714,-8.390982716921023,11.225274079285832,cluster_plus_withinstudy,agreement_natural_log_tau2_direct_v1,provisional
arf,40,14,1.4933616040098026,31.875044808985358,3.6082348963294155,5.9567843426898355,-10.420207081369869,13.406930289389473,cluster_plus_withinstudy,agreement_natural_log_tau2_direct_v1,provisional
arf,41,14,1.3742519171989933,19.36434615589474,2.1511172777235807,4.638476412963455,-7.902700908727917,10.651204743125904,cluster_plus_withinstudy,agreement_natural_log_tau2_direct_v1,provisional
arf,42,14,1.8722485884336821,27.745734164347883,4.149615372195399,5.6475967930211946,-9.422944997608706,13.167442174476072,cluster_plus_withinstudy,agreement_natural_log_tau2_direct_v1,provisional
arf,43,14,3.1010398716112495,41.81126062103394,6.230559893885865,6.931220708859285,-10.76140154610732,16.96348128932982,cluster_plus_withinstudy,agreement_natural_log_tau2_direct_v1,provisional
arf,44,14,1.7811031895287563,20.360592501742907,6.0453813734641875,5.138674330526025,-8.496245471523293,12.058451850580807,cluster_plus_withinstudy,agreement_natural_log_tau2_direct_v1,provisional
arf,45,14,1.2361965128687258,17.815315891633503,2.528755773646056,4.510440296166169,-7.784684079463612,10.257077105201063,cluster_plus_withinstudy,agreement_natural_log_tau2_direct_v1,provisional
arf,46,14,1.7488510930535652,13.847581860665786,3.1654001531414604,4.124679625596059,-6.500508158138553,9.998210344245683,cluster_plus_withinstudy,agreement_natural_log_tau2_direct_v1,provisional
arf,47,14,0.9642995532601416,19.018643661347113,1.1414686219065233,4.490001367845408,-8.015703182430673,9.944302288950958,cluster_plus_withinstudy,agreement_natural_log_tau2_direct_v1,provisional
arf,48,14,0.35224928129915445,16.301530102652507,1.6511713991088866,4.237062839014945,-8.121876396730736,8.826374959329046,cluster_plus_withinstudy,agreement_natural_log_tau2_direct_v1,provisional
arf,49,14,1.8094558783672687,19.580082007015378,2.6493044642839836,4.714805030040941,-7.620154181714614,11.239065938449151,cluster_plus_withinstudy,agreement_natural_log_tau2_direct_v1,provisional
arf,50,14,1.8504320521378237,15.528287302658986,4.338040605468792,4.457165905385145,-7.063899758632467,10.764763862908115,cluster_plus_withinstudy,agreement_natural_log_tau2_direct_v1,provisional
arf,51,14,1.5043752429240724,17.884793744300342,2.019614247251293,4.461435642430768,-7.4184960419374635,10.42724652778561,cluster_plus_withinstudy,agreement_natural_log_tau2_direct_v1,provisional
arf,52,14,1.5014117522843267,22.999867287044367,1.6427111698092365,4.964129174070071,-8.426846595855816,11.429670100424469,cluster_plus_withinstudy,agreement_natural_log_tau2_direct_v1,provisional
arf,53,14,2.0833578179692833,25.258264016990438,5.082779127950416,5.508270431355096,-8.93318304474091,13.099898680679475,cluster_plus_withinstudy,agreement_natural_log_tau2_direct_v1,provisional
arf,54,14,1.368931806707989,24.746317076746937,5.0028473702704135,5.454279461763703,-9.539627116819418,12.277490730235396,cluster_plus_withinstudy,agreement_natural_log_tau2_direct_v1,provisional
arf,55,14,2.0862065797001375,27.885577117237514,6.761325424749882,5.886161953428346,-9.686117327156554,13.858530486556829,cluster_plus_withinstudy,agreement_natural_log_tau2_direct_v1,provisional
arf,56,14,1.4955095444700688,29.17526315331192,4.262152976496504,5.782509501056477,-10.069509457642885,13.060528546583024,cluster_plus_withinstudy,agreement_natural_log_tau2_direct_v1,provisional
arf,57,14,2.260714735240829,32.80488328411268,2.421757027161479,5.935203476821511,-9.609692218402191,14.131121688883852,cluster_plus_withinstudy,agreement_natural_log_tau2_direct_v1,provisional
arf,58,14,1.680325600418135,20.870640927243134,1.2974376135522103,4.708298900961508,-7.736272201504882,11.096923402341151,cluster_plus_withinstudy,agreement_natural_log_tau2_direct_v1,provisional
arf,59,14,1.6572899102959702,28.91140027875957,1.1832052372473407,5.485855039645771,-9.314420168995571,12.628999989587513,cluster_plus_withinstudy,agreement_natural_log_tau2_direct_v1,provisional
arf,60,14,1.1784216079636378,14.64370196306823,1.6833896648946178,4.040679599765719,-6.9029375915678,9.259780807495076,cluster_plus_withinstudy,agreement_natural_log_tau2_direct_v1,provisional
arf,61,14,2.4170459967807196,31.832969925810993,6.6499007895319995,6.203456352336413,-9.989866707892105,14.823958701453545,cluster_plus_withinstudy,agreement_natural_log_tau2_direct_v1,provisional
arf,62,14,0.3168590232453187,35.87796009121729,5.215959639930037,6.410453941114258,-12.504048858983197,13.137766905473836,cluster_plus_withinstudy,agreement_natural_log_tau2_direct_v1,provisional
arf,63,14,0.8156504893856386,23.264036466448786,2.080394430411798,5.034325267288615,-9.253000045191591,10.88430102396287,cluster_plus_withinstudy,agreement_natural_log_tau2_direct_v1,provisional
arf,64,14,1.285306664579429,18.439360164230376,1.4127357964293978,4.455569095038228,-7.625831525497026,10.196444854655883,cluster_plus_withinstudy,agreement_natural_log_tau2_direct_v1,provisional
arf,65,14,2.911230178127314,30.261530449809936,3.1094670624020915,5.776763584587137,-8.64229699104696,14.464757347301587,cluster_plus_withinstudy,agreement_natural_log_tau2_direct_v1,provisional
arf,66,14,0.9994575021876317,20.27877648954587,3.1625285690935985,4.841622151576831,-8.68378680096603,10.682701805341294,cluster_plus_withinstudy,agreement_natural_log_tau2_direct_v1,provisional
arf,67,14,0.4570127356818355,20.834643559067306,0.9441840041016106,4.66677914231742,-8.876545548953004,9.790571020316676,cluster_plus_withinstudy,agreement_natural_log_tau2_direct_v1,provisional
arf,68,14,4.089453020186846,25.255399692173235,4.800529574756608,5.482328817840995,-6.875204615495144,15.054110655868836,cluster_plus_withinstudy,agreement_natural_log_tau2_direct_v1,provisional
arf,69,14,0.042017900160473784,17.631348665560722,1.4150400193510493,4.36421684668759,-8.686415793214707,8.770451593535654,cluster_plus_withinstudy,agreement_natural_log_tau2_direct_v1,provisional
arf,70,14,4.291669599638759,43.44903080148843,5.876882891550602,7.023240967889329,-9.7548123361399,18.338151535417417,cluster_plus_withinstudy,agreement_natural_log_tau2_direct_v1,provisional
arf,71,14,1.7598031263143927,20.289817296029895,4.528536185850815,4.981802232313193,-8.203801338311992,11.723407590940779,cluster_plus_withinstudy,agreement_natural_log_tau2_direct_v1,provisional
arf,72,14,1.0954896602149762,24.332671584133273,3.3011701697859444,5.256790061807607,-9.418090463400237,11.60906978383019,cluster_plus_withinstudy,agreement_natural_log_tau2_direct_v1,provisional
arf,73,14,1.9194339088068568,28.996615273042348,7.138541189720005,6.0112524870248425,-10.103071065242828,13.941938882856542,cluster_plus_withinstudy,agreement_natural_log_tau2_direct_v1,provisional
arf,74,14,1.8166480493112862,20.774080466902934,2.498344231806487,4.824150153002021,-7.831652256692756,11.464948355315329,cluster_plus_withinstudy,agreement_natural_log_tau2_direct_v1,provisional
arf,75,14,1.4352376494886487,16.856059768616408,2.0695042298064488,4.3503521694712095,-7.2654666894537705,10.135941988431068,cluster_plus_withinstudy,agreement_natural_log_tau2_direct_v1,provisional
arf,76,14,1.8545340466727462,25.830667018610477,6.371872029086933,5.674728103415829,-9.49492216015891,13.203990253504404,cluster_plus_withinstudy,agreement_natural_log_tau2_direct_v1,provisional
arf,77,14,1.6319298462813783,22.107973960723044,4.027639302425804,5.1123001929805385,-8.592670539679698,11.856530232242456,cluster_plus_withinstudy,agreement_natural_log_tau2_direct_v1,provisional
arf,78,14,1.621599484634314,15.3005193937468,3.069059754058882,4.285974702189186,-6.950349919744059,10.193548889012687,cluster_plus_withinstudy,agreement_natural_log_tau2_direct_v1,provisional
arf,79,14,3.478208448408536,37.700557302081464,6.362360196581432,6.6379904714200135,-9.797772494431491,16.754189391248563,cluster_plus_withinstudy,agreement_natural_log_tau2_direct_v1,provisional
arf,80,14,1.7362948804935636,29.346992868597177,6.890799141990821,6.019783385686564,-10.303271890879564,13.775861651866691,cluster_plus_withinstudy,agreement_natural_log_tau2_direct_v1,provisional
arf,81,14,3.5497280593184133,26.86789690723204,7.324713518671291,5.847444777499256,-8.1451614956801,15.244617614316926,cluster_plus_withinstudy,agreement_natural_log_tau2_direct_v1,provisional
arf,82,14,2.231377539007041,17.823273654105677,3.762041066642716,4.645999862327634,-7.060622185648227,11.523377263662308,cluster_plus_withinstudy,agreement_natural_log_tau2_direct_v1,provisional
arf,83,14,2.0002371848806297,47.88462308089056,5.783199428249595,7.325832547167602,-12.651427909454574,16.651902279215832,cluster_plus_withinstudy,agreement_natural_log_tau2_direct_v1,provisional
arf,84,14,0.5922432106791354,17.421213688085167,2.7146963152047503,4.4873054279032445,-8.382367645127353,9.566854066485625,cluster_plus_withinstudy,agreement_natural_log_tau2_direct_v1,provisional
arf,85,14,1.266893765599936,38.84788386980913,4.023822006493354,6.54764888156829,-11.828403997536643,14.362191528736517,cluster_plus_withinstudy,agreement_natural_log_tau2_direct_v1,provisional
arf,86,14,0.7086915451687646,14.911342937602315,0.5856677719204572,3.9366242784297785,-7.164557011690793,8.581940102028321,cluster_plus_withinstudy,agreement_natural_log_tau2_direct_v1,provisional
arf,87,14,2.821298755171089,31.864708589882643,4.422122754971743,6.023855189565432,-9.226411623959775,14.869009134301953,cluster_plus_withinstudy,agreement_natural_log_tau2_direct_v1,provisional
arf,88,14,2.03795366096413,43.53144099195399,6.211233006431977,7.0528486442278036,-12.067743627491478,16.143650949419737,cluster_plus_withinstudy,agreement_natural_log_tau2_direct_v1,provisional
arf,89,14,0.9554836906473781,33.664470927532186,1.4689401267395266,5.927344350910593,-10.899205011173807,12.810172392468564,cluster_plus_withinstudy,agreement_natural_log_tau2_direct_v1,provisional
arf,90,14,0.9915222028073198,21.287264633454654,2.535897238832654,4.880897650257308,-8.770273097707296,10.753317503321934,cluster_plus_withinstudy,agreement_natural_log_tau2_direct_v1,provisional
arf,91,14,2.3292634716076743,34.05411928665527,5.442369820990553,6.284623227182822,-10.239982982757969,14.898509925973318,cluster_plus_withinstudy,agreement_natural_log_tau2_direct_v1,provisional
arf,92,14,0.9730597433862288,27.791254750523454,2.68914414930523,5.520905623159002,-10.068751502931775,12.014870989704232,cluster_plus_withinstudy,agreement_natural_log_tau2_direct_v1,provisional
arf,93,14,0.27945782219281723,35.60037795631733,1.5705972478757606,6.096800407114628,-11.914142992036439,12.473058636422074,cluster_plus_withinstudy,agreement_natural_log_tau2_direct_v1,provisional
arf,94,14,1.0346639444450059,20.67621878599389,3.1002352892820872,4.8761105478932665,-8.717557151341527,10.786885040231539,cluster_plus_withinstudy,agreement_natural_log_tau2_direct_v1,provisional
arf,95,14,0.9823046161203246,15.274037430304467,2.872667886620036,4.259894988955068,-7.537485361789812,9.50209459403046,cluster_plus_withinstudy,agreement_natural_log_tau2_direct_v1,provisional
arf,96,14,1.5036359573408917,37.42469449334128,2.5927897989469835,6.3259374239940325,-11.148238890647173,14.155510805328957,cluster_plus_withinstudy,agreement_natural_log_tau2_direct_v1,provisional
arf,97,14,1.961086262959343,25.84684805668627,5.487521101538811,5.597711064196247,-9.23433586543315,13.156508391351837,cluster_plus_withinstudy,agreement_natural_log_tau2_direct_v1,provisional
arf,98,14,1.002040359129126,18.90421665765493,4.9858398916322395,4.887745548746085,-8.773450738363044,10.777531456621295,cluster_plus_withinstudy,agreement_natural_log_tau2_direct_v1,provisional
arf,99,14,0.6450047991375908,23.444219534914083,1.438633347577383,4.988271532554284,-9.331538265970979,10.621547864246159,cluster_plus_withinstudy,agreement_natural_log_tau2_direct_v1,provisional
arf,100,14,1.8797795735148821,22.866881468943358,3.665316570057736,5.150941471129437,-8.422103368743992,12.181662515773757,cluster_plus_withinstudy,agreement_natural_log_tau2_direct_v1,provisional
arf,101,14,2.4311846715114576,27.257192037938093,4.7574005118674965,5.658143913847154,-8.88510315618285,13.747472499205767,cluster_plus_withinstudy,agreement_natural_log_tau2_direct_v1,provisional
arf,102,14,1.480323841746576,16.46254660207871,3.9389433801590426,4.516800857048908,-7.553277872351241,10.513925555844393,cluster_plus_withinstudy,agreement_natural_log_tau2_direct_v1,provisional
arf,103,14,1.0874599563429743,17.321059899360208,1.7315038728222025,4.364924257324795,-7.642388558306615,9.817308470992563,cluster_plus_withinstudy,agreement_natural_log_tau2_direct_v1,provisional
arf,104,14,1.1679077461180216,17.87390559616475,1.1840956178372821,4.365547069268872,-7.563186392419722,9.899001884655766,cluster_plus_withinstudy,agreement_natural_log_tau2_direct_v1,provisional
arf,105,14,2.947075438973127,25.297437402820552,5.771100522606914,5.573915852022478,-8.200756265071828,14.094907143018084,cluster_plus_withinstudy,agreement_natural_log_tau2_direct_v1,provisional
arf,106,14,2.087517348746248,21.2163367883016,3.804980310321642,5.0021312556372655,-7.916745162528283,12.091779860020779,cluster_plus_withinstudy,agreement_natural_log_tau2_direct_v1,provisional
arf,107,14,1.5589483639393595,22.22972953568012,3.314880891087837,5.054167629468572,-8.549386894997784,11.667283622876504,cluster_plus_withinstudy,agreement_natural_log_tau2_direct_v1,provisional
arf,108,14,0.7277545291116776,15.661355863699168,1.8908481000374042,4.189535053408263,-7.651315577704848,9.106824635928204,cluster_plus_withinstudy,agreement_natural_log_tau2_direct_v1,provisional
arf,109,14,2.2670938871734827,22.051225136847155,3.6536039524987554,5.069993006834024,-7.872892126494566,12.40707990084153,cluster_plus_withinstudy,agreement_natural_log_tau2_direct_v1,provisional
arf,110,14,2.113005842851281,27.82378534609804,5.599197298061762,5.781261336781084,-9.449516830710886,13.675528516413449,cluster_plus_withinstudy,agreement_natural_log_tau2_direct_v1,provisional
arf,111,14,3.331692046744566,42.35386026317145,6.416429145218858,6.983572825451905,-10.635453604159244,17.298837697648374,cluster_plus_withinstudy,agreement_natural_log_tau2_direct_v1,provisional
arf,112,14,1.0908094136438946,22.96083639472341,2.830382260130178,5.078505553295535,-9.066201692947176,11.247820520234965,cluster_plus_withinstudy,agreement_natural_log_tau2_direct_v1,provisional
arf,113,14,1.1828235229340611,19.502071918973833,3.6410491485118053,4.810729785332537,-8.438636047731013,10.804283093599135,cluster_plus_withinstudy,agreement_natural_log_tau2_direct_v1,provisional
arf,114,14,2.4004421856954865,40.99443826732389,6.1047477617494375,6.862884672575617,-11.325327159455746,16.12621153084672,cluster_plus_withinstudy,agreement_natural_log_tau2_direct_v1,provisional
arf,115,14,1.3223721407980344,33.44685396900018,8.3136271565357,6.462234994607971,-11.602097848417907,14.246842130013976,cluster_plus_withinstudy,agreement_natural_log_tau2_direct_v1,provisional
arf,116,14,2.2900371144044995,37.74345320131426,4.273830530817273,6.482074030133529,-10.674110945862559,15.254185174671559,cluster_plus_withinstudy,agreement_natural_log_tau2_direct_v1,provisional
arf,117,14,1.6208020915288235,15.699653762436224,2.5473711613015273,4.271653652127915,-6.922505212727007,10.164109395784653,cluster_plus_withinstudy,agreement_natural_log_tau2_direct_v1,provisional
arf,118,14,0.9046249393369118,22.46016487244328,2.3064154552995846,4.976603292180608,-9.048581645024303,10.857831523698128,cluster_plus_withinstudy,agreement_natural_log_tau2_direct_v1,provisional
arf,119,14,0.6437808414658408,27.344236350668258,3.6312039972257852,5.565558403960383,-10.487335966454925,11.774897649386606,cluster_plus_withinstudy,agreement_natural_log_tau2_direct_v1,provisional
arf,120,14,2.09821160859685,21.267138925077926,2.524149513897529,4.877631437385922,-7.657051266174994,11.853474483368695,cluster_plus_withinstudy,agreement_natural_log_tau2_direct_v1,provisional
arf,121,14,1.126383400601188,18.515479287957564,0.7811459360247144,4.392792417583863,-7.659201434566537,9.911968235768914,cluster_plus_withinstudy,agreement_natural_log_tau2_direct_v1,provisional
arf,122,14,1.5533435322355245,28.30644974153901,5.748405397759774,5.835653788505516,-10.117964044775507,13.224651109246556,cluster_plus_withinstudy,agreement_natural_log_tau2_direct_v1,provisional
arf,123,14,0.9501222109618319,24.728539841916465,1.4082741043675273,5.112417622444785,-9.274713033927739,11.174957455851402,cluster_plus_withinstudy,agreement_natural_log_tau2_direct_v1,provisional
arf,124,14,0.3635034290701709,17.706969379956536,2.1898588177295557,4.460586082308701,-8.557668735547232,9.284675593687574,cluster_plus_withinstudy,agreement_natural_log_tau2_direct_v1,provisional
arf,125,14,1.9210443227279177,22.410294574329995,2.4430380934536666,4.985311692139586,-8.049579061551254,11.89166770700709,cluster_plus_withinstudy,agreement_natural_log_tau2_direct_v1,provisional
arf,126,14,1.9428192548276353,43.84983406347129,2.8034776818240954,6.8303229605411335,-11.717826666254632,15.603465175909902,cluster_plus_withinstudy,agreement_natural_log_tau2_direct_v1,provisional
arf,127,14,1.6660828357530622,27.62197140804569,3.8348967152534748,5.60864227093324,-9.551201706113417,12.883367377619543,cluster_plus_withinstudy,agreement_natural_log_tau2_direct_v1,provisional
arf,128,14,2.7770009547756405,20.120134899979075,5.448323532576545,5.056526320761677,-7.336051686747712,12.890053596298994,cluster_plus_withinstudy,agreement_natural_log_tau2_direct_v1,provisional
arf,129,14,2.7019068471111947,29.119989232009065,4.896352110626593,5.8323529850854925,-8.96279912305979,14.36661281728218,cluster_plus_withinstudy,agreement_natural_log_tau2_direct_v1,provisional
arf,130,14,1.4015482862126138,19.288150611373034,2.40763714093899,4.657873737265967,-7.91419918831932,10.717295760744548,cluster_plus_withinstudy,agreement_natural_log_tau2_direct_v1,provisional
arf,131,14,1.0539661640287676,13.550014090335097,2.3811849666588483,3.991390616939658,-6.928815069850549,9.036747397908083,cluster_plus_withinstudy,agreement_natural_log_tau2_direct_v1,provisional
arf,132,14,1.754311978703524,21.911139441583536,4.52954871179178,5.14205096759798,-8.529789956492436,12.038413913899483,cluster_plus_withinstudy,agreement_natural_log_tau2_direct_v1,provisional
arf,133,14,0.6867044952807226,15.89219242954121,1.268271178383302,4.142518993067444,-7.5983334908541655,8.97174248141561,cluster_plus_withinstudy,agreement_natural_log_tau2_direct_v1,provisional
arf,134,14,1.713823372891112,18.518018225932686,2.8310261626489224,4.620502612117171,-7.52718185134323,10.954828597125454,cluster_plus_withinstudy,agreement_natural_log_tau2_direct_v1,provisional
arf,135,14,1.521138732833506,14.949500446586184,2.635563459045863,4.193454888946827,-6.865771045060148,9.908048510727161,cluster_plus_withinstudy,agreement_natural_log_tau2_direct_v1,provisional
arf,136,14,1.8163003476498432,18.57456245407636,3.892274396368965,4.739919498308524,-7.663538648967204,11.29613934426689,cluster_plus_withinstudy,agreement_natural_log_tau2_direct_v1,provisional
arf,137,14,2.8358761904125562,39.15224726885955,6.21093587396951,6.7352196061323095,-10.634563021852063,16.306315402677175,cluster_plus_withinstudy,agreement_natural_log_tau2_direct_v1,provisional
arf,138,14,2.66557437408647,30.462112601501968,6.341911746978409,6.066632043274124,-9.467689712461778,14.798838460634718,cluster_plus_withinstudy,agreement_natural_log_tau2_direct_v1,provisional
arf,139,14,2.031207413524201,38.88963063319948,3.2632911744957633,6.4925281522451055,-10.953848890966011,15.016263718014411,cluster_plus_withinstudy,agreement_natural_log_tau2_direct_v1,provisional
arf,140,14,1.4282437901108402,18.090878881361757,3.109724545205111,4.604411300760051,-7.780578811409263,10.637066391630944,cluster_plus_withinstudy,agreement_natural_log_tau2_direct_v1,provisional
arf,141,14,2.3160377323984243,26.980343811770105,4.132678279266379,5.577904811937587,-8.83977189147675,13.471847356273598,cluster_plus_withinstudy,agreement_natural_log_tau2_direct_v1,provisional
arf,142,14,1.375777179412617,23.60309423299459,3.8212672743186293,5.236827427681116,-9.097877675949615,11.84943203477485,cluster_plus_withinstudy,agreement_natural_log_tau2_direct_v1,provisional
arf,143,14,1.2806468041277546,17.607365421791584,4.030563306376117,4.65165870718905,-8.022670610250344,10.583964218505855,cluster_plus_withinstudy,agreement_natural_log_tau2_direct_v1,provisional
arf,144,14,1.5883923445618842,39.59203483702202,3.6941246322817296,6.579221798153924,-11.570051251745964,14.746835940869731,cluster_plus_withinstudy,agreement_natural_log_tau2_direct_v1,provisional
arf,145,14,3.134172436251869,37.93557239076993,6.500217969429651,6.666017578749667,-10.197862721247464,16.466207593751204,cluster_plus_withinstudy,agreement_natural_log_tau2_direct_v1,provisional
arf,146,14,0.8243017446267341,18.770431691301717,0.5368859505147693,4.394009290137708,-7.9637168356486825,9.61232032490215,cluster_plus_withinstudy,agreement_natural_log_tau2_direct_v1,provisional
arf,147,14,2.799242105324296,33.002005129117656,5.2022258521421,6.180957125013872,-9.562672144703448,15.161156355352041,cluster_plus_withinstudy,agreement_natural_log_tau2_direct_v1,provisional
arf,148,14,0.9509250213889869,15.057182094136028,2.8624522027482975,4.233158902862533,-7.515392784336078,9.417242827114052,cluster_plus_withinstudy,agreement_natural_log_tau2_direct_v1,provisional
arf,149,14,1.2394279821012286,14.505273713346424,3.3505343661175777,4.225613337666379,-7.21179869323153,9.690654657433987,cluster_plus_withinstudy,agreement_natural_log_tau2_direct_v1,provisional
arf,150,14,1.3466064591751752,13.007772510595151,2.6569750344544665,3.957871592794493,-6.569136726413811,9.26234964476416,cluster_plus_withinstudy,agreement_natural_log_tau2_direct_v1,provisional
arf,151,14,1.0837714591809768,22.668633917144277,1.2398888751403088,4.889634218659365,-8.695496978137754,10.863039896499707,cluster_plus_withinstudy,agreement_natural_log_tau2_direct_v1,provisional
arf,152,14,1.473155643798318,24.061569404947402,3.432968544557106,5.243523428907752,-9.013891214017185,11.960202501613821,cluster_plus_withinstudy,agreement_natural_log_tau2_direct_v1,provisional
arf,153,14,1.9275235947882627,19.532116575197517,3.866824548080104,4.837245199829922,-7.7469668048715805,11.602013994448106,cluster_plus_withinstudy,agreement_natural_log_tau2_direct_v1,provisional
arf,154,14,1.7858868323065267,37.76692483731364,2.973165059423705,6.382796401009306,-10.979705969712084,14.551479634325139,cluster_plus_withinstudy,agreement_natural_log_tau2_direct_v1,provisional
arf,155,14,-0.19939271070293738,30.808177693139676,0.8849795264702666,5.629667594060057,-11.458727898823051,11.059942477417176,cluster_plus_withinstudy,agreement_natural_log_tau2_direct_v1,provisional
arf,156,14,0.24850837998495762,11.244478905338593,0.3874258431120338,3.4105578353768795,-6.572607290768802,7.0696240507387165,cluster_plus_withinstudy,agreement_natural_log_tau2_direct_v1,provisional
arf,157,14,1.133339534026635,18.395396183617763,2.706251334241603,4.593652960102599,-8.053966386178562,10.320645454231833,cluster_plus_withinstudy,agreement_natural_log_tau2_direct_v1,provisional
arf,158,14,0.7369406256435242,11.350044962544017,1.8428899767535605,3.632207997802105,-6.527475369960686,8.001356621247734,cluster_plus_withinstudy,agreement_natural_log_tau2_direct_v1,provisional
arf,159,14,1.3711556652927155,20.032928779061823,3.880254218762429,4.890110734720048,-8.409065804147382,11.151377134732812,cluster_plus_withinstudy,agreement_natural_log_tau2_direct_v1,provisional
arf,160,14,1.8278032914548084,38.18077779946602,3.593180113013082,6.4632776447000255,-11.098751997945243,14.75435858085486,cluster_plus_withinstudy,agreement_natural_log_tau2_direct_v1,provisional
arf,161,14,3.2965237898118884,26.94453700731052,5.071774749828207,5.658295835067191,-8.020067880322493,14.613115459946272,cluster_plus_withinstudy,agreement_natural_log_tau2_direct_v1,provisional
arf,162,14,0.4546056691211999,10.808565971951698,1.2963938744133332,3.4792182809310814,-6.503830892740963,7.413042230983363,cluster_plus_withinstudy,agreement_natural_log_tau2_direct_v1,provisional
arf,163,14,2.3655902936133866,36.060636429974075,4.630363367779877,6.3789497409647264,-10.392309188316066,15.12348977554284,cluster_plus_withinstudy,agreement_natural_log_tau2_direct_v1,provisional
arf,164,14,0.9560915315528484,21.26767383371962,1.5109310297280618,4.772693669558909,-8.58929580756497,10.501478870670667,cluster_plus_withinstudy,agreement_natural_log_tau2_direct_v1,provisional
arf,165,14,2.3116388302031776,22.239509407420076,2.548065288936824,4.978712152390104,-7.64578547457703,12.269063134983385,cluster_plus_withinstudy,agreement_natural_log_tau2_direct_v1,provisional
arf,166,14,1.684601457405472,13.939041790254779,3.1220426031682433,4.130506554095154,-6.576411650784836,9.94561456559578,cluster_plus_withinstudy,agreement_natural_log_tau2_direct_v1,provisional
arf,167,14,2.7586400671115157,27.649422696187298,5.941761403805463,5.7957902049671155,-8.832940342822715,14.350220477045747,cluster_plus_withinstudy,agreement_natural_log_tau2_direct_v1,provisional
arf,168,14,1.708688726592396,27.56178111372954,4.713115799854747,5.6810999739121195,-9.653511221231843,13.070888674416635,cluster_plus_withinstudy,agreement_natural_log_tau2_direct_v1,provisional
arf,169,14,1.4923170561499524,11.942929496248,2.454422436141128,3.7943842626161532,-6.096451469082354,9.08108558138226,cluster_plus_withinstudy,agreement_natural_log_tau2_direct_v1,provisional
arf,170,14,0.7209974794797693,19.311921741049076,3.7266009521307493,4.799846111406055,-8.878694743332339,10.32068970229188,cluster_plus_withinstudy,agreement_natural_log_tau2_direct_v1,provisional
arf,171,14,1.738471572582467,21.293168816149254,0.9421549399748113,4.715434630670228,-7.692397688757989,11.169340833922924,cluster_plus_withinstudy,agreement_natural_log_tau2_direct_v1,provisional
arf,172,14,1.4574713494182745,33.29041302000745,4.174009503465231,6.120818778845905,-10.784166208273536,13.699108907110084,cluster_plus_withinstudy,agreement_natural_log_tau2_direct_v1,provisional
arf,173,14,0.6403518049502334,12.338327784753165,1.9038520403833916,3.773881268023221,-6.907410731096209,8.188114340996675,cluster_plus_withinstudy,agreement_natural_log_tau2_direct_v1,provisional
arf,174,14,2.9497389120844413,49.78460150405847,7.650098642232307,7.578568476057387,-12.207398040030332,18.106875864199214,cluster_plus_withinstudy,agreement_natural_log_tau2_direct_v1,provisional
arf,175,14,2.1614824703357742,27.885754899159952,3.9386008513581103,5.641307982242953,-9.121133494150133,13.44409843482168,cluster_plus_withinstudy,agreement_natural_log_tau2_direct_v1,provisional
arf,176,14,1.2644792431411327,25.145880553592903,8.155943731143843,5.770773283082324,-10.277067323023516,12.80602580930578,cluster_plus_withinstudy,agreement_natural_log_tau2_direct_v1,provisional
arf,177,14,0.6598802447379083,23.97074300449093,4.287907542742886,5.315886619110101,-9.971892993482294,11.29165348295811,cluster_plus_withinstudy,agreement_natural_log_tau2_direct_v1,provisional
arf,178,14,0.6265017166975252,28.116154374123365,1.8444502364107687,5.473628103053233,-10.320754489408941,11.573757922803992,cluster_plus_withinstudy,agreement_natural_log_tau2_direct_v1,provisional
arf,179,14,1.98101109939579,15.793080630321223,2.978405768443975,4.332607344171082,-6.6842035889463745,10.646225787737954,cluster_plus_withinstudy,agreement_natural_log_tau2_direct_v1,provisional
arf,180,14,0.7825135624485946,16.816988432847236,1.040238219817181,4.225781188450772,-7.66904881445295,9.234075939350138,cluster_plus_withinstudy,agreement_natural_log_tau2_direct_v1,provisional
arf,181,14,2.3785742391031532,38.48384015277471,6.542234491982508,6.7101471403209345,-11.041720041538715,15.798868519745023,cluster_plus_withinstudy,agreement_natural_log_tau2_direct_v1,provisional
arf,182,14,1.3118397630723788,33.001556184166944,5.13671098549997,6.175618768161367,-11.039397773250354,13.663077299395113,cluster_plus_withinstudy,agreement_natural_log_tau2_direct_v1,provisional
arf,183,14,0.8883462535323686,18.386568292461494,0.7241955997276427,4.371585969895724,-7.85482568625908,9.631518193323817,cluster_plus_withinstudy,agreement_natural_log_tau2_direct_v1,provisional
arf,184,14,1.4636301160001155,27.303197614583286,3.826259975977898,5.579377885621406,-9.695125655242695,12.622385887242928,cluster_plus_withinstudy,agreement_natural_log_tau2_direct_v1,provisional
arf,185,14,1.1393020378510088,15.202544528899118,2.1794633595102466,4.169173525821319,-7.199045013791629,9.477649089493646,cluster_plus_withinstudy,agreement_natural_log_tau2_direct_v1,provisional
arf,186,14,2.0723148607555504,16.928313258941543,2.307782032697853,4.385897318866391,-6.699479776977231,10.844109498488333,cluster_plus_withinstudy,agreement_natural_log_tau2_direct_v1,provisional
arf,187,14,2.1557984518499858,29.310489019921793,3.2401689528885163,5.705318393640297,-9.254838335430609,13.56643523913058,cluster_plus_withinstudy,agreement_natural_log_tau2_direct_v1,provisional
arf,188,14,1.349443936233279,18.044799254784575,1.4106451585289157,4.410832621321454,-7.472221306409629,10.171109178876186,cluster_plus_withinstudy,agreement_natural_log_tau2_direct_v1,provisional
arf,189,14,1.4377520295230142,20.21117699210797,3.2596673562391083,4.844671748255714,-8.251591466988414,11.127095526034443,cluster_plus_withinstudy,agreement_natural_log_tau2_direct_v1,provisional
arf,190,14,3.3258201839264343,28.564176741125035,6.370795566524416,5.910581384910409,-8.495342585894385,15.146982953747251,cluster_plus_withinstudy,agreement_natural_log_tau2_direct_v1,provisional
arf,191,14,1.211926658620993,20.30627203770816,0.7912530910278804,4.5932042332924885,-7.9744818079639845,10.39833512520597,cluster_plus_withinstudy,agreement_natural_log_tau2_direct_v1,provisional
arf,192,14,1.4123821712008624,22.521325719912298,4.011213735266215,5.150974612165984,-8.889567053131106,11.714331395532831,cluster_plus_withinstudy,agreement_natural_log_tau2_direct_v1,provisional
arf,193,14,1.7222484003807987,39.86628491149853,4.44717140508272,6.656835307905796,-11.591422215430793,15.035919016192391,cluster_plus_withinstudy,agreement_natural_log_tau2_direct_v1,provisional
arf,194,14,2.733521804757598,55.5481039226169,6.986772970089254,7.907899651153026,-13.082277497548453,18.54932110706365,cluster_plus_withinstudy,agreement_natural_log_tau2_direct_v1,provisional
arf,195,14,1.2146029306508996,16.765004085684875,2.7622531393847676,4.418965628410074,-7.623328326169249,10.052534187471048,cluster_plus_withinstudy,agreement_natural_log_tau2_direct_v1,provisional
arf,196,14,1.7866219889340613,21.327296713126117,1.7608672972464272,4.8050144651574715,-7.823406941380882,11.396650919249005,cluster_plus_withinstudy,agreement_natural_log_tau2_direct_v1,provisional
arf,197,14,2.496708926503907,20.59411739587352,3.3490247871560324,4.893173017892332,-7.289637109280758,12.28305496228857,cluster_plus_withinstudy,agreement_natural_log_tau2_direct_v1,provisional
arf,198,14,1.1146928504329126,14.470140244559312,2.2972443881168663,4.0947997060511,-7.074906561669288,9.304292262535114,cluster_plus_withinstudy,agreement_natural_log_tau2_direct_v1,provisional
arf,199,14,0.9032053658123226,14.885068885157692,3.422575523161565,4.278743321153917,-7.654281276495512,9.460692008120157,cluster_plus_withinstudy,agreement_natural_log_tau2_direct_v1,provisional
arf,200,14,0.626113678918281,14.836390850445023,1.0459889100898807,3.9852703497422737,-7.3444270205662665,8.596654378402828,cluster_plus_withinstudy,agreement_natural_log_tau2_direct_v1,provisional
arf,201,14,1.6074570646504305,27.706799883147674,4.673340328816803,5.690355016338126,-9.77325296802582,12.988167097326683,cluster_plus_withinstudy,agreement_natural_log_tau2_direct_v1,provisional
arf,202,14,1.9770829810996051,21.414580407474723,2.662639581859766,4.906854388438125,-7.836625795776645,11.790791757975855,cluster_plus_withinstudy,agreement_natural_log_tau2_direct_v1,provisional
arf,203,14,1.4106569568578196,13.6092402405477,2.1323837382239357,3.967571546774127,-6.5244861366904345,9.345800050406073,cluster_plus_withinstudy,agreement_natural_log_tau2_direct_v1,provisional
arf,204,14,1.6905950397578984,17.13774435418945,3.2638775459148617,4.516815460045309,-7.343035880332719,10.724225959848516,cluster_plus_withinstudy,agreement_natural_log_tau2_direct_v1,provisional
arf,205,14,2.1548877649489184,41.6284282132756,9.672725914723099,7.162482399838669,-12.170077034728418,16.479852564626256,cluster_plus_withinstudy,agreement_natural_log_tau2_direct_v1,provisional
arf,206,14,1.0239984844125136,24.222506355422958,4.774396934729971,5.38487727716732,-9.745756069922125,11.793753038747154,cluster_plus_withinstudy,agreement_natural_log_tau2_direct_v1,provisional
arf,207,14,1.428193631607865,28.856348283531023,4.352721770244127,5.762731128013448,-10.097268624419032,12.953655887634762,cluster_plus_withinstudy,agreement_natural_log_tau2_direct_v1,provisional
arf,208,14,1.4859512358675546,17.47795674002454,2.48967913702379,4.468516071029434,-7.451080906191313,10.422983377926423,cluster_plus_withinstudy,agreement_natural_log_tau2_direct_v1,provisional
arf,209,14,1.81891301037595,23.322923068264355,1.2826956749199467,4.960405098697515,-8.10189718701908,11.739723207770979,cluster_plus_withinstudy,agreement_natural_log_tau2_direct_v1,provisional
arf,210,14,0.5305021703651472,24.612282198979834,3.627972566317305,5.314156072726613,-10.097809975088078,11.158814315818374,cluster_plus_withinstudy,agreement_natural_log_tau2_direct_v1,provisional
arf,211,14,2.1575940216131047,24.39502988476835,2.5086621895527994,5.186876909501627,-8.216159797390148,12.531347840616359,cluster_plus_withinstudy,agreement_natural_log_tau2_direct_v1,provisional
arf,212,14,1.4556041040958843,14.078337984665376,1.44931606183242,3.9405144393210634,-6.425424774546243,9.336632982738012,cluster_plus_withinstudy,agreement_natural_log_tau2_direct_v1,provisional
arf,213,14,2.1966458441028407,35.40199955459011,3.288094232391484,6.220136155019567,-10.243626465936293,14.636918154141975,cluster_plus_withinstudy,agreement_natural_log_tau2_direct_v1,provisional
arf,214,14,1.1414707356796463,26.301387419254525,2.5301398871217575,5.36949972589405,-9.597528716108453,11.880470187467747,cluster_plus_withinstudy,agreement_natural_log_tau2_direct_v1,provisional
arf,215,14,1.6076382170755434,30.572288179886055,4.297074012472084,5.905028551358422,-10.2024188856413,13.417695319792386,cluster_plus_withinstudy,agreement_natural_log_tau2_direct_v1,provisional
arf,216,14,0.7565144138643308,25.828263360042733,0.9006018564573036,5.169996636024054,-9.583478858183778,11.096507685912439,cluster_plus_withinstudy,agreement_natural_log_tau2_direct_v1,provisional
arf,217,14,1.9236314490609574,14.844585716732892,1.7988820714169105,4.079640644486939,-6.23564983991292,10.082912738034835,cluster_plus_withinstudy,agreement_natural_log_tau2_direct_v1,provisional
arf,218,14,0.6852572618575217,22.421066434382222,1.2746648484583347,4.867826135231265,-9.050395008605008,10.420909532320053,cluster_plus_withinstudy,agreement_natural_log_tau2_direct_v1,provisional
arf,219,14,0.8825891383653844,13.635553025675947,1.058591385268786,3.8332941983292557,-6.783999258293127,8.549177535023896,cluster_plus_withinstudy,agreement_natural_log_tau2_direct_v1,provisional
arf,220,14,1.8171910978446326,28.007806789112244,6.048469469976148,5.835775549067012,-9.854360000289391,13.488742195978658,cluster_plus_withinstudy,agreement_natural_log_tau2_direct_v1,provisional
arf,221,14,1.0052421045376703,22.622071876173585,3.8322303364703147,5.143374593848274,-9.281507083158878,11.291991292234218,cluster_plus_withinstudy,agreement_natural_log_tau2_direct_v1,provisional
arf,222,14,1.9444184923815317,17.346768367693393,1.924581426450268,4.389914554310102,-6.835410616238672,10.724247601001736,cluster_plus_withinstudy,agreement_natural_log_tau2_direct_v1,provisional
arf,223,14,1.7790799679036704,20.20567122271501,3.7085486023529777,4.890216746225875,-8.00135352454808,11.559513460355422,cluster_plus_withinstudy,agreement_natural_log_tau2_direct_v1,provisional
arf,224,14,2.9326137346112677,32.53662381919467,6.268011237641265,6.22933664661302,-9.526059558614772,15.391287027837308,cluster_plus_withinstudy,agreement_natural_log_tau2_direct_v1,provisional
arf,225,14,1.1501622850378526,17.874636087132842,2.002197320598585,4.458344245090482,-7.766526205143112,10.066850775218818,cluster_plus_withinstudy,agreement_natural_log_tau2_direct_v1,provisional
arf,226,14,1.1928283979414227,14.599648666601016,1.299430066255311,3.987364885843322,-6.781901373745222,9.167558169628068,cluster_plus_withinstudy,agreement_natural_log_tau2_direct_v1,provisional
arf,227,14,2.131130776088554,22.36024161004671,3.287554607193632,5.064365332126064,-7.997599888163574,12.259861440340682,cluster_plus_withinstudy,agreement_natural_log_tau2_direct_v1,provisional
arf,228,14,1.9190344677155695,18.147377193824898,4.008165660997399,4.706967479686076,-7.494900491656583,11.332969427087722,cluster_plus_withinstudy,agreement_natural_log_tau2_direct_v1,provisional
arf,229,14,0.8525513984184016,16.632086799303952,1.9982020762309805,4.316281834581117,-7.780012270743833,9.485115067580637,cluster_plus_withinstudy,agreement_natural_log_tau2_direct_v1,provisional
arf,230,14,1.7926327712193306,51.268267164889124,5.496814903949377,7.534260552226642,-13.275888333233953,16.861153875672613,cluster_plus_withinstudy,agreement_natural_log_tau2_direct_v1,provisional
arf,231,14,1.336302923053613,36.30153574724924,8.429444667092637,6.688122338470034,-12.039941753886456,14.71254759999368,cluster_plus_withinstudy,agreement_natural_log_tau2_direct_v1,provisional
arf,232,14,2.0426961591316406,18.51616712104909,3.857976008356949,4.7301314072027685,-7.417566655273896,11.502958973537178,cluster_plus_withinstudy,agreement_natural_log_tau2_direct_v1,provisional
arf,233,14,1.6058014662848024,14.005559020537913,3.515717825781957,4.185842429705145,-6.765883393125488,9.977486325695093,cluster_plus_withinstudy,agreement_natural_log_tau2_direct_v1,provisional
arf,234,14,0.528859249780642,13.535588258233666,0.4150557592474396,3.7350560929497574,-6.941252936118873,7.998971435680157,cluster_plus_withinstudy,agreement_natural_log_tau2_direct_v1,provisional
arf,235,14,1.419910091471001,28.130636372260376,2.1854138860512182,5.506001294797486,-9.592092498123971,12.431912681065974,cluster_plus_withinstudy,agreement_natural_log_tau2_direct_v1,provisional
arf,236,14,3.079517495887533,26.712497388980303,6.855222454281633,5.793765601339247,-8.508013706790962,14.667048698566028,cluster_plus_withinstudy,agreement_natural_log_tau2_direct_v1,provisional
arf,237,14,1.1577261480661767,26.424045481846957,1.3447093827457766,5.26960670872056,-9.381487269374944,11.696939565507297,cluster_plus_withinstudy,agreement_natural_log_tau2_direct_v1,provisional
arf,238,14,1.2100997775582312,15.97374073653162,1.4235508820428822,4.171006067913892,-7.1319123582695525,9.552111913386014,cluster_plus_withinstudy,agreement_natural_log_tau2_direct_v1,provisional
arf,239,14,1.688561293193183,35.89973695769217,5.080121851419422,6.401551281456049,-11.114541269718915,14.491663856105282,cluster_plus_withinstudy,agreement_natural_log_tau2_direct_v1,provisional
arf,240,14,1.594018585223994,35.80928452634998,3.7988161271882253,6.293496695283013,-10.992974805342032,14.18101197579002,cluster_plus_withinstudy,agreement_natural_log_tau2_direct_v1,provisional
arf,241,14,3.0015897001826364,34.29277994242484,7.647899170941787,6.476162375463313,-9.95073505074399,15.953914451109263,cluster_plus_withinstudy,agreement_natural_log_tau2_direct_v1,provisional
arf,242,14,2.0931335682642724,43.03060336146326,3.320011072764528,6.808128555941624,-11.523123543618976,15.709390680147521,cluster_plus_withinstudy,agreement_natural_log_tau2_direct_v1,provisional
arf,243,14,1.8194748234788038,22.36841738523495,1.0719497136816885,4.84152528640682,-7.863575749334836,11.502525396292445,cluster_plus_withinstudy,agreement_natural_log_tau2_direct_v1,provisional
arf,244,14,0.6047747126614997,12.561758835264119,1.6983077072742723,3.776250328373159,-6.9477259440848185,8.157275369407818,cluster_plus_withinstudy,agreement_natural_log_tau2_direct_v1,provisional
arf,245,14,1.5578157183215366,19.39269531845517,2.6540449386486125,4.69539564436308,-7.8329755704046224,10.948607007047697,cluster_plus_withinstudy,agreement_natural_log_tau2_direct_v1,provisional
arf,246,14,2.0402985072976905,25.232763110165283,6.359602663637828,5.620708654058054,-9.201118800818419,13.281715815413799,cluster_plus_withinstudy,agreement_natural_log_tau2_direct_v1,provisional
arf,247,14,2.086569659468202,21.45612958274442,5.30964659362653,5.173565132128033,-8.260560604787864,12.433699923724268,cluster_plus_withinstudy,agreement_natural_log_tau2_direct_v1,provisional
arf,248,14,1.1179840662011822,16.859928776076668,2.5587750516872183,4.406665840265618,-7.695347614330054,9.93131574673242,cluster_plus_withinstudy,agreement_natural_log_tau2_direct_v1,provisional
arf,249,14,0.7452134114391855,25.013825198049776,1.037376819751815,5.104037815083426,-9.462862218727665,10.953289041606038,cluster_plus_withinstudy,agreement_natural_log_tau2_direct_v1,provisional
arf,250,14,1.2405319533663228,24.34180022722598,7.4128772080436605,5.6351288747702695,-10.029725796174215,12.510789702906862,cluster_plus_withinstudy,agreement_natural_log_tau2_direct_v1,provisional
arf,251,14,1.5527996024285995,40.1746846644771,2.6742881152998756,6.54591267737181,-11.53902575231502,14.64462495717222,cluster_plus_withinstudy,agreement_natural_log_tau2_direct_v1,provisional
arf,252,14,0.9731642260405552,27.141486648166502,1.6014471163504047,5.361243677032122,-9.749323128023688,11.6956515801048,cluster_plus_withinstudy,agreement_natural_log_tau2_direct_v1,provisional
arf,253,14,2.626112566815767,24.805435894720013,2.087404268582647,5.185830711014645,-7.7455488552135225,12.997773988845056,cluster_plus_withinstudy,agreement_natural_log_tau2_direct_v1,provisional
arf,254,14,1.8172567105803497,21.38454695929927,3.1156004522697076,4.949762359100584,-8.082268007620819,11.716781428781516,cluster_plus_withinstudy,agreement_natural_log_tau2_direct_v1,provisional
arf,255,14,2.6272621087706556,46.46190354704053,3.4675539380173097,7.066077942186729,-11.504893775602802,16.759417993144112,cluster_plus_withinstudy,agreement_natural_log_tau2_direct_v1,provisional
arf,256,14,2.3785648330172626,56.460331914314246,3.428540124310537,7.738790088807473,-13.099015344597683,17.856145010632208,cluster_plus_withinstudy,agreement_natural_log_tau2_direct_v1,provisional
arf,257,14,2.956980503642247,39.373389738598895,7.45855562480076,6.843386980392067,-10.729793457141886,16.64375446442638,cluster_plus_withinstudy,agreement_natural_log_tau2_direct_v1,provisional
arf,258,14,1.0020945229651934,12.720084906657283,1.0741869212434083,3.714064058131024,-6.426033593296855,8.430222639227242,cluster_plus_withinstudy,agreement_natural_log_tau2_direct_v1,provisional
arf,259,14,1.5781090886120668,24.53729286764234,3.50120306190103,5.295138896152146,-9.012168703692225,12.168386880916358,cluster_plus_withinstudy,agreement_natural_log_tau2_direct_v1,provisional
arf,260,14,1.442167305820438,27.998340927102994,7.406767082406019,5.950219156426846,-10.458271007033254,13.342605618674131,cluster_plus_withinstudy,agreement_natural_log_tau2_direct_v1,provisional
arf,261,14,1.3214346840980813,25.738202410621053,1.001937562247907,5.171086923739434,-9.020739163380787,11.66360853157695,cluster_plus_withinstudy,agreement_natural_log_tau2_direct_v1,provisional
arf,262,14,1.777948661518809,17.013386793398634,2.6125443030261053,4.4301163750430685,-7.082284088567328,10.638181411604947,cluster_plus_withinstudy,agreement_natural_log_tau2_direct_v1,provisional
arf,263,14,2.0498191737859104,23.15064000008744,4.757198493932864,5.282787000629526,-8.515754827473142,12.61539317504496,cluster_plus_withinstudy,agreement_natural_log_tau2_direct_v1,provisional
arf,264,14,2.5560376304882753,27.17256152648771,3.191707384687839,5.510378291113556,-8.464718951738837,13.576794212715386,cluster_plus_withinstudy,agreement_natural_log_tau2_direct_v1,provisional
arf,265,14,2.5225825162722533,18.63286775247093,3.3171582132232995,4.6850854811512495,-6.847588446030246,11.892753478574752,cluster_plus_withinstudy,agreement_natural_log_tau2_direct_v1,provisional
arf,266,14,-0.2714912570781602,28.492682348283964,0.609592411044948,5.394652422476254,-11.060796102030668,10.517813587874347,cluster_plus_withinstudy,agreement_natural_log_tau2_direct_v1,provisional
arf,267,14,2.123440166835368,17.576290272729835,6.102788444616306,4.866115362108274,-7.608790557381179,11.855670891051915,cluster_plus_withinstudy,agreement_natural_log_tau2_direct_v1,provisional
arf,268,14,3.2326646737789346,35.03256013048544,4.591634362868679,6.29477517417057,-9.356885674562205,15.822215022120075,cluster_plus_withinstudy,agreement_natural_log_tau2_direct_v1,provisional
arf,269,14,1.4572086612047164,37.32034703030425,6.594918786122714,6.626859423318632,-11.796510185432549,14.71092750784198,cluster_plus_withinstudy,agreement_natural_log_tau2_direct_v1,provisional
arf,270,14,1.78005101601611,38.26329932531297,4.062270619530849,6.505810475632058,-11.231569935248006,14.791671967280225,cluster_plus_withinstudy,agreement_natural_log_tau2_direct_v1,provisional
arf,271,14,1.2988905605690857,14.241655962477825,1.8033756044005147,4.005624990794613,-6.71235942102014,9.310140542158312,cluster_plus_withinstudy,agreement_natural_log_tau2_direct_v1,provisional
arf,272,14,1.7002983623647645,31.619947440450865,1.954913349970594,5.794381829878098,-9.888465297391432,13.28906202212096,cluster_plus_withinstudy,agreement_natural_log_tau2_direct_v1,provisional
arf,273,14,0.8877693343551778,21.264942515259467,3.4551281736252015,4.971928266667236,-9.056087198979295,10.831625867689649,cluster_plus_withinstudy,agreement_natural_log_tau2_direct_v1,provisional
arf,274,14,1.0234597503213634,20.315401744598866,1.4491566625336838,4.665250090523824,-8.307040430726286,10.353959931369012,cluster_plus_withinstudy,agreement_natural_log_tau2_direct_v1,provisional
arf,275,14,1.7304321241847567,24.867070056430308,4.02671855243175,5.375294281140527,-9.020156438096297,12.481020686465811,cluster_plus_withinstudy,agreement_natural_log_tau2_direct_v1,provisional
arf,276,14,1.787514984361136,18.158282148611484,2.6746349763726855,4.564309052308374,-7.341103120255612,10.916133088977885,cluster_plus_withinstudy,agreement_natural_log_tau2_direct_v1,provisional
arf,277,14,1.4330913182757978,21.408113458815347,2.735581456389895,4.913623399814565,-8.394155481353332,11.260338117904928,cluster_plus_withinstudy,agreement_natural_log_tau2_direct_v1,provisional
arf,278,14,1.0843909568786054,18.98314583139897,4.820382784205486,4.87888600149711,-8.673381046115614,10.842162959872825,cluster_plus_withinstudy,agreement_natural_log_tau2_direct_v1,provisional
arf,279,14,1.7441199781979295,33.34357349640269,5.476504466175155,6.230576053831447,-10.717032129464965,14.205272085860823,cluster_plus_withinstudy,agreement_natural_log_tau2_direct_v1,provisional
arf,280,14,1.1820580163183299,24.277554169989717,1.4975177273049962,5.076915588947163,-8.971773161575996,11.335889194212655,cluster_plus_withinstudy,agreement_natural_log_tau2_direct_v1,provisional
arf,281,14,1.2275104258435754,13.55214577597661,2.02931583308132,3.9473360142072944,-6.667161602571014,9.122182454258164,cluster_plus_withinstudy,agreement_natural_log_tau2_direct_v1,provisional
arf,282,14,1.4355115227524573,31.0899513201549,2.2854625209750656,5.777145821348978,-10.118780119945498,12.989803165450414,cluster_plus_withinstudy,agreement_natural_log_tau2_direct_v1,provisional
arf,283,14,1.748792717512897,21.073751423460426,2.8227859316844213,4.888408468524786,-8.028024219536675,11.52560965456247,cluster_plus_withinstudy,agreement_natural_log_tau2_direct_v1,provisional
arf,284,14,1.4328458529826655,35.98338976355847,5.051432335025066,6.405842809387655,-11.378839765792645,14.244531471757977,cluster_plus_withinstudy,agreement_natural_log_tau2_direct_v1,provisional
arf,285,14,2.0100638756164413,18.69931449015128,2.7776072057272057,4.634319982033879,-7.258576088451316,11.278703839684198,cluster_plus_withinstudy,agreement_natural_log_tau2_direct_v1,provisional
arf,286,14,2.253728680346866,16.715172627126176,2.737889025230675,4.410562509743723,-6.567396339140581,11.074853699834312,cluster_plus_withinstudy,agreement_natural_log_tau2_direct_v1,provisional
arf,287,14,1.5378606929343241,12.998933055925665,2.855392909770873,3.981749108833521,-6.425637524732718,9.501358910601367,cluster_plus_withinstudy,agreement_natural_log_tau2_direct_v1,provisional
arf,288,14,0.9575287562147875,29.91546705426052,2.4839834640732175,5.692051521054051,-10.426574285893315,12.341631798322888,cluster_plus_withinstudy,agreement_natural_log_tau2_direct_v1,provisional
arf,289,14,1.3054465992537643,34.548537510312386,7.100830976702599,6.453632193347788,-11.601817787441812,14.212710985949341,cluster_plus_withinstudy,agreement_natural_log_tau2_direct_v1,provisional
arf,290,14,1.959285336397883,35.99640313377735,9.069008927780926,6.713077689224092,-11.466870042050301,15.385440714846068,cluster_plus_withinstudy,agreement_natural_log_tau2_direct_v1,provisional
arf,291,14,1.133833139959579,14.223580918545617,1.2226794605367375,3.9301730724081803,-6.726513004856781,8.994179284775939,cluster_plus_withinstudy,agreement_natural_log_tau2_direct_v1,provisional
arf,292,14,1.352839859972933,21.536485797839198,4.942712259403709,5.145794210541547,-8.938748561110161,11.644428281056028,cluster_plus_withinstudy,agreement_natural_log_tau2_direct_v1,provisional
arf,293,14,2.444053476038288,18.70367414808953,3.9266406848631337,4.757133047640424,-7.070212619242559,11.958319571319135,cluster_plus_withinstudy,agreement_natural_log_tau2_direct_v1,provisional
arf,294,14,1.2547645604539912,21.617528900639908,1.2166210357878462,4.778509175090883,-8.302253789727775,10.811782910635756,cluster_plus_withinstudy,agreement_natural_log_tau2_direct_v1,provisional
arf,295,14,1.3056245834161555,33.50613163435011,4.2640415430118495,6.145744314349725,-10.985864045283293,13.597113212115605,cluster_plus_withinstudy,agreement_natural_log_tau2_direct_v1,provisional
arf,296,14,0.35797797428423983,23.32327048419365,1.0444709829546126,4.936369259602473,-9.514760544920707,10.230716493489185,cluster_plus_withinstudy,agreement_natural_log_tau2_direct_v1,provisional
arf,297,14,1.7383859379143705,16.245561655778275,1.4537059879076957,4.2070497553138075,-6.675713572713245,10.152485448541986,cluster_plus_withinstudy,agreement_natural_log_tau2_direct_v1,provisional
arf,298,14,1.8985048453593816,30.604095578795597,3.469314809714939,5.837243389521336,-9.77598193368329,13.572991624402054,cluster_plus_withinstudy,agreement_natural_log_tau2_direct_v1,provisional
arf,299,14,1.6091009788669128,20.859046080972995,1.9211508616179125,4.772860457062506,-7.936619935258099,11.154821892991924,cluster_plus_withinstudy,agreement_natural_log_tau2_direct_v1,provisional
arf,300,14,0.5986585242967631,22.87601075960515,2.8240043032092026,5.0695182278806685,-9.540377931464574,10.7376949800581,cluster_plus_withinstudy,agreement_natural_log_tau2_direct_v1,provisional
arf,301,14,2.6638898740037873,41.384100622819425,6.1561256417077885,6.894942078402632,-11.125994282801477,16.45377403080905,cluster_plus_withinstudy,agreement_natural_log_tau2_direct_v1,provisional
arf,302,14,2.331260301612086,30.79441834041663,3.2724349095668708,5.836681698532438,-9.342103095452789,14.004623698676962,cluster_plus_withinstudy,agreement_natural_log_tau2_direct_v1,provisional
arf,303,14,0.7573085740807598,18.96243944550813,0.6794873164400883,4.4319213397744575,-8.106534105468155,9.621151253629675,cluster_plus_withinstudy,agreement_natural_log_tau2_direct_v1,provisional
arf,304,14,2.0117512776953888,20.919165046602657,2.9530118619244816,4.885916179032049,-7.760081080368709,11.783583635759486,cluster_plus_withinstudy,agreement_natural_log_tau2_direct_v1,provisional
arf,305,14,0.5586463441918227,19.730653606831517,0.9344658455980492,4.54589039159872,-8.533134439005616,9.650427127389262,cluster_plus_withinstudy,agreement_natural_log_tau2_direct_v1,provisional
arf,306,14,2.499289720204182,26.295718935717446,3.9811109473332342,5.502438539688624,-8.505587359173067,13.50416679958143,cluster_plus_withinstudy,agreement_natural_log_tau2_direct_v1,provisional
arf,307,14,1.1527775332203634,33.7298794149838,2.352687681132699,6.006876650649362,-10.860975768078362,13.166530834519087,cluster_plus_withinstudy,agreement_natural_log_tau2_direct_v1,provisional
arf,308,14,1.677174227531523,30.73943659007099,1.8190156701035902,5.706001424831103,-9.734828622130683,13.08917707719373,cluster_plus_withinstudy,agreement_natural_log_tau2_direct_v1,provisional
arf,309,14,1.459751786368299,19.57184650698258,2.8848958704169134,4.738854542756033,-8.017957299143767,10.937460871880365,cluster_plus_withinstudy,agreement_natural_log_tau2_direct_v1,provisional
arf,310,14,2.9844692849382937,47.920239911007776,5.23662653815047,7.290875561217476,-11.597281837496658,17.566220407373244,cluster_plus_withinstudy,agreement_natural_log_tau2_direct_v1,provisional
arf,311,14,1.1575642128711374,37.71217151279669,2.9004173796512767,6.372800710240981,-11.588037207610824,13.903165633353101,cluster_plus_withinstudy,agreement_natural_log_tau2_direct_v1,provisional
arf,312,14,-0.1529002636958081,18.835197482499343,1.590463310504979,4.519475721032731,-9.19185170576127,8.886051178369655,cluster_plus_withinstudy,agreement_natural_log_tau2_direct_v1,provisional
arf,313,14,2.358178847554122,19.744633800821408,5.011175599835676,4.975521018009781,-7.59286318846544,12.309220883573683,cluster_plus_withinstudy,agreement_natural_log_tau2_direct_v1,provisional
arf,314,14,1.542114960377616,25.39623726196076,4.212232592168979,5.4413665428943245,-9.340618125411034,12.424848046166264,cluster_plus_withinstudy,agreement_natural_log_tau2_direct_v1,provisional
arf,315,14,0.7298784874727186,19.52586637815266,2.7285146805400355,4.717454934463359,-8.705031381453999,10.164788356399438,cluster_plus_withinstudy,agreement_natural_log_tau2_direct_v1,provisional
arf,316,14,2.6829859995255094,36.10084941451966,7.410690556759699,6.596327764088088,-10.509669528650667,15.875641527701687,cluster_plus_withinstudy,agreement_natural_log_tau2_direct_v1,provisional
arf,317,14,2.0956737524985405,36.3147698805783,4.046064081149955,6.353017705132597,-10.610361657766653,14.801709162763736,cluster_plus_withinstudy,agreement_natural_log_tau2_direct_v1,provisional
arf,318,14,2.435542569419273,32.7910288072644,4.015579155924466,6.066844976030693,-9.698147382642114,14.569232521480659,cluster_plus_withinstudy,agreement_natural_log_tau2_direct_v1,provisional
arf,319,14,2.1631522330540167,19.89120735435201,3.4874383089907695,4.835146912281236,-7.507141591508455,11.83344605761649,cluster_plus_withinstudy,agreement_natural_log_tau2_direct_v1,provisional
arf,320,14,2.70745329796877,35.92564372563439,10.770937932732796,6.833489713050513,-10.959526128132255,16.374432724069795,cluster_plus_withinstudy,agreement_natural_log_tau2_direct_v1,provisional
arf,321,14,0.700238737208059,14.137016235558598,1.4705232404437674,3.9506378568532914,-7.201036976498524,8.601514450914642,cluster_plus_withinstudy,agreement_natural_log_tau2_direct_v1,provisional
arf,322,14,2.177782884253489,24.894201592972514,5.810239378179857,5.541158811219217,-8.904534738184946,13.260100506691924,cluster_plus_withinstudy,agreement_natural_log_tau2_direct_v1,provisional
arf,323,14,1.6528194246578733,17.350603530662013,2.9864110910744146,4.509657927352853,-7.366496430047833,10.67213527936358,cluster_plus_withinstudy,agreement_natural_log_tau2_direct_v1,provisional
arf,324,14,0.9732236337860632,18.887728209738707,1.0025241333768615,4.459848914830587,-7.946474195875111,9.892921463447237,cluster_plus_withinstudy,agreement_natural_log_tau2_direct_v1,provisional
arf,325,14,1.6739953797177005,20.460248586459898,2.9602901442076246,4.839477113353004,-8.004958846988307,11.352949606423708,cluster_plus_withinstudy,agreement_natural_log_tau2_direct_v1,provisional
arf,326,14,2.7889006922799013,28.298809429965033,5.7998855672871095,5.839408788332269,-8.889916884384638,14.46771826894444,cluster_plus_withinstudy,agreement_natural_log_tau2_direct_v1,provisional
arf,327,14,1.3552979820780984,34.811574607435,5.720624391262021,6.3664903203175465,-11.377682658556994,14.088278622713192,cluster_plus_withinstudy,agreement_natural_log_tau2_direct_v1,provisional
arf,328,14,0.896146388438193,17.332002045335674,1.6262719787144138,4.354110015152361,-7.812073641866528,9.604366418742915,cluster_plus_withinstudy,agreement_natural_log_tau2_direct_v1,provisional
arf,329,14,2.459441849673458,19.51776065930353,3.511881750751808,4.798920963097364,-7.138400076521271,12.057283775868186,cluster_plus_withinstudy,agreement_natural_log_tau2_direct_v1,provisional
arf,330,14,1.2926250196919997,25.49410481727761,6.60136839681967,5.665286684193244,-10.037948348694488,12.623198388078489,cluster_plus_withinstudy,agreement_natural_log_tau2_direct_v1,provisional
arf,331,14,0.7263019513934955,17.565175016547254,1.8997937096157222,4.411912139442826,-8.097522327492158,9.550126230279147,cluster_plus_withinstudy,agreement_natural_log_tau2_direct_v1,provisional
arf,332,14,2.110535942628561,15.510667211477552,2.2478428449214483,4.214084723448142,-6.317633504267723,10.538705389524845,cluster_plus_withinstudy,agreement_natural_log_tau2_direct_v1,provisional
arf,333,14,0.6817335448030571,15.507427030525598,1.5961459225484877,4.135646618495599,-7.589559692188141,8.953026781794255,cluster_plus_withinstudy,agreement_natural_log_tau2_direct_v1,provisional
arf,334,14,2.0240277214303295,21.73591628888754,5.081393899352329,5.17854324962531,-8.333058777820291,12.38111422068095,cluster_plus_withinstudy,agreement_natural_log_tau2_direct_v1,provisional
arf,335,14,1.2790373941869826,40.045765920796384,2.8777398747042664,6.5516032996130535,-11.824169205039125,14.38224399341309,cluster_plus_withinstudy,agreement_natural_log_tau2_direct_v1,provisional
arf,336,14,0.5437942282829284,30.90594394715122,1.0560369726372505,5.653492807087356,-10.763191385891783,11.85077984245764,cluster_plus_withinstudy,agreement_natural_log_tau2_direct_v1,provisional
arf,337,14,3.6243117987146642,33.67023357952563,4.6723004746329835,6.192134854325979,-8.759957909937294,16.00858150736662,cluster_plus_withinstudy,agreement_natural_log_tau2_direct_v1,provisional
arf,338,14,2.271356216600267,32.281983439500266,3.209194566480716,5.957447272614419,-9.643538328628571,14.186250761829106,cluster_plus_withinstudy,agreement_natural_log_tau2_direct_v1,provisional
arf,339,14,0.9378747269209617,20.82034433961607,3.6212525229129917,4.943844340442877,-8.949813953964792,10.825563407806715,cluster_plus_withinstudy,agreement_natural_log_tau2_direct_v1,provisional
arf,340,14,1.804909812267111,23.927741782864963,2.800633035744312,5.169949208513492,-8.534988604759873,12.144808229294094,cluster_plus_withinstudy,agreement_natural_log_tau2_direct_v1,provisional
arf,341,14,1.2185216604098479,12.600404773678418,2.477453356845766,3.883021778270653,-6.5475218961314585,8.984565216951154,cluster_plus_withinstudy,agreement_natural_log_tau2_direct_v1,provisional
arf,342,14,1.249584511381779,24.238588432482572,5.288624065977064,5.433894781688328,-9.618205051994877,12.117374074758434,cluster_plus_withinstudy,agreement_natural_log_tau2_direct_v1,provisional
arf,343,14,1.8172736653092183,22.74936827069445,1.6191032467884758,4.936443205130889,-8.05561274495256,11.690160075570995,cluster_plus_withinstudy,agreement_natural_log_tau2_direct_v1,provisional
arf,344,14,2.337539221223998,19.768197707661972,4.084261028258985,4.883897903920695,-7.430256586617392,12.105335029065387,cluster_plus_withinstudy,agreement_natural_log_tau2_direct_v1,provisional
arf,345,14,0.969941190387223,32.106990294451855,5.043893433835008,6.0951524778537625,-11.220363765320302,13.160246146094748,cluster_plus_withinstudy,agreement_natural_log_tau2_direct_v1,provisional
arf,346,14,1.6368972127060966,36.762564774875486,1.7682451404034318,6.2073190602126225,-10.77774090771915,14.05153533313134,cluster_plus_withinstudy,agreement_natural_log_tau2_direct_v1,provisional
arf,347,14,1.7795641697496924,24.389304172940463,3.668464439849008,5.296958430343726,-8.81435269093776,12.373481030437144,cluster_plus_withinstudy,agreement_natural_log_tau2_direct_v1,provisional
arf,348,14,1.0052427528049799,28.059772989161612,6.653872391355852,5.891828695788555,-10.77841463877213,12.78890014438209,cluster_plus_withinstudy,agreement_natural_log_tau2_direct_v1,provisional
arf,349,14,1.7368198043874161,21.607816030898988,1.4230829979852853,4.79905188853843,-7.861283972689444,11.334923581464276,cluster_plus_withinstudy,agreement_natural_log_tau2_direct_v1,provisional
arf,350,14,0.8401269403940852,29.014374374902502,1.7646333576457807,5.547883175820151,-10.255639411246216,11.935893292034388,cluster_plus_withinstudy,agreement_natural_log_tau2_direct_v1,provisional
arf,351,14,1.6046139731886817,19.73103268058809,2.1287110999182626,4.675440490532026,-7.746267007875369,10.955494954252734,cluster_plus_withinstudy,agreement_natural_log_tau2_direct_v1,provisional
arf,352,14,1.5858865928503108,28.27966884128843,3.4379984567018993,5.6318440406309485,-9.677801488411585,12.849574674112208,cluster_plus_withinstudy,agreement_natural_log_tau2_direct_v1,provisional
arf,353,14,0.9481871214152402,23.34035390283856,1.261520926641447,4.960027704507305,-8.97186828759937,10.86824253042985,cluster_plus_withinstudy,agreement_natural_log_tau2_direct_v1,provisional
arf,354,14,1.7354160880763825,28.674550050748955,7.21876775823494,5.991103221359476,-10.24679035464257,13.717622530795335,cluster_plus_withinstudy,agreement_natural_log_tau2_direct_v1,provisional
arf,355,14,1.6449101637469783,34.59008738032586,4.220813091530869,6.229839522159197,-10.814768880571416,14.104589208065372,cluster_plus_withinstudy,agreement_natural_log_tau2_direct_v1,provisional
arf,356,14,0.8866821432537557,16.206487447006335,1.369423120007723,4.192363362951029,-7.498044582648301,9.271408869155813,cluster_plus_withinstudy,agreement_natural_log_tau2_direct_v1,provisional
arf,357,14,1.9636680246683607,42.31200612632139,3.6344735400857653,6.778383263463874,-11.593098502259387,15.520434551596107,cluster_plus_withinstudy,agreement_natural_log_tau2_direct_v1,provisional
arf,358,14,1.8311101966460324,26.777490060259407,3.2182156721771555,5.476833549820239,-9.122556902994447,12.78477729628651,cluster_plus_withinstudy,agreement_natural_log_tau2_direct_v1,provisional
arf,359,14,1.8216236960923258,33.206145532750696,5.2109115321764845,6.198149487139462,-10.574675278186598,14.21792267037125,cluster_plus_withinstudy,agreement_natural_log_tau2_direct_v1,provisional
arf,360,14,1.580146618700709,32.12946367053881,2.4965450826379123,5.884386862977037,-10.188627107253364,13.348920344654783,cluster_plus_withinstudy,agreement_natural_log_tau2_direct_v1,provisional
arf,361,14,1.5213382566237652,21.77116969112502,2.600502702070014,4.936767403189564,-8.352196549755362,11.394873063002894,cluster_plus_withinstudy,agreement_natural_log_tau2_direct_v1,provisional
arf,362,14,2.26138019127829,31.298394009405612,4.860940402624386,6.013263208278015,-9.76514622527774,14.28790660783432,cluster_plus_withinstudy,agreement_natural_log_tau2_direct_v1,provisional
arf,363,14,1.578579074410004,30.210574581765663,6.146831742800481,6.029710301877374,-10.480841529344744,13.637999678164753,cluster_plus_withinstudy,agreement_natural_log_tau2_direct_v1,provisional
arf,364,14,0.8800546612241595,12.635342660989176,1.6233848227616876,3.7760730241549703,-6.672091387085781,8.4322007095341,cluster_plus_withinstudy,agreement_natural_log_tau2_direct_v1,provisional
arf,365,14,1.4646384042684748,36.83834218883231,4.897902590306235,6.460359493026572,-11.456080581784668,14.38535739032162,cluster_plus_withinstudy,agreement_natural_log_tau2_direct_v1,provisional
arf,366,14,2.558388497038712,26.01290942243014,4.325107446580806,5.507995721586115,-8.457602946133518,13.57437994021094,cluster_plus_withinstudy,agreement_natural_log_tau2_direct_v1,provisional
arf,367,14,0.36639543168597155,46.766439377936194,3.0126130461874623,7.0554271609962536,-13.744458890306536,14.477249753678478,cluster_plus_withinstudy,agreement_natural_log_tau2_direct_v1,provisional
arf,368,14,1.2534180274593392,16.1036344670527,2.3907425610330604,4.300508926637144,-7.347599825814948,9.854435880733627,cluster_plus_withinstudy,agreement_natural_log_tau2_direct_v1,provisional
arf,369,14,2.373164622884745,34.98343111310346,3.3406976583379278,6.190648493610454,-10.008132364336163,14.754461610105654,cluster_plus_withinstudy,agreement_natural_log_tau2_direct_v1,provisional
arf,370,14,0.8963212774460855,21.079687818502197,2.126842352934061,4.817315660348226,-8.738310043250365,10.530952598142537,cluster_plus_withinstudy,agreement_natural_log_tau2_direct_v1,provisional
arf,371,14,1.700508563427818,24.21970642529528,3.070488870063615,5.224001846798955,-8.747495130170092,12.148512257025727,cluster_plus_withinstudy,agreement_natural_log_tau2_direct_v1,provisional
arf,372,14,1.517911800950852,28.65656892312245,5.498678343505571,5.8442490763679835,-10.170586351785115,13.20640995368682,cluster_plus_withinstudy,agreement_natural_log_tau2_direct_v1,provisional
arf,373,14,1.244846024374001,29.64337199965686,2.703266374963019,5.687410515746149,-10.129975007118297,12.619667055866298,cluster_plus_withinstudy,agreement_natural_log_tau2_direct_v1,provisional
arf,374,14,1.5401232982351463,18.255497316468883,1.829898632989199,4.481673342565038,-7.42322338689493,10.503469983365223,cluster_plus_withinstudy,agreement_natural_log_tau2_direct_v1,provisional
arf,375,14,1.3049697988773579,23.848948978209823,3.7982883330860755,5.258064026930054,-9.211158254982749,11.821097852737466,cluster_plus_withinstudy,agreement_natural_log_tau2_direct_v1,provisional
arf,376,14,2.1163172490664164,16.05039454811826,3.1025656769011385,4.376409512947731,-6.636501776829046,10.869136274961878,cluster_plus_withinstudy,agreement_natural_log_tau2_direct_v1,provisional
arf,377,14,1.898180054514462,22.23796924565153,3.9833841457505916,5.120678997105962,-8.343177939697462,12.139538048726386,cluster_plus_withinstudy,agreement_natural_log_tau2_direct_v1,provisional
arf,378,14,0.11288836261141236,19.22457041991281,0.7301024791951312,4.467065356484942,-8.821242350358471,9.047019075581296,cluster_plus_withinstudy,agreement_natural_log_tau2_direct_v1,provisional
arf,379,14,0.4291794359431786,20.80203114790284,1.1767809702881162,4.688156579956663,-8.947133723970149,9.805492595856505,cluster_plus_withinstudy,agreement_natural_log_tau2_direct_v1,provisional
arf,380,14,2.217052505486912,27.05381483889099,4.951393518469204,5.657314588862828,-9.097576672238745,13.531681683212568,cluster_plus_withinstudy,agreement_natural_log_tau2_direct_v1,provisional
arf,381,14,1.5469725442866342,31.840216089999434,3.312885094393476,5.9290050754231025,-10.311037606559571,13.404982695132839,cluster_plus_withinstudy,agreement_natural_log_tau2_direct_v1,provisional
arf,382,14,1.8707917652350408,26.636656206030185,2.2873984559400107,5.378108836939822,-8.885425908644603,12.627009439114683,cluster_plus_withinstudy,agreement_natural_log_tau2_direct_v1,provisional
arf,383,14,2.449875385644524,27.289964103139603,2.4055369614599056,5.449357858004878,-8.448840330365233,13.348591101654279,cluster_plus_withinstudy,agreement_natural_log_tau2_direct_v1,provisional
arf,384,14,1.6169160551993698,19.64948031003903,3.637594106734235,4.8256682870638,-8.03442051892823,11.26825262932697,cluster_plus_withinstudy,agreement_natural_log_tau2_direct_v1,provisional
arf,385,14,1.2625204011325397,15.063846367738451,1.120612576391038,4.022991293071549,-6.783462185010557,9.308502987275636,cluster_plus_withinstudy,agreement_natural_log_tau2_direct_v1,provisional
arf,386,14,1.3847366935488894,20.87087391755093,1.7179832238106405,4.752773626143115,-8.12081055873734,10.890283945835119,cluster_plus_withinstudy,agreement_natural_log_tau2_direct_v1,provisional
arf,387,14,1.283129901023173,18.451599080828064,3.5555208545128063,4.69117468608246,-8.099219471141748,10.665479273188094,cluster_plus_withinstudy,agreement_natural_log_tau2_direct_v1,provisional
arf,388,14,1.7075507097804603,20.79798765553193,4.904793555240178,5.069791042121175,-8.432031374461891,11.84713279402281,cluster_plus_withinstudy,agreement_natural_log_tau2_direct_v1,provisional
arf,389,14,2.274117229619532,17.541185983774444,2.5132234483751223,4.478214982797227,-6.6823127359749215,11.230547195213987,cluster_plus_withinstudy,agreement_natural_log_tau2_direct_v1,provisional
arf,390,14,0.4971287179932279,16.836112356960562,0.7898846876089679,4.198332650537536,-7.899536583081844,8.893794019068299,cluster_plus_withinstudy,agreement_natural_log_tau2_direct_v1,provisional
arf,391,14,2.0635678576265204,29.458533943361292,2.334785725321934,5.638556523498122,-9.213545189369723,13.340680904622763,cluster_plus_withinstudy,agreement_natural_log_tau2_direct_v1,provisional
arf,392,14,2.073838025713851,29.808576211565423,7.117762220006763,6.076704570042235,-10.07957111437062,14.227247165798321,cluster_plus_withinstudy,agreement_natural_log_tau2_direct_v1,provisional
arf,393,14,2.606529269318112,28.34435473004109,4.654339355689342,5.744448980166021,-8.88236869101393,14.095427229650152,cluster_plus_withinstudy,agreement_natural_log_tau2_direct_v1,provisional
arf,394,14,1.9192231890671518,23.497847473444295,3.0235466466908902,5.149892631903619,-8.380562074740086,12.21900845287439,cluster_plus_withinstudy,agreement_natural_log_tau2_direct_v1,provisional
arf,395,14,1.975250494343108,22.642533574403203,3.9048833765222244,5.1524185535460365,-8.329586612748965,12.28008760143518,cluster_plus_withinstudy,agreement_natural_log_tau2_direct_v1,provisional
arf,396,14,2.1340333182759696,32.25886226036612,9.959549154242671,6.497569654463797,-10.861105990651625,15.129172627203564,cluster_plus_withinstudy,agreement_natural_log_tau2_direct_v1,provisional
arf,397,14,1.8620820404929257,13.95681159578932,2.9754137211637515,4.114878530036224,-6.367675019579522,10.091839100565373,cluster_plus_withinstudy,agreement_natural_log_tau2_direct_v1,provisional
arf,398,14,2.442651327569106,17.556968338331238,4.046926489546391,4.647999013325802,-6.853346699082499,11.73864935422071,cluster_plus_withinstudy,agreement_natural_log_tau2_direct_v1,provisional
arf,399,14,1.4958106692567985,16.889351933403944,3.727195238963964,4.5405448100825865,-7.585278950908375,10.576900289421971,cluster_plus_withinstudy,agreement_natural_log_tau2_direct_v1,provisional
arf,400,14,2.5326986505172813,29.068685529801467,2.928779739350817,5.656630204384257,-8.780561758251233,13.845959059285795,cluster_plus_withinstudy,agreement_natural_log_tau2_direct_v1,provisional
arf,401,14,0.6047315157713204,14.499812027096494,1.843351644302176,4.042667890316823,-7.480604264862325,8.690067296404965,cluster_plus_withinstudy,agreement_natural_log_tau2_direct_v1,provisional
arf,402,14,1.1439790635118274,37.10688534203294,2.4540296898450435,6.289746817788295,-11.435514572064763,13.723472699088417,cluster_plus_withinstudy,agreement_natural_log_tau2_direct_v1,provisional
arf,403,14,0.44666283388699196,25.043942440782082,1.1121028954869063,5.11429812743342,-9.781933420979849,10.675259088753831,cluster_plus_withinstudy,agreement_natural_log_tau2_direct_v1,provisional
arf,404,14,1.0108291770453384,34.45132254124616,1.1354672682852096,5.965466436879129,-10.92010369671292,12.941762050803595,cluster_plus_withinstudy,agreement_natural_log_tau2_direct_v1,provisional
arf,405,14,0.9140758874921601,17.060644701238438,1.7592301655825737,4.3381879704343165,-7.762300053376473,9.590451828360793,cluster_plus_withinstudy,agreement_natural_log_tau2_direct_v1,provisional
arf,406,14,2.4632995927309826,33.172921924281226,3.8040794411212833,6.080871760315499,-9.698443927900016,14.62504311336198,cluster_plus_withinstudy,agreement_natural_log_tau2_direct_v1,provisional
arf,407,14,3.3711783736026604,26.700531342672814,7.7430303379097625,5.868863746977142,-8.366549120351623,15.108905867556944,cluster_plus_withinstudy,agreement_natural_log_tau2_direct_v1,provisional
arf,408,14,0.7851309814207705,19.322417131174564,1.2091590115725113,4.53117822897611,-8.277225476531449,9.84748743937299,cluster_plus_withinstudy,agreement_natural_log_tau2_direct_v1,provisional
arf,409,14,2.0012883287594345,28.128867099014837,6.214706976768106,5.860339075154521,-9.719389821549607,13.721966479068476,cluster_plus_withinstudy,agreement_natural_log_tau2_direct_v1,provisional
arf,410,14,1.2213696701074706,19.494909276685778,2.688904067202898,4.7099695693166295,-8.198569468525788,10.64130880874073,cluster_plus_withinstudy,agreement_natural_log_tau2_direct_v1,provisional
arf,411,14,1.5012902846337788,8.941011899125861,2.5447690395225897,3.3890678568964137,-5.2768454291590485,8.279425998426607,cluster_plus_withinstudy,agreement_natural_log_tau2_direct_v1,provisional
arf,412,14,1.508175371841477,21.38750929690431,2.0224958648402445,4.838388694776863,-8.16860201771225,11.184952761395202,cluster_plus_withinstudy,agreement_natural_log_tau2_direct_v1,provisional
arf,413,14,0.99527648209431,12.10867924622092,0.7751251123269556,3.5894016713858976,-6.183526860677485,8.174079824866105,cluster_plus_withinstudy,agreement_natural_log_tau2_direct_v1,provisional
arf,414,14,2.019599622124959,20.14031918519981,4.341278504490062,4.947888205051714,-7.876176787978469,11.915376032228387,cluster_plus_withinstudy,agreement_natural_log_tau2_direct_v1,provisional
arf,415,14,0.4599936065480427,21.358589371051,0.8220601752685364,4.709633695556326,-8.959273784564608,9.879260997660694,cluster_plus_withinstudy,agreement_natural_log_tau2_direct_v1,provisional
arf,416,14,0.9488143915177345,20.617934488127126,2.5102130867081116,4.809173273529998,-8.669532155542262,10.56716093857773,cluster_plus_withinstudy,agreement_natural_log_tau2_direct_v1,provisional
arf,417,14,2.13342142753669,23.557186666409454,4.117520649018929,5.26067555694403,-8.38792968635137,12.654772541424752,cluster_plus_withinstudy,agreement_natural_log_tau2_direct_v1,provisional
arf,418,14,1.8418234932624022,12.648414760731853,3.357146320637483,4.000695074780048,-6.159566656297694,9.843213642822498,cluster_plus_withinstudy,agreement_natural_log_tau2_direct_v1,provisional
arf,419,14,1.6208994927900096,37.24864483818987,3.8243633055787125,6.408822680006725,-11.196745867223441,14.43854485280346,cluster_plus_withinstudy,agreement_natural_log_tau2_direct_v1,provisional
arf,420,14,0.8103802143767828,30.978686162124777,2.720365994231698,5.805088471018894,-10.799796727661004,12.42055715641457,cluster_plus_withinstudy,agreement_natural_log_tau2_direct_v1,provisional
arf,421,14,1.0377042650496098,14.792020115795415,2.8825597588381067,4.2041146362383515,-7.370525007427093,9.445933537526313,cluster_plus_withinstudy,agreement_natural_log_tau2_direct_v1,provisional
arf,422,14,1.6213739842138633,32.35458652594144,2.4613810855727603,5.900505708116398,-10.179637432018934,13.42238540044666,cluster_plus_withinstudy,agreement_natural_log_tau2_direct_v1,provisional
arf,423,14,0.9295677197458803,13.49053243405556,2.2829226193393235,3.9715809262049393,-7.013594132663998,8.872729572155759,cluster_plus_withinstudy,agreement_natural_log_tau2_direct_v1,provisional
arf,424,14,0.6956728552606984,25.744358543480327,1.4425120301219674,5.2141030459324735,-9.73253323660425,11.123878947125645,cluster_plus_withinstudy,agreement_natural_log_tau2_direct_v1,provisional
arf,425,14,3.380813994509263,63.837020302481974,11.75954714368986,8.694628654874906,-14.00844331524055,20.770071304259076,cluster_plus_withinstudy,agreement_natural_log_tau2_direct_v1,provisional
arf,426,14,1.8723545593633024,14.282257856876825,5.5560609863202455,4.454022770844023,-7.035690982324745,10.780400101051349,cluster_plus_withinstudy,agreement_natural_log_tau2_direct_v1,provisional
arf,427,14,1.5769664206830931,24.74330389719378,2.269128750034605,5.197348617057392,-8.817730813431691,11.971663654797876,cluster_plus_withinstudy,agreement_natural_log_tau2_direct_v1,provisional
arf,428,14,2.288195531737493,36.71785656027877,4.056070506625692,6.385446504897247,-10.482697478057,15.059088541531986,cluster_plus_withinstudy,agreement_natural_log_tau2_direct_v1,provisional
arf,429,14,1.8447787309879653,15.7494579011395,5.414483107099153,4.600428350516792,-7.35607797004562,11.04563543202155,cluster_plus_withinstudy,agreement_natural_log_tau2_direct_v1,provisional
arf,430,14,1.9021145630952896,19.204598509204345,2.994578984743477,4.711600311353651,-7.521086059612013,11.325315185802591,cluster_plus_withinstudy,agreement_natural_log_tau2_direct_v1,provisional
arf,431,14,1.4936728330093052,17.706095826310342,1.6753015972763676,4.4024308539245345,-7.311188874839764,10.298534540858373,cluster_plus_withinstudy,agreement_natural_log_tau2_direct_v1,provisional
arf,432,14,2.524400770540805,19.86894217646822,5.10389634771385,4.997283114271401,-7.470165458001997,12.518966999083606,cluster_plus_withinstudy,agreement_natural_log_tau2_direct_v1,provisional
arf,433,14,2.1264691816801626,13.757725351051787,2.7831296816004194,4.067045000077108,-6.007620818474054,10.26055918183438,cluster_plus_withinstudy,agreement_natural_log_tau2_direct_v1,provisional
arf,434,14,1.6890891011328355,27.61552408330294,3.5227446321298705,5.580167445107074,-9.471245789081312,12.849423991346985,cluster_plus_withinstudy,agreement_natural_log_tau2_direct_v1,provisional
arf,435,14,1.3270152620430327,54.61592436259042,9.46619932776127,8.005131085144809,-14.683246908246586,17.33727743233265,cluster_plus_withinstudy,agreement_natural_log_tau2_direct_v1,provisional
arf,436,14,0.39990192556120935,18.95163177264958,0.8964408276178393,4.455117574236108,-8.510333222911006,9.310137074033426,cluster_plus_withinstudy,agreement_natural_log_tau2_direct_v1,provisional
arf,437,14,1.6734504262369094,22.550197981443052,1.9408149026747545,4.94883954923958,-8.22422867224225,11.571129524716069,cluster_plus_withinstudy,agreement_natural_log_tau2_direct_v1,provisional
arf,438,14,1.1337215535667002,19.706574113018526,1.90418039355603,4.648736872159421,-8.163752190752142,10.431195297885541,cluster_plus_withinstudy,agreement_natural_log_tau2_direct_v1,provisional
arf,439,14,2.665421435492745,26.316159822872308,4.598159405713733,5.560064678453484,-8.454707921414224,13.785550792399713,cluster_plus_withinstudy,agreement_natural_log_tau2_direct_v1,provisional
arf,440,14,1.6558828710492308,37.97044078201348,1.1576029995002317,6.255241304819001,-10.854599738588771,14.166365480687233,cluster_plus_withinstudy,agreement_natural_log_tau2_direct_v1,provisional
arf,441,14,3.0925095480169666,30.88220805740577,4.603129442148408,5.956957067123631,-8.821404586230296,15.006423682264229,cluster_plus_withinstudy,agreement_natural_log_tau2_direct_v1,provisional
arf,442,14,1.917238992109527,29.535706997057908,6.1698189970035875,5.975410110951507,-10.033581229793487,13.86805921401254,cluster_plus_withinstudy,agreement_natural_log_tau2_direct_v1,provisional
arf,443,14,0.5654561273412608,24.784983964143745,1.041676121961935,5.081993711734174,-9.598531296127087,10.729443550809608,cluster_plus_withinstudy,agreement_natural_log_tau2_direct_v1,provisional
arf,444,14,0.6081337926944431,25.103616976046474,0.5909101625568028,5.068976932143534,-9.529820071592624,10.746087656981512,cluster_plus_withinstudy,agreement_natural_log_tau2_direct_v1,provisional
arf,445,14,1.0880076359379476,17.36628838718871,4.521771598276515,4.67846769631524,-8.268927756692532,10.444943028568426,cluster_plus_withinstudy,agreement_natural_log_tau2_direct_v1,provisional
arf,446,14,2.1902889153853775,21.306013894634404,4.2763393010005775,5.057900077664146,-7.9255112399429155,12.30608907071367,cluster_plus_withinstudy,agreement_natural_log_tau2_direct_v1,provisional
arf,447,14,1.4716773815805868,19.009075853389188,1.3796082423338656,4.515383050830024,-7.55908872007946,10.502443483240635,cluster_plus_withinstudy,agreement_natural_log_tau2_direct_v1,provisional
arf,448,14,1.0626747861499717,22.505202276010905,2.6780449313010246,5.0182912636984245,-8.973907741246878,11.09925731354682,cluster_plus_withinstudy,agreement_natural_log_tau2_direct_v1,provisional
arf,449,14,3.8814843831693686,34.37648277460742,9.46734961927755,6.621467540801281,-9.361450698433194,17.124419464771933,cluster_plus_withinstudy,agreement_natural_log_tau2_direct_v1,provisional
arf,450,14,0.8928948288231526,18.730257041394015,1.8216927658666173,4.533425835641368,-8.173956842459583,9.959746500105888,cluster_plus_withinstudy,agreement_natural_log_tau2_direct_v1,provisional
arf,451,14,1.9777497633359915,25.609338226185272,4.6273370070398085,5.4987885241410295,-9.019827284946068,12.97532681161805,cluster_plus_withinstudy,agreement_natural_log_tau2_direct_v1,provisional
arf,452,14,2.65380473525198,20.829509267563278,4.981006014229495,5.0804050312738624,-7.5070053272957455,12.814614797799704,cluster_plus_withinstudy,agreement_natural_log_tau2_direct_v1,provisional
arf,453,14,1.635730329488542,27.190377462022393,4.300180221133699,5.611644828671545,-9.587559327854548,12.859019986831631,cluster_plus_withinstudy,agreement_natural_log_tau2_direct_v1,provisional
arf,454,14,2.960694515737018,16.287592611200086,5.465099672944938,4.663978160770591,-6.367261805804164,12.2886508372782,cluster_plus_withinstudy,agreement_natural_log_tau2_direct_v1,provisional
arf,455,14,1.039219687783095,30.363630975360525,3.5089841366185057,5.820018480381229,-10.600817272979363,12.679256648545554,cluster_plus_withinstudy,agreement_natural_log_tau2_direct_v1,provisional
arf,456,14,1.0548086756646822,21.78754875649803,3.3540738032651904,5.014142255636872,-8.973475835609062,11.083093186938427,cluster_plus_withinstudy,agreement_natural_log_tau2_direct_v1,provisional
arf,457,14,1.6992879632916833,26.037936822229675,4.116782535455489,5.491331291925953,-9.283374620560224,12.68195054714359,cluster_plus_withinstudy,agreement_natural_log_tau2_direct_v1,provisional
arf,458,14,1.0982698550746794,19.498940421272955,3.240887254758881,4.7686295385605115,-8.438989222046343,10.635528932195703,cluster_plus_withinstudy,agreement_natural_log_tau2_direct_v1,provisional
arf,459,14,0.838187827622391,20.56967140264265,0.6646274510033106,4.608068885514404,-8.377949943406417,10.0543255986512,cluster_plus_withinstudy,agreement_natural_log_tau2_direct_v1,provisional
arf,460,14,2.38357130954038,28.215904668867495,3.0849505237378834,5.5947167213904025,-8.805862133240424,13.573004752321186,cluster_plus_withinstudy,agreement_natural_log_tau2_direct_v1,provisional
arf,461,14,1.7208232753882884,23.382945108316967,1.2594408231432845,4.9641097823739,-8.207396289359512,11.64904284013609,cluster_plus_withinstudy,agreement_natural_log_tau2_direct_v1,provisional
arf,462,14,2.4689601256240903,31.748665412460333,5.492659780531771,6.1025670986063,-9.73617407158851,14.67409432283669,cluster_plus_withinstudy,agreement_natural_log_tau2_direct_v1,provisional
arf,463,14,1.4554520637634694,11.043215562503883,2.6661290288923767,3.702613211151856,-5.9497743585402425,8.860678486067181,cluster_plus_withinstudy,agreement_natural_log_tau2_direct_v1,provisional
arf,464,14,1.0704227651396236,18.41247060327992,0.848896481231891,4.388777402023463,-7.707132038907302,9.847977569186549,cluster_plus_withinstudy,agreement_natural_log_tau2_direct_v1,provisional
arf,465,14,0.7123553695736528,28.720934443009615,0.9129723839313219,5.443703411000726,-10.1750514524278,11.599762191575104,cluster_plus_withinstudy,agreement_natural_log_tau2_direct_v1,provisional
arf,466,14,0.854400030687395,16.224178072006566,1.0500671174268563,4.156229684393468,-7.458059338099541,9.166859399474331,cluster_plus_withinstudy,agreement_natural_log_tau2_direct_v1,provisional
arf,467,14,0.75471846497075,19.171971174918625,3.2543339852053657,4.735642000840434,-8.716565536710117,10.226002466651618,cluster_plus_withinstudy,agreement_natural_log_tau2_direct_v1,provisional
arf,468,14,1.283033068341262,21.649145811816062,1.208574780439328,4.7809748579401035,-8.278916647538946,10.844982784221468,cluster_plus_withinstudy,agreement_natural_log_tau2_direct_v1,provisional
arf,469,14,0.8142275153667127,15.615299288773793,1.0781479575155644,4.0857615258712,-7.357295536375687,8.985750567109111,cluster_plus_withinstudy,agreement_natural_log_tau2_direct_v1,provisional
arf,470,14,1.4302696390249088,14.668191821701363,1.9510198452632472,4.076666734841666,-6.723063830658424,9.58360310870824,cluster_plus_withinstudy,agreement_natural_log_tau2_direct_v1,provisional
arf,471,14,1.247329732830292,24.976392914248002,4.850763491362202,5.461424393471927,-9.675519054113563,12.170178519774145,cluster_plus_withinstudy,agreement_natural_log_tau2_direct_v1,provisional
arf,472,14,1.9036936096712158,24.844840568379492,6.638747336958332,5.611023784064529,-9.318353958457843,13.125741177800274,cluster_plus_withinstudy,agreement_natural_log_tau2_direct_v1,provisional
arf,473,14,2.9457863377144062,25.04438317763843,5.707136398380756,5.545405267067429,-8.145024196420453,14.036596871849264,cluster_plus_withinstudy,agreement_natural_log_tau2_direct_v1,provisional
arf,474,14,1.6853848742047792,22.375067733932113,2.0050256238095194,4.937620211978806,-8.189855549752833,11.56062529816239,cluster_plus_withinstudy,agreement_natural_log_tau2_direct_v1,provisional
arf,475,14,1.351134499555889,19.603983065281298,1.1426551922047061,4.554847775446069,-7.758561051336248,10.460830050448026,cluster_plus_withinstudy,agreement_natural_log_tau2_direct_v1,provisional
arf,476,14,1.615513440798471,26.499297316253145,1.5768375586738321,5.298691807883054,-8.981870174967636,12.212897056564579,cluster_plus_withinstudy,agreement_natural_log_tau2_direct_v1,provisional
arf,477,14,0.39249361797199833,20.835595063644583,1.2260263109057286,4.696980027054651,-9.001466436137303,9.7864536720813,cluster_plus_withinstudy,agreement_natural_log_tau2_direct_v1,provisional
arf,478,14,3.268210496437222,30.894246045283786,4.354210073492005,5.937041023841404,-8.605871551245587,15.14229254412003,cluster_plus_withinstudy,agreement_natural_log_tau2_direct_v1,provisional
arf,479,14,0.7164430251038743,13.7531409627696,1.3719320311967493,3.8890966809744327,-7.061750336844991,8.49463638705274,cluster_plus_withinstudy,agreement_natural_log_tau2_direct_v1,provisional
arf,480,14,1.2179452563073798,19.4862395656329,1.7829122004644826,4.611849061504223,-8.005752866701068,10.441643379315826,cluster_plus_withinstudy,agreement_natural_log_tau2_direct_v1,provisional
arf,481,14,3.450179144150918,26.658178573738944,4.780218139763159,5.6069953373890105,-7.763811530627103,14.66416981892894,cluster_plus_withinstudy,agreement_natural_log_tau2_direct_v1,provisional
arf,482,14,1.9713348351195958,25.738184061049072,2.7912432675943166,5.341294536780704,-8.711254238441812,12.653923908681003,cluster_plus_withinstudy,agreement_natural_log_tau2_direct_v1,provisional
arf,483,14,1.3521825396499016,37.3720824055672,4.489491881019706,6.470052108490851,-11.5879216773318,14.292286756631604,cluster_plus_withinstudy,agreement_natural_log_tau2_direct_v1,provisional
arf,484,14,1.440781187455233,17.903125084228144,3.031508245176316,4.575438047816237,-7.710094908177242,10.591657283087708,cluster_plus_withinstudy,agreement_natural_log_tau2_direct_v1,provisional
arf,485,14,1.5293853580254952,19.458029464117438,2.8331992702192994,4.721358780514009,-7.913332203002524,10.972102919053514,cluster_plus_withinstudy,agreement_natural_log_tau2_direct_v1,provisional
arf,486,14,0.941397039858299,23.58792084846823,1.3697934997722505,4.995769645233903,-9.050142250609507,10.932936330326104,cluster_plus_withinstudy,agreement_natural_log_tau2_direct_v1,provisional
arf,487,14,1.3880844545362254,28.319991961982844,4.96718150533523,5.769503745324902,-10.150923036113578,12.927091945186028,cluster_plus_withinstudy,agreement_natural_log_tau2_direct_v1,provisional
arf,488,14,1.1467572904768488,11.662347842277365,2.8400936032503274,3.808207116941999,-6.469656943407149,8.763171524360846,cluster_plus_withinstudy,agreement_natural_log_tau2_direct_v1,provisional
arf,489,14,1.7203097748976046,21.065674406431096,2.505704462220086,4.855036443596606,-7.989763112295607,11.430382662090816,cluster_plus_withinstudy,agreement_natural_log_tau2_direct_v1,provisional
arf,490,14,1.0125065012264427,14.974854657206745,1.4137399036276412,4.048282915117764,-7.084059329009086,9.10907233146197,cluster_plus_withinstudy,agreement_natural_log_tau2_direct_v1,provisional
arf,491,14,2.135753280026419,25.536582887928635,5.976393498420652,5.613641989506393,-9.091530698986366,13.363037259039205,cluster_plus_withinstudy,agreement_natural_log_tau2_direct_v1,provisional
arf,492,14,3.2166021849916464,27.205951665298418,6.593356538450176,5.813717244908682,-8.410832304825718,14.844036674809011,cluster_plus_withinstudy,agreement_natural_log_tau2_direct_v1,provisional
arf,493,14,2.0413342611100567,25.60943412623441,2.945152991867152,5.3436492323225675,-8.645964203535078,12.728632725755192,cluster_plus_withinstudy,agreement_natural_log_tau2_direct_v1,provisional
arf,494,14,1.180805955321757,19.131033198210492,1.5955097505708724,4.552641315630011,-7.924476675938266,10.28608858658178,cluster_plus_withinstudy,agreement_natural_log_tau2_direct_v1,provisional
arf,495,14,2.676342593865043,66.64955680037123,8.847058493662443,8.68887882836639,-14.701415062867737,20.054100250597823,cluster_plus_withinstudy,agreement_natural_log_tau2_direct_v1,provisional
arf,496,14,2.415259572646842,45.70127848552511,7.4256211076083325,7.288820178405655,-12.162380784164467,16.99289992945815,cluster_plus_withinstudy,agreement_natural_log_tau2_direct_v1,provisional
arf,497,14,2.0113558364042654,25.10930572093041,1.7576936060835082,5.183338627469164,-8.355321418534063,12.378033091342592,cluster_plus_withinstudy,agreement_natural_log_tau2_direct_v1,provisional
arf,498,14,1.8586347403343328,27.21359124070369,3.2113564477945817,5.515881406311984,-9.173128072289636,12.890397552958301,cluster_plus_withinstudy,agreement_natural_log_tau2_direct_v1,provisional
arf,499,14,0.9805428172046196,11.678803163765675,2.5293418967783965,3.7693693186717683,-6.558195820138917,8.519281454548157,cluster_plus_withinstudy,agreement_natural_log_tau2_direct_v1,provisional
arf,500,14,2.442176040056437,27.421512722594233,6.024272675730843,5.783233126748833,-9.124290213441228,14.008642293554104,cluster_plus_withinstudy,agreement_natural_log_tau2_direct_v1,provisional
arf,501,14,1.829413963270605,22.78281772099676,5.399894723732059,5.308739251906126,-8.788064540541647,12.446892467082858,cluster_plus_withinstudy,agreement_natural_log_tau2_direct_v1,provisional
arf,502,14,1.09554659650039,13.759351467286212,1.5418886022239067,3.9116799548927976,-6.727813313285205,8.918906506285985,cluster_plus_withinstudy,agreement_natural_log_tau2_direct_v1,provisional
arf,503,14,1.4459789705514967,21.453766143382964,1.947651662763976,4.837501194433645,-8.229023418315792,11.120981359418787,cluster_plus_withinstudy,agreement_natural_log_tau2_direct_v1,provisional
arf,504,14,0.001738845190379599,16.546242409563128,0.2698934676136489,4.100748209434076,-8.199757573677772,8.20323526405853,cluster_plus_withinstudy,agreement_natural_log_tau2_direct_v1,provisional
arf,505,14,1.800911807720413,28.86833603257393,2.7931089030078753,5.626850356601089,-9.452788905481766,13.054612520922591,cluster_plus_withinstudy,agreement_natural_log_tau2_direct_v1,provisional
arf,506,14,2.500479777324837,42.06015946347507,5.068589647211039,6.865038172558555,-11.229596567792274,16.230556122441946,cluster_plus_withinstudy,agreement_natural_log_tau2_direct_v1,provisional
arf,507,14,2.763832356205949,33.88443980585812,5.123237341231845,6.245612631847252,-9.727392907488555,15.255057619900454,cluster_plus_withinstudy,agreement_natural_log_tau2_direct_v1,provisional
arf,508,14,0.9735620574527941,15.570739390820135,2.675220945368385,4.271529039604966,-7.569496021757137,9.516620136662725,cluster_plus_withinstudy,agreement_natural_log_tau2_direct_v1,provisional
arf,509,14,-0.10938790893066021,24.370662807963367,0.5888911301846999,4.995953756606246,-10.101295422143153,9.882519604281832,cluster_plus_withinstudy,agreement_natural_log_tau2_direct_v1,provisional
arf,510,14,0.8194485547314627,26.37145920722782,2.0282519075477983,5.329137933547566,-9.83882731236367,11.477724421826593,cluster_plus_withinstudy,agreement_natural_log_tau2_direct_v1,provisional
arf,511,14,1.4796224718905118,25.95316044419056,2.3907592593233065,5.323900797677758,-9.168179123465004,12.127424067246027,cluster_plus_withinstudy,agreement_natural_log_tau2_direct_v1,provisional
arf,512,14,1.0904577728340834,28.976806376894153,2.3528531730351783,5.5972903757022765,-10.10412297857047,12.285038524238637,cluster_plus_withinstudy,agreement_natural_log_tau2_direct_v1,provisional
arf,513,14,0.1845097329813744,16.493737585822178,3.9009590933651452,4.516048790611913,-8.847587848242453,9.2166073142052,cluster_plus_withinstudy,agreement_natural_log_tau2_direct_v1,provisional
arf,514,14,1.8749399158089117,25.040007299442095,2.652951907089375,5.262410018853669,-8.649880121898427,12.399759953516249,cluster_plus_withinstudy,agreement_natural_log_tau2_direct_v1,provisional
arf,515,14,2.541366277583346,32.170430379285825,2.704413728681599,5.905492706622152,-9.269619135660957,14.35235169082765,cluster_plus_withinstudy,agreement_natural_log_tau2_direct_v1,provisional
arf,516,14,3.597729265514351,40.12049313694634,3.6167487762008195,6.613413786626931,-9.629098307739511,16.824556838768213,cluster_plus_withinstudy,agreement_natural_log_tau2_direct_v1,provisional
arf,517,14,1.4221116778610388,13.614128372026597,2.4173501904402968,4.003932886858482,-6.585754095855925,9.429977451578003,cluster_plus_withinstudy,agreement_natural_log_tau2_direct_v1,provisional
arf,518,14,1.5801930577431083,24.04386245011894,1.8849933498700011,5.092038471966697,-8.603883886190287,11.764270001676502,cluster_plus_withinstudy,agreement_natural_log_tau2_direct_v1,provisional
arf,519,14,1.3427406949741776,15.200776338617489,3.595377307054302,4.3354531073086,-7.328165519643021,10.013646909591376,cluster_plus_withinstudy,agreement_natural_log_tau2_direct_v1,provisional
arf,520,14,1.1845689222474578,27.70823146425941,3.7123452421850445,5.605406025119363,-10.026243127991268,12.395380972486183,cluster_plus_withinstudy,agreement_natural_log_tau2_direct_v1,provisional
arf,521,14,2.65324524448665,29.518665268173944,5.301815932753084,5.900888170515268,-9.148531096543886,14.455021585517185,cluster_plus_withinstudy,agreement_natural_log_tau2_direct_v1,provisional
arf,522,14,3.794343217801705,30.642140393718886,5.869907521622336,6.042519997098993,-8.290696776396281,15.879383211999691,cluster_plus_withinstudy,agreement_natural_log_tau2_direct_v1,provisional
arf,523,14,0.641757118823078,15.804977481111148,4.676599063813438,4.525657581492947,-8.409558044162816,9.693072281808972,cluster_plus_withinstudy,agreement_natural_log_tau2_direct_v1,provisional
arf,524,14,1.2996486898904627,19.780524062331903,2.850866625350772,4.75724612435416,-8.214843558817858,10.814140938598783,cluster_plus_withinstudy,agreement_natural_log_tau2_direct_v1,provisional
arf,525,14,2.247807047189911,26.858464314144708,4.995577895922101,5.643938537056087,-9.040070026922264,13.535684121302085,cluster_plus_withinstudy,agreement_natural_log_tau2_direct_v1,provisional
arf,526,14,2.2932960785584076,37.44581279158764,8.094702980936363,6.748371342222063,-11.203446605885718,15.790038763002533,cluster_plus_withinstudy,agreement_natural_log_tau2_direct_v1,provisional
arf,527,14,2.9497921220276044,53.799671361091406,9.17189670514594,7.935462687596568,-12.921133253165532,18.82071749722074,cluster_plus_withinstudy,agreement_natural_log_tau2_direct_v1,provisional
arf,528,14,0.7709136533761082,13.25934090590969,0.7987616539797336,3.7494136288077664,-6.727913604239425,8.269740910991642,cluster_plus_withinstudy,agreement_natural_log_tau2_direct_v1,provisional
arf,529,14,2.9256556932122817,29.912865738979463,9.34785486091137,6.26583758167181,-9.606019470131338,15.4573308565559,cluster_plus_withinstudy,agreement_natural_log_tau2_direct_v1,provisional
arf,530,14,3.5698536496192728,30.257597127070767,3.832750309319085,5.838693983793794,-8.107534317968316,15.24724161720686,cluster_plus_withinstudy,agreement_natural_log_tau2_direct_v1,provisional
arf,531,14,2.0348189240437327,32.148828023306045,2.8485230801650196,5.915855906246454,-9.796892888449175,13.866530736536642,cluster_plus_withinstudy,agreement_natural_log_tau2_direct_v1,provisional
arf,532,14,2.119222756146102,22.00739528870209,4.087561090700855,5.10832226659624,-8.097421777046378,12.33586728933858,cluster_plus_withinstudy,agreement_natural_log_tau2_direct_v1,provisional
arf,533,14,1.2762140799077188,33.61019769678264,1.6019116701332872,5.933979218611735,-10.59174435731575,13.144172517131189,cluster_plus_withinstudy,agreement_natural_log_tau2_direct_v1,provisional
arf,534,14,1.4445589615989491,30.297556369343713,2.803532089974548,5.753354539685371,-10.062150117771793,12.95126804096969,cluster_plus_withinstudy,agreement_natural_log_tau2_direct_v1,provisional
arf,535,14,1.610476279030169,25.890342340584493,1.0314208778052185,5.188618623332197,-8.766760967634227,11.987713525694563,cluster_plus_withinstudy,agreement_natural_log_tau2_direct_v1,provisional
arf,536,14,0.9789313760601249,23.342048866501507,2.2578162078674096,5.059630922742183,-9.140330469424242,11.098193221544491,cluster_plus_withinstudy,agreement_natural_log_tau2_direct_v1,provisional
arf,537,14,2.3062600414155545,31.046456999244434,2.444710737909468,5.787155409797969,-9.268050778180385,13.880570861011492,cluster_plus_withinstudy,agreement_natural_log_tau2_direct_v1,provisional
arf,538,14,1.445792465899996,20.886028474523822,2.2741347007477075,4.812500719508677,-8.179208973117357,11.07079390491735,cluster_plus_withinstudy,agreement_natural_log_tau2_direct_v1,provisional
arf,539,14,1.4656317560882997,24.514400399501735,3.5774336332760326,5.300173019136052,-9.134714282183804,12.065977794360403,cluster_plus_withinstudy,agreement_natural_log_tau2_direct_v1,provisional
arf,540,14,0.27304519570889135,18.144451774109204,1.7037188130559744,4.45512857133946,-8.63721194697003,9.183302338387811,cluster_plus_withinstudy,agreement_natural_log_tau2_direct_v1,provisional
arf,541,14,0.9201277264806895,20.216556996078346,2.5464598058893717,4.771060343568053,-8.621992960655417,10.462248413616797,cluster_plus_withinstudy,agreement_natural_log_tau2_direct_v1,provisional
arf,542,14,1.3986902204418834,22.732185447772828,3.4283639100828895,5.114738444715988,-8.830786668990092,11.628167109873859,cluster_plus_withinstudy,agreement_natural_log_tau2_direct_v1,provisional
arf,543,14,2.232552124745802,24.68194529824328,7.124912422044136,5.6397568848566,-9.046961644967398,13.512065894459,cluster_plus_withinstudy,agreement_natural_log_tau2_direct_v1,provisional
arf,544,14,0.7211870137168606,18.862917254359598,0.7348380707368338,4.4269352067876975,-8.132683399858534,9.575057427292256,cluster_plus_withinstudy,agreement_natural_log_tau2_direct_v1,provisional
arf,545,14,2.509383584073553,16.818681406089887,5.7212861109318975,4.7476275672194195,-6.985871550365285,12.004638718512393,cluster_plus_withinstudy,agreement_natural_log_tau2_direct_v1,provisional
arf,546,14,1.2245195013757524,23.627605092484117,1.208614910062905,4.983595088141393,-8.742670674907034,11.191709677658539,cluster_plus_withinstudy,agreement_natural_log_tau2_direct_v1,provisional
arf,547,14,3.5412369954035348,45.53390939159199,7.220028209702108,7.263190593760713,-10.985144192117891,18.06761818292496,cluster_plus_withinstudy,agreement_natural_log_tau2_direct_v1,provisional
arf,548,14,2.1086954446621484,15.722354795366508,3.2963860702478733,4.3610481384197515,-6.613400832177355,10.830791721501651,cluster_plus_withinstudy,agreement_natural_log_tau2_direct_v1,provisional
arf,549,14,1.7970907318215377,23.218515503775894,2.696656736881399,5.090694671717927,-8.384298611614316,11.97848007525739,cluster_plus_withinstudy,agreement_natural_log_tau2_direct_v1,provisional
arf,550,14,1.5918526583011938,36.54833872327377,4.3280664843353,6.393465821259161,-11.195078984217128,14.378784300819516,cluster_plus_withinstudy,agreement_natural_log_tau2_direct_v1,provisional
arf,551,14,0.14174278209803198,14.465637186486369,0.9644912169729385,3.928120212450137,-7.714497642802241,7.997983206998306,cluster_plus_withinstudy,agreement_natural_log_tau2_direct_v1,provisional
arf,552,14,1.630477943952524,30.39670741993723,4.360239702359119,5.895502279051069,-10.160526614149614,13.421482502054662,cluster_plus_withinstudy,agreement_natural_log_tau2_direct_v1,provisional
arf,553,14,4.185570051807711,36.804845852918774,7.697644720121377,6.671018705793003,-9.156467359778294,17.527607463393718,cluster_plus_withinstudy,agreement_natural_log_tau2_direct_v1,provisional
arf,554,14,0.9902327752287959,12.703616806329565,1.1627931323021063,3.723762873577166,-6.457292971925536,8.437758522383128,cluster_plus_withinstudy,agreement_natural_log_tau2_direct_v1,provisional
arf,555,14,0.8358836094587129,23.316457533108025,1.330476383418621,4.96456784791251,-9.093252086366306,10.765019305283733,cluster_plus_withinstudy,agreement_natural_log_tau2_direct_v1,provisional
arf,556,14,1.6276301366862809,30.08660217964108,2.1758438635646677,5.680004053097652,-9.732377969509024,12.987638242881584,cluster_plus_withinstudy,agreement_natural_log_tau2_direct_v1,provisional
arf,557,14,1.1083306012938205,26.31583592917164,2.1442770627510024,5.334802057426558,-9.561273513559296,11.777934716146937,cluster_plus_withinstudy,agreement_natural_log_tau2_direct_v1,provisional
arf,558,14,1.0686201729114146,28.394516902865302,5.4975084364517635,5.82168578156852,-10.574751390225625,12.711991736048454,cluster_plus_withinstudy,agreement_natural_log_tau2_direct_v1,provisional
arf,559,14,0.9070318915094153,30.682573225179297,3.008775827766128,5.804424954545061,-10.701818017580706,12.515881800599537,cluster_plus_withinstudy,agreement_natural_log_tau2_direct_v1,provisional
arf,560,14,1.5545415465003827,15.536038176443125,1.1821718498580585,4.0887907780053,-6.623040009510216,9.732123102510982,cluster_plus_withinstudy,agreement_natural_log_tau2_direct_v1,provisional
arf,561,14,1.5841679974500429,24.555106788879456,1.2867910261018207,5.083492678757517,-8.582817360064992,11.751153354965078,cluster_plus_withinstudy,agreement_natural_log_tau2_direct_v1,provisional
arf,562,14,3.384906640126729,24.827887429977263,4.468589031299957,5.412621958097316,-7.440337276067902,14.210150556321361,cluster_plus_withinstudy,agreement_natural_log_tau2_direct_v1,provisional
arf,563,14,1.750840577579684,20.516597954859076,3.5085772612945734,4.9015482468454445,-8.052255916111205,11.553937071270573,cluster_plus_withinstudy,agreement_natural_log_tau2_direct_v1,provisional
arf,564,14,0.13109762008503711,15.386359574302684,0.5346096428491137,3.990108922968369,-7.849120225851701,8.111315466021775,cluster_plus_withinstudy,agreement_natural_log_tau2_direct_v1,provisional
arf,565,14,1.790803831374821,36.652497964490436,2.9255662261029074,6.291109933119381,-10.791416034863943,14.373023697613583,cluster_plus_withinstudy,agreement_natural_log_tau2_direct_v1,provisional
arf,566,14,0.7548117741745138,25.887243670804015,0.9662244901063556,5.1820332072373265,-9.60925464030014,11.118878188649166,cluster_plus_withinstudy,agreement_natural_log_tau2_direct_v1,provisional
arf,567,14,1.1683245541391458,21.99125898680256,3.650785397526866,5.063797427260438,-8.95927030038173,11.295919408660021,cluster_plus_withinstudy,agreement_natural_log_tau2_direct_v1,provisional
arf,568,14,1.6821888000848624,37.744540138852706,6.176851021384909,6.627321567589551,-11.572454335094239,14.936831935263964,cluster_plus_withinstudy,agreement_natural_log_tau2_direct_v1,provisional
arf,569,14,1.9308336659484626,21.60565667743833,6.138276859703696,5.267251041780905,-8.603668417613347,12.465335749510272,cluster_plus_withinstudy,agreement_natural_log_tau2_direct_v1,provisional
arf,570,14,2.2366698256384097,32.289565914015476,4.863830579852088,6.095358602565362,-9.954047379492314,14.427387030769134,cluster_plus_withinstudy,agreement_natural_log_tau2_direct_v1,provisional
arf,571,14,0.5006310484809423,22.955019491382565,0.8258409139961475,4.876562355325595,-9.252493662170247,10.253755759132131,cluster_plus_withinstudy,agreement_natural_log_tau2_direct_v1,provisional
arf,572,14,2.465514857743885,24.379641374253055,4.790282941861908,5.40091883998593,-8.336322822227974,13.267352537715745,cluster_plus_withinstudy,agreement_natural_log_tau2_direct_v1,provisional
arf,573,14,0.6867612765968981,33.58734134203047,5.1219508276869945,6.221679208197532,-11.756597139798165,13.130119692991963,cluster_plus_withinstudy,agreement_natural_log_tau2_direct_v1,provisional
arf,574,14,1.1245675614125954,14.385500907551872,1.5243479009909944,3.9887151826801155,-6.852862803947636,9.101997926772826,cluster_plus_withinstudy,agreement_natural_log_tau2_direct_v1,provisional
arf,575,14,2.5394516499754025,19.12955458149221,3.4089864866419295,4.747477337295476,-6.955503024615549,12.034406324566355,cluster_plus_withinstudy,agreement_natural_log_tau2_direct_v1,provisional
arf,576,14,2.6129260100595353,27.77560864552467,8.029983197317032,5.983777389144896,-9.354628768230256,14.580480788349327,cluster_plus_withinstudy,agreement_natural_log_tau2_direct_v1,provisional
arf,577,14,1.8747235958877968,23.343548955867682,2.5748247343290847,5.091009103330769,-8.307294610773742,12.056741802549336,cluster_plus_withinstudy,agreement_natural_log_tau2_direct_v1,provisional
arf,578,14,1.9317707494870402,23.115588250290134,3.270368083585438,5.136726227265336,-8.341681705043632,12.205223204017711,cluster_plus_withinstudy,agreement_natural_log_tau2_direct_v1,provisional
arf,579,14,1.147487710432104,26.461678498361803,1.2079868271891863,5.26019632005793,-9.372904929683756,11.667880350547964,cluster_plus_withinstudy,agreement_natural_log_tau2_direct_v1,provisional
arf,580,14,0.949037403074213,22.977192432963605,1.6566840826895737,4.963252614531441,-8.977467825988668,10.875542632137094,cluster_plus_withinstudy,agreement_natural_log_tau2_direct_v1,provisional
arf,581,14,1.3073278069581789,24.14714348730095,4.730062483895324,5.373751573267625,-9.44017533957707,12.054830953493429,cluster_plus_withinstudy,agreement_natural_log_tau2_direct_v1,provisional
arf,582,14,0.8902805418892987,19.419626310039106,1.86230419260369,4.61323427788388,-8.336188013878461,10.116749097657058,cluster_plus_withinstudy,agreement_natural_log_tau2_direct_v1,provisional
arf,583,14,0.8444850646717029,25.058390149043703,2.2278492898854516,5.223623209892646,-9.60276135511359,11.291731484456996,cluster_plus_withinstudy,agreement_natural_log_tau2_direct_v1,provisional
arf,584,14,1.1863955960925257,27.64949916626089,5.503995259569038,5.757907122021849,-10.329418647951172,12.702209840136224,cluster_plus_withinstudy,agreement_natural_log_tau2_direct_v1,provisional
arf,585,14,0.760656751610186,23.681589461316232,2.6077789030930365,5.1273159025370445,-9.493975053463902,11.015288556684276,cluster_plus_withinstudy,agreement_natural_log_tau2_direct_v1,provisional
arf,586,14,1.349632626476859,21.228853511244413,2.8296748208796325,4.9049493710051735,-8.460266115533488,11.159531368487206,cluster_plus_withinstudy,agreement_natural_log_tau2_direct_v1,provisional
arf,587,14,2.408255440606847,32.48178882012687,5.706980556283432,6.179706253246209,-9.951157065885571,14.767667947099266,cluster_plus_withinstudy,agreement_natural_log_tau2_direct_v1,provisional
arf,588,14,1.391750089865949,27.88501673268562,1.4718059055708517,5.418193669319737,-9.444637248773525,12.228137428505423,cluster_plus_withinstudy,agreement_natural_log_tau2_direct_v1,provisional
arf,589,14,0.3374381134969417,17.129527537748984,1.0857914669165691,4.267940838936917,-8.198443564376891,8.873319791370776,cluster_plus_withinstudy,agreement_natural_log_tau2_direct_v1,provisional
arf,590,14,3.492930162427493,37.0575013329796,5.195394033079152,6.500222716650465,-9.507515270873437,16.493375595728423,cluster_plus_withinstudy,agreement_natural_log_tau2_direct_v1,provisional
arf,591,14,1.828947756118316,18.340487181786365,2.54012609732886,4.569530969269737,-7.310114182421158,10.96800969465779,cluster_plus_withinstudy,agreement_natural_log_tau2_direct_v1,provisional
arf,592,14,3.355445056721629,39.60545654627187,5.35395229531601,6.705177763608351,-10.054910470495072,16.76580058393833,cluster_plus_withinstudy,agreement_natural_log_tau2_direct_v1,provisional
arf,593,14,0.7345734410468726,26.062513876571607,0.3909464555131136,5.143292751932824,-9.552012062818775,11.021158944912521,cluster_plus_withinstudy,agreement_natural_log_tau2_direct_v1,provisional
arf,594,14,2.0123400906938964,22.225263865324987,2.3572470194320334,4.958075320601435,-7.9038105505089735,11.928490731896767,cluster_plus_withinstudy,agreement_natural_log_tau2_direct_v1,provisional
arf,595,14,2.579620376135297,23.665640727355175,2.640158920144696,5.128917980188401,-7.678215584241505,12.8374563365121,cluster_plus_withinstudy,agreement_natural_log_tau2_direct_v1,provisional
arf,596,14,1.0052616631722353,28.51317346213846,1.6682637534202758,5.493763483765818,-9.982265304359402,11.99278863070387,cluster_plus_withinstudy,agreement_natural_log_tau2_direct_v1,provisional
arf,597,14,2.5190636691807398,39.68067243134899,6.047802454490692,6.762283259805055,-11.00550285042937,16.04363018879085,cluster_plus_withinstudy,agreement_natural_log_tau2_direct_v1,provisional
arf,598,14,1.4792170381469982,20.244538712828003,2.748635542437947,4.795119837424916,-8.111022636702833,11.06945671299683,cluster_plus_withinstudy,agreement_natural_log_tau2_direct_v1,provisional
arf,599,14,2.711425556989179,29.808028068011872,5.590728452690853,5.949685413591438,-9.187945270193698,14.610796384172055,cluster_plus_withinstudy,agreement_natural_log_tau2_direct_v1,provisional
arf,600,14,2.588615577903567,33.825083299423575,6.638704309753504,6.361115280292999,-10.133614982682431,15.310846138489566,cluster_plus_withinstudy,agreement_natural_log_tau2_direct_v1,provisional
arf,601,14,3.0921537451379115,30.300152907998424,4.584765115419761,5.906345572637804,-8.720537400137696,14.90484489041352,cluster_plus_withinstudy,agreement_natural_log_tau2_direct_v1,provisional
arf,602,14,2.5784781640612655,22.05823117568553,3.0437221962161405,5.010184963841322,-7.441891763621379,12.59884809174391,cluster_plus_withinstudy,agreement_natural_log_tau2_direct_v1,provisional
arf,603,14,0.635745869614696,19.006550986611433,1.126786147489318,4.487018735652967,-8.338291601691237,9.60978334092063,cluster_plus_withinstudy,agreement_natural_log_tau2_direct_v1,provisional
arf,604,14,0.9287736743787467,14.628005329478226,0.6145940579382418,3.90417717162227,-6.879580668865794,8.737128017623286,cluster_plus_withinstudy,agreement_natural_log_tau2_direct_v1,provisional
arf,605,14,0.46813197450278077,34.9248113488344,2.2514147386877656,6.097231018054193,-11.726330061605605,12.662594010611166,cluster_plus_withinstudy,agreement_natural_log_tau2_direct_v1,provisional
arf,606,14,1.4284649179946105,33.24432323488935,4.785917282096693,6.166866344991274,-10.905267771987939,13.762197607977159,cluster_plus_withinstudy,agreement_natural_log_tau2_direct_v1,provisional
arf,607,14,2.302050758315981,26.770567834541318,6.58275441724899,5.775233523572039,-9.248416288828096,13.85251780546006,cluster_plus_withinstudy,agreement_natural_log_tau2_direct_v1,provisional
arf,608,14,2.4894026893609853,30.505349332954935,3.0605720456276564,5.793610392370425,-9.097818095379864,14.076623474101837,cluster_plus_withinstudy,agreement_natural_log_tau2_direct_v1,provisional
arf,609,14,0.7152923874737954,20.216411717174935,2.0724386367986334,4.721106899231744,-8.726921410989693,10.157506185937283,cluster_plus_withinstudy,agreement_natural_log_tau2_direct_v1,provisional
arf,610,14,1.2699023922231716,20.99777228742778,4.099786242810742,5.009746353882452,-8.749590315541733,11.289395099988075,cluster_plus_withinstudy,agreement_natural_log_tau2_direct_v1,provisional
arf,611,14,1.6713477284229636,20.868267542778405,4.128556018331067,4.999682346020542,-8.32801696361812,11.670712420464048,cluster_plus_withinstudy,agreement_natural_log_tau2_direct_v1,provisional
arf,612,14,1.293701616653606,19.256749860809794,2.5163614320715646,4.666166659355553,-8.0386317020575,10.62603493536471,cluster_plus_withinstudy,agreement_natural_log_tau2_direct_v1,provisional
arf,613,14,1.3395802371228047,18.6047485548588,5.070163782694478,4.865687242060805,-8.391794246998804,11.070954721244414,cluster_plus_withinstudy,agreement_natural_log_tau2_direct_v1,provisional
arf,614,14,1.5277132933570818,19.873772497206474,3.0935512786362303,4.792423580594969,-8.057133867832857,11.112560454547019,cluster_plus_withinstudy,agreement_natural_log_tau2_direct_v1,provisional
arf,615,14,3.1997263472403192,58.691562443952456,6.857548265419506,8.09624052936744,-12.992754711494563,19.3922074059752,cluster_plus_withinstudy,agreement_natural_log_tau2_direct_v1,provisional
arf,616,14,0.40412866424576466,19.249900523730286,0.33287219005116725,4.425242672869077,-8.44635668149239,9.254614009983918,cluster_plus_withinstudy,agreement_natural_log_tau2_direct_v1,provisional
arf,617,14,2.483566728678279,17.712288581955242,4.9298611007334,4.758376790743735,-7.03318685280919,12.000320310165748,cluster_plus_withinstudy,agreement_natural_log_tau2_direct_v1,provisional
arf,618,14,1.5544693509806913,20.59305249769893,1.8984468258898854,4.7425203556325215,-7.930571360284352,11.039510062245734,cluster_plus_withinstudy,agreement_natural_log_tau2_direct_v1,provisional
arf,619,14,2.2485599894022616,34.45327359726548,6.478577688250486,6.397800503729072,-10.547041018055882,15.044160996860406,cluster_plus_withinstudy,agreement_natural_log_tau2_direct_v1,provisional
arf,620,14,1.4384417396100655,18.956486167894706,3.713895061637655,4.7613423768441985,-8.084243014078332,10.961126493298462,cluster_plus_withinstudy,agreement_natural_log_tau2_direct_v1,provisional
arf,621,14,0.18845149267874825,16.55773471680863,0.3655950235039266,4.1137974841152,-8.039143475551652,8.416046460909149,cluster_plus_withinstudy,agreement_natural_log_tau2_direct_v1,provisional
arf,622,14,2.190079758581446,33.57396273234969,2.9702913445117494,6.0451843707914685,-9.900288983001492,14.280448500164383,cluster_plus_withinstudy,agreement_natural_log_tau2_direct_v1,provisional
arf,623,14,1.382812709915458,13.171754349083232,3.991092671199096,4.1428066597757525,-6.9028006096360475,9.668426029466962,cluster_plus_withinstudy,agreement_natural_log_tau2_direct_v1,provisional
arf,624,14,2.649799953509983,32.30288320718092,3.7442900524140432,6.003929818010447,-9.35805968251091,14.657659589530878,cluster_plus_withinstudy,agreement_natural_log_tau2_direct_v1,provisional
arf,625,14,1.5195131747879724,22.97226035683629,4.265431034893284,5.218974170440928,-8.918435166093884,11.957461515669829,cluster_plus_withinstudy,agreement_natural_log_tau2_direct_v1,provisional
arf,626,14,1.0329188864132655,18.389486604263862,3.0578690335822136,4.63112898091233,-8.229339075411396,10.295176848237926,cluster_plus_withinstudy,agreement_natural_log_tau2_direct_v1,provisional
arf,627,14,2.2133751290683734,21.638015594623006,4.890779394525635,5.1506111277351,-8.087847126401828,12.514597384538574,cluster_plus_withinstudy,agreement_natural_log_tau2_direct_v1,provisional
arf,628,14,0.005504231544846713,14.708197831503764,0.9223656857882636,3.9535507480354957,-7.901597264526145,7.912605727615838,cluster_plus_withinstudy,agreement_natural_log_tau2_direct_v1,provisional
arf,629,14,1.6592908002501878,24.51630709054005,2.7956039435907214,5.226079891671268,-8.792868983092347,12.111450583592724,cluster_plus_withinstudy,agreement_natural_log_tau2_direct_v1,provisional
arf,630,14,1.8394449396041206,29.284151872559935,2.847370574654734,5.668467380801857,-9.497489821999594,13.176379701207836,cluster_plus_withinstudy,agreement_natural_log_tau2_direct_v1,provisional
arf,631,14,1.4248892377312883,12.671684804219634,1.5937201357133959,3.776957100621217,-6.129024963511146,8.978803438973722,cluster_plus_withinstudy,agreement_natural_log_tau2_direct_v1,provisional
arf,632,14,1.2401595786448325,18.38579445064064,3.8042337336344034,4.710629276888072,-8.181098975131313,10.661418132420977,cluster_plus_withinstudy,agreement_natural_log_tau2_direct_v1,provisional
arf,633,14,2.6312338715742865,24.788211490298487,5.4005257797432265,5.494427838277769,-8.357621804981251,13.620089548129824,cluster_plus_withinstudy,agreement_natural_log_tau2_direct_v1,provisional
arf,634,14,1.1785361447363825,28.754713390740093,4.848535459907121,5.796830931694249,-10.415125718652115,12.77219800812488,cluster_plus_withinstudy,agreement_natural_log_tau2_direct_v1,provisional
arf,635,14,3.222860463487122,17.32739029860854,4.631210603499068,4.686000523058828,-6.149140582630535,12.594861509604778,cluster_plus_withinstudy,agreement_natural_log_tau2_direct_v1,provisional
arf,636,14,1.7221668633695586,17.431896859313742,3.001451133662232,4.520326093654746,-7.3184853239399335,10.76281905067905,cluster_plus_withinstudy,agreement_natural_log_tau2_direct_v1,provisional
arf,637,14,2.284493820076124,40.480078039420256,5.45327884029316,6.777415206383139,-11.270336592690155,15.839324232842403,cluster_plus_withinstudy,agreement_natural_log_tau2_direct_v1,provisional
arf,638,14,2.048600950311189,21.99565926228857,6.225971187529894,5.312403453223264,-8.57620595613534,12.673407856757716,cluster_plus_withinstudy,agreement_natural_log_tau2_direct_v1,provisional
arf,639,14,1.511977548632395,20.723515699037524,2.930162691614416,4.863504743562192,-8.21503193849199,11.238987035756779,cluster_plus_withinstudy,agreement_natural_log_tau2_direct_v1,provisional
arf,640,14,2.677219358480035,23.10059556592299,5.533061327028508,5.3510425986859325,-8.02486583889183,13.379304555851899,cluster_plus_withinstudy,agreement_natural_log_tau2_direct_v1,provisional
arf,641,14,0.9739879252954636,11.918139277323988,1.5804816694646366,3.674046944009919,-6.374105962724374,8.322081813315302,cluster_plus_withinstudy,agreement_natural_log_tau2_direct_v1,provisional
arf,642,14,1.3891574805692757,13.993638710306888,3.7470176946896356,4.211965859903962,-7.034774239238649,9.8130892003772,cluster_plus_withinstudy,agreement_natural_log_tau2_direct_v1,provisional
arf,643,14,2.189490989863418,19.923658730564487,5.242484487462112,5.016586809577464,-7.84368262929151,12.222664609018345,cluster_plus_withinstudy,agreement_natural_log_tau2_direct_v1,provisional
arf,644,14,3.2385337713054145,37.86821341387215,3.8976223111004416,6.462649280672176,-9.686764790038938,16.16383233264977,cluster_plus_withinstudy,agreement_natural_log_tau2_direct_v1,provisional
arf,645,14,0.8704606515495227,16.954961463597357,1.9206783593635124,4.3446104339699865,-7.818760216390451,9.559681519489496,cluster_plus_withinstudy,agreement_natural_log_tau2_direct_v1,provisional
arf,646,14,1.847300365436388,30.487403297562906,5.417504118226625,5.992070378073803,-10.13684039071122,13.831441121583994,cluster_plus_withinstudy,agreement_natural_log_tau2_direct_v1,provisional
arf,647,14,3.1616329676980044,30.803610016328825,6.609132466706464,6.116595661234711,-9.071558354771417,15.394824290167426,cluster_plus_withinstudy,agreement_natural_log_tau2_direct_v1,provisional
arf,648,14,1.9802788563597034,21.28623525928469,3.715159078588809,5.000139431843226,-8.020000007326749,11.980557720046155,cluster_plus_withinstudy,agreement_natural_log_tau2_direct_v1,provisional
arf,649,14,0.5752720549194573,11.704424722720589,0.31771583817633225,3.4672958571337578,-6.359319659348058,7.509863769186973,cluster_plus_withinstudy,agreement_natural_log_tau2_direct_v1,provisional
arf,650,14,1.9463077860251836,23.482957924903175,4.089940692603862,5.25099025113426,-8.555672716243336,12.448288288293703,cluster_plus_withinstudy,agreement_natural_log_tau2_direct_v1,provisional
arf,651,14,1.2767145859354359,19.14962719655131,1.8547148629055434,4.583049427996261,-7.889384270057086,10.442813441927957,cluster_plus_withinstudy,agreement_natural_log_tau2_direct_v1,provisional
arf,652,14,1.3384200145996994,29.503950370329704,3.7048681644853083,5.762709305076477,-10.186998595553256,12.863838624752653,cluster_plus_withinstudy,agreement_natural_log_tau2_direct_v1,provisional
arf,653,14,3.040927394268144,35.51311386379348,7.487137085034815,6.557457658942854,-10.073987923617565,16.155842712153852,cluster_plus_withinstudy,agreement_natural_log_tau2_direct_v1,provisional
arf,654,14,2.9682649880802154,26.010086890232813,6.403055053148676,5.69325407332059,-8.418243158560966,14.354773134721395,cluster_plus_withinstudy,agreement_natural_log_tau2_direct_v1,provisional
arf,655,14,1.9141385326705085,26.944713654026284,3.762131307786283,5.541375728265732,-9.168612923860955,12.996889989201971,cluster_plus_withinstudy,agreement_natural_log_tau2_direct_v1,provisional
arf,656,14,1.8136461983866194,23.542032533427186,2.2460731752700025,5.078199061547035,-8.34275192470745,11.970044321480689,cluster_plus_withinstudy,agreement_natural_log_tau2_direct_v1,provisional
arf,657,14,1.1765062017544996,25.37046333820864,4.504527293117825,5.4658019202424875,-9.755097638730476,12.108110042239474,cluster_plus_withinstudy,agreement_natural_log_tau2_direct_v1,provisional
arf,658,14,3.428781299961351,42.742241926727566,6.213606073847566,6.996845575012723,-10.564909850064096,17.4224724499868,cluster_plus_withinstudy,agreement_natural_log_tau2_direct_v1,provisional
arf,659,14,2.3960201055435135,28.314850921818017,4.32051484836246,5.712737152204753,-9.029454198865993,13.82149440995302,cluster_plus_withinstudy,agreement_natural_log_tau2_direct_v1,provisional
arf,660,14,1.3924611850049218,42.38834550019127,3.2018408079313314,6.752050526182591,-12.11163986736026,14.896562237370105,cluster_plus_withinstudy,agreement_natural_log_tau2_direct_v1,provisional
arf,661,14,1.187991943353159,34.72765415005243,4.617391862695599,6.27256295406814,-11.35713396478312,13.733117851489439,cluster_plus_withinstudy,agreement_natural_log_tau2_direct_v1,provisional
arf,662,14,0.5810751515907248,17.181828620930965,0.641826571947405,4.221807100387033,-7.862539049183341,9.02468935236479,cluster_plus_withinstudy,agreement_natural_log_tau2_direct_v1,provisional
arf,663,14,0.9702876636579832,18.734227419668695,3.3221647920604815,4.696423342473416,-8.42255902128885,10.363134348604815,cluster_plus_withinstudy,agreement_natural_log_tau2_direct_v1,provisional
arf,664,14,1.4426617694573378,14.892159398718263,1.7113922093432288,4.074745588139399,-6.706829406821459,9.592152945736135,cluster_plus_withinstudy,agreement_natural_log_tau2_direct_v1,provisional
arf,665,14,1.0977496946220453,24.601008430868454,1.2608712363226693,5.085457665460516,-9.073165636298986,11.268665025543077,cluster_plus_withinstudy,agreement_natural_log_tau2_direct_v1,provisional
arf,666,14,2.5749001121554627,17.419736112633874,7.0009822105695765,4.941732320067878,-7.308564527980293,12.458364752291219,cluster_plus_withinstudy,agreement_natural_log_tau2_direct_v1,provisional
arf,667,14,1.4609053543711183,34.516382235497645,3.3844588466213885,6.156365898979611,-10.851826443588104,13.77363715233034,cluster_plus_withinstudy,agreement_natural_log_tau2_direct_v1,provisional
arf,668,14,3.8286852896755827,39.969417622653424,7.5744291102528,6.895204618639408,-9.961723947603232,17.6190945269544,cluster_plus_withinstudy,agreement_natural_log_tau2_direct_v1,provisional
arf,669,14,2.1484856764524074,41.04130631251037,7.8018239006121854,6.988786032861684,-11.82908638927096,16.126057742175774,cluster_plus_withinstudy,agreement_natural_log_tau2_direct_v1,provisional
arf,670,14,0.9192804536212084,13.407918436431281,0.7921081403541717,3.7682922626549886,-6.6173040716887686,8.455864978931185,cluster_plus_withinstudy,agreement_natural_log_tau2_direct_v1,provisional
arf,671,14,2.7154940777530436,29.408102702619676,4.495053513306399,5.82264168706319,-8.929789296373336,14.360777451879425,cluster_plus_withinstudy,agreement_natural_log_tau2_direct_v1,provisional
arf,672,14,0.18446383161747823,21.023440975306844,0.517587959457819,4.6412314028460875,-9.097998974074697,9.466926637309653,cluster_plus_withinstudy,agreement_natural_log_tau2_direct_v1,provisional
arf,673,14,1.20727784000157,27.346613021628013,3.149768228218432,5.522352872630147,-9.837427905258725,12.251983585261865,cluster_plus_withinstudy,agreement_natural_log_tau2_direct_v1,provisional
arf,674,14,0.6645651993092292,26.02546810494378,4.552767404495356,5.529759082404869,-10.394952965500508,11.724083364118968,cluster_plus_withinstudy,agreement_natural_log_tau2_direct_v1,provisional
arf,675,14,0.8939157828553492,21.261640513393875,1.914593633888515,4.814170141081679,-8.734424499308009,10.522256065018706,cluster_plus_withinstudy,agreement_natural_log_tau2_direct_v1,provisional
arf,676,14,0.9719804285193799,21.20088766083637,1.1717503192819414,4.729972302256992,-8.487964175994604,10.431925033033364,cluster_plus_withinstudy,agreement_natural_log_tau2_direct_v1,provisional
arf,677,14,2.638285142294463,19.985750726456835,5.840379686314787,5.081941598717131,-7.525598055139798,12.802168339728723,cluster_plus_withinstudy,agreement_natural_log_tau2_direct_v1,provisional
arf,678,14,0.8154678833275594,23.4272779321176,2.360820417665194,5.078198336987518,-9.340928790647478,10.971864557302595,cluster_plus_withinstudy,agreement_natural_log_tau2_direct_v1,provisional
arf,679,14,1.0419892558194288,21.874102550105363,0.5902148238288512,4.739653718778853,-8.437318181738277,10.521296693377135,cluster_plus_withinstudy,agreement_natural_log_tau2_direct_v1,provisional
arf,680,14,1.942593464191798,20.13176970609667,2.627530251460432,4.770670807921785,-7.5987481516517725,11.48393508003537,cluster_plus_withinstudy,agreement_natural_log_tau2_direct_v1,provisional
arf,681,14,3.25514802859987,29.0332156527161,5.354453614861847,5.86410003901519,-8.47305204943051,14.983348106630249,cluster_plus_withinstudy,agreement_natural_log_tau2_direct_v1,provisional
arf,682,14,2.609537186868655,33.82307528415019,7.365739422635126,6.417851253089722,-10.22616531931079,15.4452396930481,cluster_plus_withinstudy,agreement_natural_log_tau2_direct_v1,provisional
arf,683,14,1.5758431621565498,24.34623950693742,5.523498777324606,5.465321425521286,-9.354799688886022,12.506486013199122,cluster_plus_withinstudy,agreement_natural_log_tau2_direct_v1,provisional
arf,684,14,1.0113062406383835,20.82426047879076,1.2815935356150807,4.701686294767637,-8.392066348896892,10.414678830173658,cluster_plus_withinstudy,agreement_natural_log_tau2_direct_v1,provisional
arf,685,14,0.13360724036735433,17.756606623164544,1.9907590389301455,4.443800812603406,-8.753994384839459,9.021208865574167,cluster_plus_withinstudy,agreement_natural_log_tau2_direct_v1,provisional
arf,686,14,2.4022396723995887,48.677630976319925,5.937478763683583,7.390203633189244,-12.3781675939789,17.182646938778078,cluster_plus_withinstudy,agreement_natural_log_tau2_direct_v1,provisional
arf,687,14,1.9049162918837006,33.409664106197965,2.8311668001721784,6.02003578945924,-10.13515528703478,13.944987870802182,cluster_plus_withinstudy,agreement_natural_log_tau2_direct_v1,provisional
arf,688,14,1.3274758750845488,19.364272746769846,3.666251161350949,4.799012805579997,-8.270549736075445,10.925501486244542,cluster_plus_withinstudy,agreement_natural_log_tau2_direct_v1,provisional
arf,689,14,2.0704790087605396,18.392633078938424,3.2362468830547533,4.650685966821795,-7.230892924883051,11.37185094240413,cluster_plus_withinstudy,agreement_natural_log_tau2_direct_v1,provisional
arf,690,14,0.9308750381813051,21.768013249396393,1.0434941315819832,4.7761393803969305,-8.621403722612555,10.483153798975167,cluster_plus_withinstudy,agreement_natural_log_tau2_direct_v1,provisional
arf,691,14,2.9285324682446587,30.261898038791397,6.851179542372841,6.092050359375261,-9.255568250505863,15.112633186995179,cluster_plus_withinstudy,agreement_natural_log_tau2_direct_v1,provisional
arf,692,14,1.385638257824285,20.39348840374803,2.8016792368029693,4.816136173381209,-8.246634088938134,11.017910604586703,cluster_plus_withinstudy,agreement_natural_log_tau2_direct_v1,provisional
arf,693,14,3.6264429494857464,46.22901640154662,5.430033566866187,7.187423040868876,-10.748403132252006,18.0012890312235,cluster_plus_withinstudy,agreement_natural_log_tau2_direct_v1,provisional
arf,694,14,1.691157100863633,19.00515571119286,3.775633416426441,4.772922493359734,-7.854687885855835,11.2370020875831,cluster_plus_withinstudy,agreement_natural_log_tau2_direct_v1,provisional
arf,695,14,2.8510217285778436,22.421824924669085,3.004794543299914,5.042481479189487,-7.23394122980113,12.935984686956818,cluster_plus_withinstudy,agreement_natural_log_tau2_direct_v1,provisional
arf,696,14,0.7874732522109393,25.903988222814693,1.3591532490274298,5.221411827450706,-9.655350402690473,11.23029690711235,cluster_plus_withinstudy,agreement_natural_log_tau2_direct_v1,provisional
arf,697,14,1.5859421300064902,27.23115164312718,2.1611926204524265,5.421470673496224,-9.256999216985959,12.428883476998939,cluster_plus_withinstudy,agreement_natural_log_tau2_direct_v1,provisional
arf,698,14,0.824600240393145,12.763856219595878,0.5979651105953991,3.655382514893794,-6.486164789394444,8.135365270180733,cluster_plus_withinstudy,agreement_natural_log_tau2_direct_v1,provisional
arf,699,14,2.76418603913791,43.53090733805258,3.8704831742722816,6.8848667752052295,-11.00554751127255,16.53391958954837,cluster_plus_withinstudy,agreement_natural_log_tau2_direct_v1,provisional
arf,700,14,2.38897562856638,37.48206336867491,6.720193097614562,6.648477755568523,-10.907979882570666,15.685931139703426,cluster_plus_withinstudy,agreement_natural_log_tau2_direct_v1,provisional
arf,701,14,1.6885878528240974,19.578414731003637,1.8191954033477284,4.625755088020913,-7.5629223232177285,10.940098028865924,cluster_plus_withinstudy,agreement_natural_log_tau2_direct_v1,provisional
arf,702,14,1.501336710265293,30.693732981329855,4.153537787791176,5.903157694752956,-10.30497867924062,13.307652099771204,cluster_plus_withinstudy,agreement_natural_log_tau2_direct_v1,provisional
arf,703,14,1.0727185064205482,25.946897552224964,3.9199944092831105,5.465061020840305,-9.857403535260062,12.002840548101158,cluster_plus_withinstudy,agreement_natural_log_tau2_direct_v1,provisional
arf,704,14,0.5907651931169854,21.862298693391686,2.0943168975866757,4.894549579989803,-9.198333966862622,10.379864353096592,cluster_plus_withinstudy,agreement_natural_log_tau2_direct_v1,provisional
arf,705,14,1.6172093554874127,21.926420636230507,3.500574994196308,5.042518778391095,-8.467828201294777,11.702246912269603,cluster_plus_withinstudy,agreement_natural_log_tau2_direct_v1,provisional
arf,706,14,2.2832843753330923,32.243058714573095,2.7954652991216022,5.919334761077017,-9.55538514682094,14.121953897487126,cluster_plus_withinstudy,agreement_natural_log_tau2_direct_v1,provisional
arf,707,14,0.661030145166175,20.977213800613995,1.2789388009431812,4.717642695410196,-8.774255245654217,10.096315535986566,cluster_plus_withinstudy,agreement_natural_log_tau2_direct_v1,provisional
arf,708,14,1.7816785327414637,17.41031489160028,3.2511001649436366,4.545482928858486,-7.309287324975508,10.872644390458436,cluster_plus_withinstudy,agreement_natural_log_tau2_direct_v1,provisional
arf,709,14,0.38685460750995904,21.34234361855519,0.6633677690217639,4.6910245562752015,-8.995194505040445,9.768903720060361,cluster_plus_withinstudy,agreement_natural_log_tau2_direct_v1,provisional
arf,710,14,1.1317872364907293,24.586250379466325,0.3820118329969291,4.996825213319279,-8.86186319014783,11.125437663129286,cluster_plus_withinstudy,agreement_natural_log_tau2_direct_v1,provisional
arf,711,14,1.1381507356201914,17.95682757077998,0.7000640609919687,4.319362410330019,-7.500574085039846,9.77687555628023,cluster_plus_withinstudy,agreement_natural_log_tau2_direct_v1,provisional
arf,712,14,2.5215112748036095,20.37929538853736,3.846721426013217,4.92199317498009,-7.32247507515657,12.365497624763789,cluster_plus_withinstudy,agreement_natural_log_tau2_direct_v1,provisional
arf,713,14,2.7333682665138,28.35673214294152,4.4131809796490105,5.7245011243418,-8.7156339821698,14.1823705151974,cluster_plus_withinstudy,agreement_natural_log_tau2_direct_v1,provisional
arf,714,14,3.5585056356129865,57.005753295124975,3.9880786850347922,7.809854798916544,-12.061203962220102,19.178215233446075,cluster_plus_withinstudy,agreement_natural_log_tau2_direct_v1,provisional
arf,715,14,1.894519244985721,28.581086560748016,5.253371583770174,5.816739477105553,-9.738959709225385,13.527998199196828,cluster_plus_withinstudy,agreement_natural_log_tau2_direct_v1,provisional
arf,716,14,0.9058688131824674,22.192299718428607,0.750919235838405,4.789908031921596,-8.673947250660724,10.485684877025658,cluster_plus_withinstudy,agreement_natural_log_tau2_direct_v1,provisional
arf,717,14,1.8488926851346474,27.762252703074896,1.8227821672461215,5.439212706846554,-9.029532728558461,12.727318098827755,cluster_plus_withinstudy,agreement_natural_log_tau2_direct_v1,provisional
arf,718,14,1.3186268753878005,33.18338603477257,3.730104424061043,6.075647328378566,-10.83266778136933,13.469921532144934,cluster_plus_withinstudy,agreement_natural_log_tau2_direct_v1,provisional
arf,719,14,2.3935969349981097,16.034199400508108,3.514164317445234,4.421353154629625,-6.449109374261141,11.23630324425736,cluster_plus_withinstudy,agreement_natural_log_tau2_direct_v1,provisional
arf,720,14,1.452771844067547,18.067891236013647,5.23798803282279,4.82761631334103,-8.202460782614514,11.108004470749608,cluster_plus_withinstudy,agreement_natural_log_tau2_direct_v1,provisional
arf,721,14,1.9276912491588805,30.541521664287522,3.866317816852899,5.865819591595058,-9.803947934031235,13.659330432348998,cluster_plus_withinstudy,agreement_natural_log_tau2_direct_v1,provisional
arf,722,14,0.9252612176890666,15.085432898015032,3.696134126071048,4.33377053200629,-7.742279846323513,9.592802281701646,cluster_plus_withinstudy,agreement_natural_log_tau2_direct_v1,provisional
arf,723,14,2.6077305179972745,37.64717233152917,6.010355147981392,6.607384314500751,-10.607038111004229,15.822499146998776,cluster_plus_withinstudy,agreement_natural_log_tau2_direct_v1,provisional
arf,724,14,0.4163917652106292,12.403439899659025,0.8618276346122824,3.642151497984578,-6.867911230758527,7.700694761179785,cluster_plus_withinstudy,agreement_natural_log_tau2_direct_v1,provisional
arf,725,14,1.7866330180492038,24.904430518074864,4.185795957960816,5.393535619242324,-9.000438220435445,12.573704256533851,cluster_plus_withinstudy,agreement_natural_log_tau2_direct_v1,provisional
arf,726,14,1.6694112539419486,19.649503478591882,4.51589411461932,4.9158313226972306,-8.162251391452513,11.50107389933641,cluster_plus_withinstudy,agreement_natural_log_tau2_direct_v1,provisional
arf,727,14,1.2608883862541285,29.13241673461495,4.387555372013861,5.789643521550253,-10.318398656846377,12.840175429354634,cluster_plus_withinstudy,agreement_natural_log_tau2_direct_v1,provisional
arf,728,14,1.8607656032390245,29.34228410454226,1.5981038021860197,5.5624084627729635,-9.264051322306903,12.985582528784951,cluster_plus_withinstudy,agreement_natural_log_tau2_direct_v1,provisional
arf,729,14,2.0224914188735985,17.01637339524078,2.024283118575788,4.363560073359432,-6.704628727845265,10.749611565592463,cluster_plus_withinstudy,agreement_natural_log_tau2_direct_v1,provisional
arf,730,14,0.8510353798676604,17.907139290914643,5.3550179016405774,4.823085857887585,-8.79513633590751,10.49720709564283,cluster_plus_withinstudy,agreement_natural_log_tau2_direct_v1,provisional
arf,731,14,1.2945231933692054,26.980379834775913,6.466540591738058,5.783331256854821,-10.272139320340438,12.861185707078848,cluster_plus_withinstudy,agreement_natural_log_tau2_direct_v1,provisional
arf,732,14,1.317123940860739,19.932872343164554,3.1745689669760004,4.8070200030934505,-8.296916065326162,10.93116394704764,cluster_plus_withinstudy,agreement_natural_log_tau2_direct_v1,provisional
arf,733,14,2.55718458204715,16.746602647042977,4.110162456474043,4.566920746358209,-6.576656910669268,11.691026074763567,cluster_plus_withinstudy,agreement_natural_log_tau2_direct_v1,provisional
arf,734,14,2.411645560247216,20.924391496793856,5.3690328602445865,5.127711415147935,-7.843777270048655,12.667068390543086,cluster_plus_withinstudy,agreement_natural_log_tau2_direct_v1,provisional
arf,735,14,2.6960673240449644,36.401171552776354,3.870056222620115,6.3459615327699925,-9.99585574149502,15.38799038958495,cluster_plus_withinstudy,agreement_natural_log_tau2_direct_v1,provisional
arf,736,14,0.3809153503395735,17.40029777708341,1.0747236549872778,4.298257953179484,-8.215600556019394,8.977431256698543,cluster_plus_withinstudy,agreement_natural_log_tau2_direct_v1,provisional
arf,737,14,1.4800430926426325,24.582821133104467,4.015148643910396,5.3477069643927635,-9.215370836142895,12.175457021428159,cluster_plus_withinstudy,agreement_natural_log_tau2_direct_v1,provisional
arf,738,14,1.8519285134632817,15.337025720624924,2.4710789697283557,4.21996501056031,-6.588001507657339,10.291858534583902,cluster_plus_withinstudy,agreement_natural_log_tau2_direct_v1,provisional
arf,739,14,3.0873275406213856,42.07076465085553,7.417273891427484,7.0347735245907534,-10.98221950856012,17.156874589802893,cluster_plus_withinstudy,agreement_natural_log_tau2_direct_v1,provisional
arf,740,14,1.8757231931037495,22.533685560842912,4.850283627615507,5.232969442721639,-8.590215692339529,12.341662078547026,cluster_plus_withinstudy,agreement_natural_log_tau2_direct_v1,provisional
arf,741,14,1.3491426031923361,19.35197280022562,1.6627679608395536,4.584183761703404,-7.819224920214472,10.517510126599143,cluster_plus_withinstudy,agreement_natural_log_tau2_direct_v1,provisional
arf,742,14,1.9498184777947958,25.38114681304662,1.6408722201160488,5.198270773359413,-8.44672306892403,12.346360024513622,cluster_plus_withinstudy,agreement_natural_log_tau2_direct_v1,provisional
arf,743,14,0.8784971677640764,15.226082750726706,0.7533829473020662,3.997432388174786,-7.116367608585495,8.873361944113649,cluster_plus_withinstudy,agreement_natural_log_tau2_direct_v1,provisional
arf,744,14,1.978991411419821,23.464080172719015,3.0299138805333294,5.147231688320659,-8.315471965221496,12.273454788061139,cluster_plus_withinstudy,agreement_natural_log_tau2_direct_v1,provisional
arf,745,14,0.5720637955629161,13.259603381146793,0.6905951972568123,3.7349964629706953,-6.897929130378475,8.042056721504308,cluster_plus_withinstudy,agreement_natural_log_tau2_direct_v1,provisional
arf,746,14,0.9473253542830705,26.511603219043867,2.943774557843678,5.427280882438972,-9.907236410594875,11.801887119161014,cluster_plus_withinstudy,agreement_natural_log_tau2_direct_v1,provisional
arf,747,14,1.2760044123016177,17.83021259673741,1.4052344657404232,4.385823418980504,-7.4956424256593905,10.047651250262625,cluster_plus_withinstudy,agreement_natural_log_tau2_direct_v1,provisional
arf,748,14,0.6924844708092622,33.93092640542729,2.1739193360817866,6.0087307928970395,-11.324977114984817,12.709946056603341,cluster_plus_withinstudy,agreement_natural_log_tau2_direct_v1,provisional
arf,749,14,2.452333646435638,28.080019080807542,3.5539651186952743,5.62440967564622,-8.796485704856803,13.701152997728077,cluster_plus_withinstudy,agreement_natural_log_tau2_direct_v1,provisional
arf,750,14,2.604385120074481,37.71505809696161,3.14091922688769,6.391868062143438,-10.179351004212394,15.388121244361356,cluster_plus_withinstudy,agreement_natural_log_tau2_direct_v1,provisional
arf,751,14,3.05466743030338,53.6937004817194,4.209584184870706,7.609420783909252,-12.164174137515126,18.273508998121883,cluster_plus_withinstudy,agreement_natural_log_tau2_direct_v1,provisional
arf,752,14,1.3448364608266195,23.181176332851603,3.8213095166882773,5.196391618184669,-9.04794677554272,11.737619697195957,cluster_plus_withinstudy,agreement_natural_log_tau2_direct_v1,provisional
arf,753,14,0.6419069762270885,23.91604028394549,0.5483773129139058,4.946151796787013,-9.250396617346937,10.534210569801115,cluster_plus_withinstudy,agreement_natural_log_tau2_direct_v1,provisional
arf,754,14,0.500364029851873,19.80272915054856,2.319435596087724,4.703420536868491,-8.90647704388511,9.907205103588856,cluster_plus_withinstudy,agreement_natural_log_tau2_direct_v1,provisional
arf,755,14,3.1590471590467586,34.40083982114282,4.582189267817959,6.243639090223007,-9.328231021399255,15.646325339492773,cluster_plus_withinstudy,agreement_natural_log_tau2_direct_v1,provisional
arf,756,14,0.7237714654977814,23.956174500332224,1.8312117881016488,5.078128226860156,-9.43248498822253,10.880027919218094,cluster_plus_withinstudy,agreement_natural_log_tau2_direct_v1,provisional
arf,757,14,2.7043525025638324,15.852618475057797,2.805561595303211,4.31951155460441,-5.934670606644987,11.343375611772652,cluster_plus_withinstudy,agreement_natural_log_tau2_direct_v1,provisional
arf,758,14,2.8255068905399185,32.63844339355296,7.667314210870547,6.348681564263836,-9.871856237987753,15.52287001906759,cluster_plus_withinstudy,agreement_natural_log_tau2_direct_v1,provisional
arf,759,14,0.5137381631907764,29.730900035414983,1.6030913324310814,5.597677319017778,-10.68161647484478,11.709092801226333,cluster_plus_withinstudy,agreement_natural_log_tau2_direct_v1,provisional
arf,760,14,1.7788228443186949,44.454117566090744,5.2259889024561055,7.0484116273488775,-12.31800041037906,15.87564609901645,cluster_plus_withinstudy,agreement_natural_log_tau2_direct_v1,provisional
arf,761,14,0.6810559739744172,11.732932604204779,0.4522650056115822,3.4907302401956475,-6.300404506416878,7.662516454365712,cluster_plus_withinstudy,agreement_natural_log_tau2_direct_v1,provisional
arf,762,14,0.9799080409941221,19.07743781336103,1.0609747760278352,4.487584271006937,-7.995260501019752,9.955076583007996,cluster_plus_withinstudy,agreement_natural_log_tau2_direct_v1,provisional
arf,763,14,2.9805140498133267,34.79281580414213,4.373322108427535,6.258285540990413,-9.5360570321675,15.497085131794153,cluster_plus_withinstudy,agreement_natural_log_tau2_direct_v1,provisional
arf,764,14,1.5861115347184587,20.938541113852597,1.8147810357125116,4.770044250273273,-7.953976965828087,11.126200035265004,cluster_plus_withinstudy,agreement_natural_log_tau2_direct_v1,provisional
arf,765,14,1.705283592766497,14.957949647871644,2.772451566224806,4.210748296217247,-6.716212999667997,10.12678018520099,cluster_plus_withinstudy,agreement_natural_log_tau2_direct_v1,provisional
arf,766,14,2.9133131792733353,34.1967080896188,4.646419491624505,6.232425497448269,-9.551537815623202,15.378164174169875,cluster_plus_withinstudy,agreement_natural_log_tau2_direct_v1,provisional
arf,767,14,2.0202037492991227,30.466450994842763,3.7289205597393305,5.84768086976214,-9.675157990225157,13.715565488823403,cluster_plus_withinstudy,agreement_natural_log_tau2_direct_v1,provisional
arf,768,14,0.9323287377245391,15.540860181776345,2.8061713407730027,4.283343498080599,-7.634358258436659,9.499015733885738,cluster_plus_withinstudy,agreement_natural_log_tau2_direct_v1,provisional
arf,769,14,1.7307939389504736,20.244865389887817,1.4465445158743913,4.657403773108169,-7.584013607265865,11.045601485166811,cluster_plus_withinstudy,agreement_natural_log_tau2_direct_v1,provisional
arf,770,14,1.230823366514223,16.695918923167934,2.8115161350924915,4.416722207504161,-7.602621048494099,10.064267781522544,cluster_plus_withinstudy,agreement_natural_log_tau2_direct_v1,provisional
arf,771,14,1.7744830557168794,19.13650232765528,1.8955281111969389,4.586069170744398,-7.3976552857719176,10.946621397205677,cluster_plus_withinstudy,agreement_natural_log_tau2_direct_v1,provisional
arf,772,14,1.4658194862543654,29.298423556105295,3.216813901784484,5.702213382353363,-9.93860727845236,12.870246250961092,cluster_plus_withinstudy,agreement_natural_log_tau2_direct_v1,provisional
arf,773,14,0.6893603422175586,20.92654534969291,1.6749565020166999,4.7541036854184835,-8.818847028619409,10.197567713054525,cluster_plus_withinstudy,agreement_natural_log_tau2_direct_v1,provisional
arf,774,14,1.1635249569525599,24.966554045716393,1.378935416533514,5.132785740925673,-9.102046524898785,11.429096438803906,cluster_plus_withinstudy,agreement_natural_log_tau2_direct_v1,provisional
arf,775,14,1.8469668682016973,42.80019793828433,9.185040911950663,7.210078976698868,-12.573191085196038,16.26712482159943,cluster_plus_withinstudy,agreement_natural_log_tau2_direct_v1,provisional
arf,776,14,0.20621760846219447,30.690213777988625,1.042721836817243,5.633199411951069,-11.060181215439943,11.472616432364333,cluster_plus_withinstudy,agreement_natural_log_tau2_direct_v1,provisional
arf,777,14,1.5049252449032746,11.835944729049475,2.110111877609364,3.734441940458954,-5.963958636014634,8.973809125821184,cluster_plus_withinstudy,agreement_natural_log_tau2_direct_v1,provisional
arf,778,14,2.556891379048838,31.301914130730374,7.238125174123461,6.2080624436980205,-9.859233508347202,14.97301626644488,cluster_plus_withinstudy,agreement_natural_log_tau2_direct_v1,provisional
arf,779,14,1.6748553420643932,12.569462066952653,3.589284946770585,4.019794399434285,-6.364733456804176,9.714444140932963,cluster_plus_withinstudy,agreement_natural_log_tau2_direct_v1,provisional
arf,780,14,1.6043566016096742,32.403193256010056,7.86296825803819,6.345562348133399,-11.086768094657124,14.29548129787647,cluster_plus_withinstudy,agreement_natural_log_tau2_direct_v1,provisional
arf,781,14,2.3632083391441836,30.189405466336105,7.833071723554451,6.166236874292988,-9.969265409441793,14.695682087730159,cluster_plus_withinstudy,agreement_natural_log_tau2_direct_v1,provisional
arf,782,14,3.170297600143659,18.77000656656009,5.3149545931408095,4.907643136954938,-6.644988673766218,12.985583874053535,cluster_plus_withinstudy,agreement_natural_log_tau2_direct_v1,provisional
arf,783,14,1.604576923533691,26.47507218141846,3.0412910804296445,5.432896397120794,-9.261215870707897,12.47036971777528,cluster_plus_withinstudy,agreement_natural_log_tau2_direct_v1,provisional
arf,784,14,1.0456310235177577,21.403448321557732,3.400118337305646,4.980317927488503,-8.91500483145925,11.006266878494763,cluster_plus_withinstudy,agreement_natural_log_tau2_direct_v1,provisional
arf,785,14,3.4948723266200323,22.996605674984036,5.157992693180109,5.3060906860101955,-7.117309045400359,14.107053698640424,cluster_plus_withinstudy,agreement_natural_log_tau2_direct_v1,provisional
arf,786,14,0.5970482856747871,13.836676603078109,0.595257351465449,3.798938529976967,-7.000828774279147,8.194925345628722,cluster_plus_withinstudy,agreement_natural_log_tau2_direct_v1,provisional
arf,787,14,2.5070976629142434,17.968341527078167,3.8779208022357325,4.673998537581489,-6.840899412248734,11.85509473807722,cluster_plus_withinstudy,agreement_natural_log_tau2_direct_v1,provisional
arf,788,14,1.4277293737200873,14.09613649216058,3.2451714062068584,4.164289603085674,-6.900849832451261,9.756308579891435,cluster_plus_withinstudy,agreement_natural_log_tau2_direct_v1,provisional
arf,789,14,3.9183394256748945,32.1905580353594,8.0579982916447,6.344174991833383,-8.770010557991872,16.606689409341662,cluster_plus_withinstudy,agreement_natural_log_tau2_direct_v1,provisional
arf,790,14,1.9761795896066696,22.495889175439462,3.0453122470624834,5.053830371362096,-8.131481153117523,12.083840332330862,cluster_plus_withinstudy,agreement_natural_log_tau2_direct_v1,provisional
arf,791,14,2.3653542354056625,41.914794657270974,7.268913514072053,7.013109736154356,-11.66086523690305,16.391573707714375,cluster_plus_withinstudy,agreement_natural_log_tau2_direct_v1,provisional
arf,792,14,1.0484034407346212,17.74799466867741,2.7232980029098233,4.524521264353527,-8.000639087972433,10.097445969441674,cluster_plus_withinstudy,agreement_natural_log_tau2_direct_v1,provisional
arf,793,14,1.1991095383113604,17.127786464621348,5.087249765155946,4.713282956685,-8.22745637505864,10.62567545168136,cluster_plus_withinstudy,agreement_natural_log_tau2_direct_v1,provisional
arf,794,14,0.9243809278522709,15.79118450218,1.2415166221901681,4.127069314219252,-7.329757700586233,9.178519556290775,cluster_plus_withinstudy,agreement_natural_log_tau2_direct_v1,provisional
arf,795,14,2.6731540460032863,55.124591206056806,6.272751260884584,7.8356456317869165,-12.998137217570546,18.344445309577118,cluster_plus_withinstudy,agreement_natural_log_tau2_direct_v1,provisional
arf,796,14,0.8331907182715973,30.580591403211603,2.237486431707787,5.728706471352795,-10.624222224433993,12.290603660977187,cluster_plus_withinstudy,agreement_natural_log_tau2_direct_v1,provisional
arf,797,14,1.7435140386714205,15.803107723524036,4.313363399761719,4.485138919062123,-7.226763799452826,10.713791876795668,cluster_plus_withinstudy,agreement_natural_log_tau2_direct_v1,provisional
arf,798,14,1.9688363332132388,43.727907939685444,7.8808282854843235,7.183922064246644,-12.399007795280049,16.33668046170653,cluster_plus_withinstudy,agreement_natural_log_tau2_direct_v1,provisional
arf,799,14,1.5678976137955187,17.950002112534236,2.083432526793707,4.475872500343139,-7.38384738689076,10.519642614481796,cluster_plus_withinstudy,agreement_natural_log_tau2_direct_v1,provisional
arf,800,14,3.174917686625498,37.08037547284965,7.885403793073124,6.705652784473916,-10.236387882322333,16.58622325557333,cluster_plus_withinstudy,agreement_natural_log_tau2_direct_v1,provisional
arf,801,14,2.2018763230359766,23.794223316585956,3.3931020596626915,5.214146658490596,-8.226416993945215,12.630169640017169,cluster_plus_withinstudy,agreement_natural_log_tau2_direct_v1,provisional
arf,802,14,0.9906959927245813,11.169925743654835,0.5976759172479751,3.4303938055131233,-5.870091618301665,7.851483603750828,cluster_plus_withinstudy,agreement_natural_log_tau2_direct_v1,provisional
arf,803,14,2.365992169243873,24.625086073100075,5.714766962217279,5.508162400957088,-8.650332632670304,13.38231697115805,cluster_plus_withinstudy,agreement_natural_log_tau2_direct_v1,provisional
arf,804,14,2.43768593657104,51.85411223108211,3.800313517241531,7.460189390915196,-12.482692845259352,17.358064718401433,cluster_plus_withinstudy,agreement_natural_log_tau2_direct_v1,provisional
arf,805,14,1.42907560108812,20.645501454499957,4.203262220754043,4.984853425653958,-8.540631250219795,11.398782452396036,cluster_plus_withinstudy,agreement_natural_log_tau2_direct_v1,provisional
arf,806,14,0.32245345304855355,14.826957787579246,0.9284379973966885,3.969306713391639,-7.6161599737347245,8.261066879831832,cluster_plus_withinstudy,agreement_natural_log_tau2_direct_v1,provisional
arf,807,14,1.4505053238169925,20.61609513683015,5.6055964665438465,5.120712021132803,-8.790918718448614,11.691929366082599,cluster_plus_withinstudy,agreement_natural_log_tau2_direct_v1,provisional
arf,808,14,1.7992086963961027,24.16315865475852,3.9069562210135147,5.2981237127658725,-8.797038729135643,12.395456121927847,cluster_plus_withinstudy,agreement_natural_log_tau2_direct_v1,provisional
arf,809,14,2.108620498225768,24.733411881819602,2.5595906768465087,5.224270528855307,-8.339920559484845,12.557161555936382,cluster_plus_withinstudy,agreement_natural_log_tau2_direct_v1,provisional
arf,810,14,0.7397637576921556,23.14807190447712,1.108598003560208,4.925106080891794,-9.110448404091432,10.589975919475744,cluster_plus_withinstudy,agreement_natural_log_tau2_direct_v1,provisional
arf,811,14,1.0911625102456404,19.08495561043042,3.3963798394438607,4.74144866574281,-8.39173482123998,10.57405984173126,cluster_plus_withinstudy,agreement_natural_log_tau2_direct_v1,provisional
arf,812,14,0.800344454923778,22.44844473454814,3.2644715743863446,5.070790501384817,-9.341236547845856,10.941925457693412,cluster_plus_withinstudy,agreement_natural_log_tau2_direct_v1,provisional
arf,813,14,0.7215431992814009,15.393379286039652,0.9648603060005327,4.044532060948483,-7.367520922615565,8.810607321178367,cluster_plus_withinstudy,agreement_natural_log_tau2_direct_v1,provisional
arf,814,14,1.078739513151121,15.458881855092038,1.6853390505556116,4.140558042782114,-7.202376572413107,9.359855598715349,cluster_plus_withinstudy,agreement_natural_log_tau2_direct_v1,provisional
arf,815,14,2.9314933997427133,21.222930196720124,8.99572461338499,5.497149698717065,-8.062805997691417,13.925792797176843,cluster_plus_withinstudy,agreement_natural_log_tau2_direct_v1,provisional
arf,816,14,1.4568940663488883,13.562923727676072,1.5875468581155783,3.8923605415983307,-6.327827016847773,9.241615149545549,cluster_plus_withinstudy,agreement_natural_log_tau2_direct_v1,provisional
arf,817,14,2.6809314706565606,41.96467601002965,5.540564660160466,6.892404563734641,-11.103877656812722,16.465740598125844,cluster_plus_withinstudy,agreement_natural_log_tau2_direct_v1,provisional
arf,818,14,3.660969502895811,28.85300433287314,6.4404196579682536,5.9408268777032545,-8.220684252510697,15.54262325830232,cluster_plus_withinstudy,agreement_natural_log_tau2_direct_v1,provisional
arf,819,14,3.207133223113569,21.140153582193786,5.480778291167343,5.159547642319153,-7.111962061524737,13.526228507751876,cluster_plus_withinstudy,agreement_natural_log_tau2_direct_v1,provisional
arf,820,14,1.0624027424301796,17.285051948444863,1.495592171375926,4.3336640524873165,-7.604925362544453,9.729730847404813,cluster_plus_withinstudy,agreement_natural_log_tau2_direct_v1,provisional
arf,821,14,1.3168797054838624,20.168689260573426,1.951738397488337,4.703235870978806,-8.08959203647375,10.723351447441473,cluster_plus_withinstudy,agreement_natural_log_tau2_direct_v1,provisional
arf,822,14,0.9285437811634047,19.75200625123227,1.2707191859100464,4.585054572973185,-8.241565364782964,10.098652927109775,cluster_plus_withinstudy,agreement_natural_log_tau2_direct_v1,provisional
arf,823,14,2.7372937602644107,19.392428705754014,3.4845306785505428,4.782986450357617,-6.828679140450824,12.303266660979645,cluster_plus_withinstudy,agreement_natural_log_tau2_direct_v1,provisional
arf,824,14,0.2986213112627356,14.66768411080473,0.6335284816177645,3.9116764427061828,-7.52473157414963,8.121974196675101,cluster_plus_withinstudy,agreement_natural_log_tau2_direct_v1,provisional
arf,825,14,0.7229026579177564,16.672770324678197,1.8976991674090335,4.309346759322953,-7.895790860728149,9.341596176563662,cluster_plus_withinstudy,agreement_natural_log_tau2_direct_v1,provisional
arf,826,14,1.7186942856420453,23.34818933259508,5.282081953197946,5.350726239099981,-8.982758192557917,12.420146763842006,cluster_plus_withinstudy,agreement_natural_log_tau2_direct_v1,provisional
arf,827,14,2.0977117343383425,17.073999103747944,2.733529948897886,4.45056502622373,-6.8034183181091175,10.998841786785803,cluster_plus_withinstudy,agreement_natural_log_tau2_direct_v1,provisional
arf,828,14,3.213665536251104,24.69504150290715,5.976685955445137,5.53820615888866,-7.862746781526216,14.290077854028425,cluster_plus_withinstudy,agreement_natural_log_tau2_direct_v1,provisional
arf,829,14,2.048136448378397,20.944389350752477,4.259008360121295,5.020298567901492,-7.992460687424588,12.088733584181382,cluster_plus_withinstudy,agreement_natural_log_tau2_direct_v1,provisional
arf,830,14,1.9573005346820538,28.187561960193825,4.598306698706667,5.725894572806985,-9.494488610931917,13.409089680296024,cluster_plus_withinstudy,agreement_natural_log_tau2_direct_v1,provisional
arf,831,14,2.4050491959218805,47.5434447949719,4.357057007830309,7.204200288914947,-12.003351381908015,16.813449773751774,cluster_plus_withinstudy,agreement_natural_log_tau2_direct_v1,provisional
arf,832,14,1.6897102736895153,16.826449298247137,1.312067387115551,4.2589337498208035,-6.828157225952092,10.207577773331122,cluster_plus_withinstudy,agreement_natural_log_tau2_direct_v1,provisional
arf,833,14,1.0424233194838384,16.352750554344198,2.270923244067711,4.315515473082202,-7.588607626680567,9.673454265648243,cluster_plus_withinstudy,agreement_natural_log_tau2_direct_v1,provisional
arf,834,14,1.0615620016201992,14.68849611471106,1.3296685729754982,4.002269941881302,-6.942977882142404,9.066101885382803,cluster_plus_withinstudy,agreement_natural_log_tau2_direct_v1,provisional
arf,835,14,1.3988619009639034,29.188135477830986,1.908793249944597,5.57646202603188,-9.754062151099857,12.551785953027663,cluster_plus_withinstudy,agreement_natural_log_tau2_direct_v1,provisional
arf,836,14,3.03251600593078,29.98154410967393,3.7356613272899653,5.8066518267383564,-8.580787647545932,14.645819659407493,cluster_plus_withinstudy,agreement_natural_log_tau2_direct_v1,provisional
arf,837,14,1.241886591121224,23.186006896414906,3.681601545063584,5.183397384098434,-9.124908177075644,11.608681359318092,cluster_plus_withinstudy,agreement_natural_log_tau2_direct_v1,provisional
arf,838,14,1.281238861300667,24.878915907836923,1.840094393732392,5.169043460986695,-9.056848060672724,11.619325783274057,cluster_plus_withinstudy,agreement_natural_log_tau2_direct_v1,provisional
arf,839,14,2.621238922823336,27.59788018628756,5.40619282502295,5.744917145730694,-8.868595368638053,14.111073214284724,cluster_plus_withinstudy,agreement_natural_log_tau2_direct_v1,provisional
arf,840,14,0.9319325036647707,18.3158058668728,3.5991761920694163,4.6813440440692045,-8.430755584473639,10.294620591803179,cluster_plus_withinstudy,agreement_natural_log_tau2_direct_v1,provisional
arf,841,14,0.9952551816676534,14.384613659291208,2.974578241719479,4.166436355089405,-7.3376175285111565,9.328127891846464,cluster_plus_withinstudy,agreement_natural_log_tau2_direct_v1,provisional
arf,842,14,2.529141975141217,31.85379050722432,3.3613752432963664,5.934236745405485,-9.339331515669754,14.397615465952187,cluster_plus_withinstudy,agreement_natural_log_tau2_direct_v1,provisional
arf,843,14,0.3903024949423566,31.246849095375566,3.3903852824066396,5.885340633963526,-11.380378772984695,12.16098376286941,cluster_plus_withinstudy,agreement_natural_log_tau2_direct_v1,provisional
arf,844,14,2.542850998435003,29.549703695418643,6.028820291663473,5.96477359059689,-9.386696182758776,14.472398179628783,cluster_plus_withinstudy,agreement_natural_log_tau2_direct_v1,provisional
arf,845,14,2.29102979271783,30.367045791673608,2.7043862423843428,5.750776646163364,-9.210523499608897,13.792583085044559,cluster_plus_withinstudy,agreement_natural_log_tau2_direct_v1,provisional
arf,846,14,2.1717940899711725,26.782570362557664,7.198645817696253,5.829340973064959,-9.486887856158745,13.83047603610109,cluster_plus_withinstudy,agreement_natural_log_tau2_direct_v1,provisional
arf,847,14,3.169746016291486,25.428819450157484,2.5974363927105273,5.2939829847542965,-7.418219953217108,13.757711985800078,cluster_plus_withinstudy,agreement_natural_log_tau2_direct_v1,provisional
arf,848,14,0.25483111516892437,23.00923511623772,1.5185728796750917,4.952555703463901,-9.650280291758877,10.159942522096726,cluster_plus_withinstudy,agreement_natural_log_tau2_direct_v1,provisional
arf,849,14,1.6145596961907909,21.25169083829813,2.667312238134414,4.890705785102242,-8.166851874013695,11.395971266395275,cluster_plus_withinstudy,agreement_natural_log_tau2_direct_v1,provisional
arf,850,14,1.4566034793956366,19.27288459061336,1.605927054992898,4.569333829521132,-7.682064179646628,10.595271138437901,cluster_plus_withinstudy,agreement_natural_log_tau2_direct_v1,provisional
arf,851,14,2.0314445727994435,29.097460854502373,3.2425443147257567,5.686827337736581,-9.342210102673718,13.405099248272606,cluster_plus_withinstudy,agreement_natural_log_tau2_direct_v1,provisional
arf,852,14,1.6514913009078618,27.303461165141766,5.135896210308129,5.695555932079843,-9.739620563251824,13.042603165067549,cluster_plus_withinstudy,agreement_natural_log_tau2_direct_v1,provisional
arf,853,14,2.3125174453220443,29.82043644558921,2.492675552708366,5.684462331504851,-9.056407217687658,13.681442108331746,cluster_plus_withinstudy,agreement_natural_log_tau2_direct_v1,provisional
arf,854,14,1.3025769527190982,35.80435682520097,6.855263591908075,6.53143325902585,-11.760289565332602,14.3654434707708,cluster_plus_withinstudy,agreement_natural_log_tau2_direct_v1,provisional
arf,855,14,4.04461866132087,58.33967802567289,2.2761678615026115,7.7856178873083355,-11.526617113295801,19.615854435937543,cluster_plus_withinstudy,agreement_natural_log_tau2_direct_v1,provisional
arf,856,14,1.1271704810336736,28.95528119763983,2.4928522782110614,5.607863539339282,-10.08855659764489,12.342897559712236,cluster_plus_withinstudy,agreement_natural_log_tau2_direct_v1,provisional
arf,857,14,1.3798554167557968,33.20219631740276,3.59992686585228,6.066475350914652,-10.753095285073506,13.5128061185851,cluster_plus_withinstudy,agreement_natural_log_tau2_direct_v1,provisional
arf,858,14,1.9601049847900731,33.49600745835959,2.040917436288631,5.961285506889284,-9.962466028988494,13.88267599856864,cluster_plus_withinstudy,agreement_natural_log_tau2_direct_v1,provisional
arf,859,14,2.04622060858093,19.606001368432334,4.446519105476621,4.904336904608916,-7.762453200636902,11.85489441779876,cluster_plus_withinstudy,agreement_natural_log_tau2_direct_v1,provisional
arf,860,14,1.6810419734958277,13.30244245897554,2.185103576932202,3.9354219641491737,-6.18980195480252,9.551885901794176,cluster_plus_withinstudy,agreement_natural_log_tau2_direct_v1,provisional
arf,861,14,1.1871247362111854,23.971909757665124,4.7193294751631045,5.35642037491721,-9.525716013623235,11.899965486045605,cluster_plus_withinstudy,agreement_natural_log_tau2_direct_v1,provisional
arf,862,14,1.4620704175077555,18.020819875255356,2.4645276143402226,4.526074180743791,-7.590077943979827,10.514218778995337,cluster_plus_withinstudy,agreement_natural_log_tau2_direct_v1,provisional
arf,863,14,1.7734245333789491,29.624875556610107,1.72543935802105,5.599135193459,-9.424845853539052,12.97169492029695,cluster_plus_withinstudy,agreement_natural_log_tau2_direct_v1,provisional
arf,864,14,0.8288573383096223,23.898513368558355,1.4621263190145948,5.03593483750266,-9.243012336695699,10.900727013314942,cluster_plus_withinstudy,agreement_natural_log_tau2_direct_v1,provisional
arf,865,14,2.059476768948638,28.494826024205516,5.165999070432231,5.8017949890217375,-9.544113209094837,13.663066746992113,cluster_plus_withinstudy,agreement_natural_log_tau2_direct_v1,provisional
arf,866,14,1.5186205975709348,28.8592589419663,3.072340886943759,5.650805237212663,-9.78298987685439,12.820231071996261,cluster_plus_withinstudy,agreement_natural_log_tau2_direct_v1,provisional
arf,867,14,1.8335333071481894,29.106140758484383,4.903924346941119,5.83181490665003,-9.830096506151872,13.49716312044825,cluster_plus_withinstudy,agreement_natural_log_tau2_direct_v1,provisional
arf,868,14,2.0680581398860043,21.953412373624186,3.1625866165934693,5.011586474382903,-7.955114808879802,12.09123108865181,cluster_plus_withinstudy,agreement_natural_log_tau2_direct_v1,provisional
arf,869,14,1.0842615361534544,17.505086056968377,0.8082182883710981,4.2794046718368985,-7.474547807520342,9.64307087982725,cluster_plus_withinstudy,agreement_natural_log_tau2_direct_v1,provisional
arf,870,14,1.9674014924399432,19.486176559040526,3.441290869536894,4.788263508682184,-7.6091255249244245,11.543928509804312,cluster_plus_withinstudy,agreement_natural_log_tau2_direct_v1,provisional
arf,871,14,1.0315457970117945,22.67552680441646,2.0052188636526447,4.967971987448108,-8.90439817788442,10.96748977190801,cluster_plus_withinstudy,agreement_natural_log_tau2_direct_v1,provisional
arf,872,14,0.9035554626093429,39.09529689591703,3.478265814563742,6.524841968238064,-12.146128473866785,13.953239399085472,cluster_plus_withinstudy,agreement_natural_log_tau2_direct_v1,provisional
arf,873,14,1.0525480939422902,15.690294996349635,2.263950568747534,4.237245044258966,-7.421941994575642,9.527038182460222,cluster_plus_withinstudy,agreement_natural_log_tau2_direct_v1,provisional
arf,874,14,2.503192317085316,26.4811168984171,5.551471581553187,5.659733958409201,-8.816275599733085,13.822660233903719,cluster_plus_withinstudy,agreement_natural_log_tau2_direct_v1,provisional
arf,875,14,1.391287387722,11.41467355280295,1.5219912020787718,3.596757533512889,-5.802227679303778,8.584802454747779,cluster_plus_withinstudy,agreement_natural_log_tau2_direct_v1,provisional
arf,876,14,1.184833802402705,13.781934020124382,1.7885264007754706,3.9459422728798064,-6.707050743356907,9.076718348162318,cluster_plus_withinstudy,agreement_natural_log_tau2_direct_v1,provisional
arf,877,14,2.4133389227273514,20.797024917621137,3.835281862990695,4.9630944762931755,-7.512850029858999,12.339527875313703,cluster_plus_withinstudy,agreement_natural_log_tau2_direct_v1,provisional
arf,878,14,1.852066651841692,24.660073757034493,3.1482916826936833,5.273363768955085,-8.694660886068478,12.398794189751863,cluster_plus_withinstudy,agreement_natural_log_tau2_direct_v1,provisional
arf,879,14,0.3962076324209226,16.947241897484968,2.0813220297391415,4.36217422018242,-8.328140807943917,9.120556072785764,cluster_plus_withinstudy,agreement_natural_log_tau2_direct_v1,provisional
arf,880,14,1.3722252754735256,24.99610884067706,3.050573277687534,5.2959118306826625,-9.2195983858918,11.96404893683885,cluster_plus_withinstudy,agreement_natural_log_tau2_direct_v1,provisional
arf,881,14,2.1328838815258004,24.08433478255468,3.196560792859434,5.223111675564109,-8.313339469602418,12.579107232654017,cluster_plus_withinstudy,agreement_natural_log_tau2_direct_v1,provisional
arf,882,14,1.6486213957183788,22.169568385976504,2.2403393484002274,4.940638393403906,-8.232655391089432,11.52989818252619,cluster_plus_withinstudy,agreement_natural_log_tau2_direct_v1,provisional
arf,883,14,1.3301635131671552,27.45729658230891,2.352803273886467,5.459862622465457,-9.589561731763759,12.24988875809807,cluster_plus_withinstudy,agreement_natural_log_tau2_direct_v1,provisional
arf,884,14,1.9181728919855554,19.02533594795991,5.501859452471235,4.95249385667778,-7.986814821370004,11.823160605341116,cluster_plus_withinstudy,agreement_natural_log_tau2_direct_v1,provisional
arf,885,14,1.2677650502680098,24.672201964370753,6.993201430835022,5.627202092977093,-9.986639135686177,12.522169236222195,cluster_plus_withinstudy,agreement_natural_log_tau2_direct_v1,provisional
arf,886,14,2.01001901268137,15.76386892643077,3.5020107451590836,4.389291477173719,-6.768563941666068,10.788601967028809,cluster_plus_withinstudy,agreement_natural_log_tau2_direct_v1,provisional
arf,887,14,1.9075362642348899,18.454568113640565,4.053934477225408,4.744312657368396,-7.581089050501902,11.396161578971682,cluster_plus_withinstudy,agreement_natural_log_tau2_direct_v1,provisional
arf,888,14,2.5597522043969856,38.004352650418916,8.137448870474799,6.792775686042762,-11.025799167688538,16.145303576482508,cluster_plus_withinstudy,agreement_natural_log_tau2_direct_v1,provisional
arf,889,14,2.020893050749133,24.58862280351889,4.453858445061879,5.389107648635418,-8.757322246521703,12.79910834801997,cluster_plus_withinstudy,agreement_natural_log_tau2_direct_v1,provisional
arf,890,14,2.5523551182683053,22.651219099297542,5.706217111397593,5.3251700640162785,-8.097985009764251,13.202695246300863,cluster_plus_withinstudy,agreement_natural_log_tau2_direct_v1,provisional
arf,891,14,0.8621606157671335,15.36018217161785,1.238887495867034,4.074195585325389,-7.286230554883644,9.01055178641791,cluster_plus_withinstudy,agreement_natural_log_tau2_direct_v1,provisional
arf,892,14,0.7923843459851017,20.15681520827614,5.5340483538953436,5.068615546889652,-9.344846747794202,10.929615439764406,cluster_plus_withinstudy,agreement_natural_log_tau2_direct_v1,provisional
arf,893,14,2.0413089048945965,37.04510663939501,3.8900563257778833,6.3980593124144205,-10.754809719934244,14.837427529723438,cluster_plus_withinstudy,agreement_natural_log_tau2_direct_v1,provisional
arf,894,14,1.440305885509521,26.2784285557412,3.712177906187881,5.476367999133101,-9.512430112756682,12.393041883775723,cluster_plus_withinstudy,agreement_natural_log_tau2_direct_v1,provisional
arf,895,14,1.0479487820131304,14.966116901110869,0.9548261206975238,3.9901056404321418,-6.932262498851153,9.028160062877413,cluster_plus_withinstudy,agreement_natural_log_tau2_direct_v1,provisional
arf,896,14,0.5347518464364474,24.052049885027582,1.2105633455545066,5.0261927172147,-9.517633587992952,10.587137280865848,cluster_plus_withinstudy,agreement_natural_log_tau2_direct_v1,provisional
arf,897,14,1.5382855836468732,21.31459459345485,5.811670340712369,5.208288100150299,-8.878290616653725,11.954861783947472,cluster_plus_withinstudy,agreement_natural_log_tau2_direct_v1,provisional
arf,898,14,3.1507492649494755,31.783034796350076,4.945573672075139,6.060413225880329,-8.970077186811183,15.271575716710133,cluster_plus_withinstudy,agreement_natural_log_tau2_direct_v1,provisional
arf,899,14,2.066323652837782,30.69745078546716,5.2820709843391525,5.998293238064167,-9.930262823290551,14.062910128966116,cluster_plus_withinstudy,agreement_natural_log_tau2_direct_v1,provisional
arf,900,14,1.9400179948443343,30.915601843701346,5.0127084652807685,5.994022881920131,-10.048027768995928,13.928063758684596,cluster_plus_withinstudy,agreement_natural_log_tau2_direct_v1,provisional
arf,901,14,1.179977948175072,24.227624040815872,1.6374644732004797,5.085773148107999,-8.991568348040927,11.35152424439107,cluster_plus_withinstudy,agreement_natural_log_tau2_direct_v1,provisional
arf,902,14,1.4685695291261356,21.35930372083813,2.309810762443175,4.865091415716801,-8.261613302307467,11.198752360559737,cluster_plus_withinstudy,agreement_natural_log_tau2_direct_v1,provisional
arf,903,14,0.7693422453339264,18.28567370094153,2.097578305345621,4.514781501500061,-8.260220757666197,9.798905248334048,cluster_plus_withinstudy,agreement_natural_log_tau2_direct_v1,provisional
arf,904,14,1.780368434233781,15.742711956151554,2.3568882615318816,4.254362492510886,-6.728356550787991,10.289093419255552,cluster_plus_withinstudy,agreement_natural_log_tau2_direct_v1,provisional
arf,905,14,1.4049452321829081,33.13197621467902,3.5088299391688325,6.053164969984533,-10.701384707786158,13.511275172151976,cluster_plus_withinstudy,agreement_natural_log_tau2_direct_v1,provisional
arf,906,14,2.4825566825918752,29.351655695529168,3.8708237709531406,5.763894470449846,-9.045232258307816,14.010345623491567,cluster_plus_withinstudy,agreement_natural_log_tau2_direct_v1,provisional
arf,907,14,1.4687807478022012,16.582258195800666,1.9921875398623983,4.309808085711365,-7.15083542362053,10.088396919224932,cluster_plus_withinstudy,agreement_natural_log_tau2_direct_v1,provisional
arf,908,14,2.2848351151435797,35.62648012372906,4.314547080161056,6.319891391779618,-10.354947668415656,14.924617898702815,cluster_plus_withinstudy,agreement_natural_log_tau2_direct_v1,provisional
arf,909,14,3.5346909833953335,36.07229079629317,6.169733588499955,6.499386462181882,-9.46408194096843,16.5334639077591,cluster_plus_withinstudy,agreement_natural_log_tau2_direct_v1,provisional
arf,910,14,1.4365855195348876,20.83673835083936,5.635159338902923,5.145084808799782,-8.853584098064676,11.72675513713445,cluster_plus_withinstudy,agreement_natural_log_tau2_direct_v1,provisional
arf,911,14,1.2670795776434973,19.916053770942003,2.775268428475734,4.763540930801135,-8.260002283958773,10.794161439245766,cluster_plus_withinstudy,agreement_natural_log_tau2_direct_v1,provisional
arf,912,14,2.3911157833972645,47.69894538832007,5.962083471025397,7.325368854832189,-12.259621926267114,17.041853493061645,cluster_plus_withinstudy,agreement_natural_log_tau2_direct_v1,provisional
arf,913,14,0.7277700747343985,21.073146752116447,0.7484920624079089,4.671363699662482,-8.614957324590566,10.070497474059362,cluster_plus_withinstudy,agreement_natural_log_tau2_direct_v1,provisional
arf,914,14,1.9942905962800033,25.821562838385606,6.4623532603332245,5.681893707094391,-9.369496817908779,13.358078010468784,cluster_plus_withinstudy,agreement_natural_log_tau2_direct_v1,provisional
arf,915,14,0.44010835708986124,26.156796593112354,3.9332148706933285,5.485436305692162,-10.530764254294462,11.410980968474187,cluster_plus_withinstudy,agreement_natural_log_tau2_direct_v1,provisional
arf,916,14,3.203604672517301,38.42292326715226,6.01789520329933,6.666394713070296,-10.12918475362329,16.536394098657894,cluster_plus_withinstudy,agreement_natural_log_tau2_direct_v1,provisional
arf,917,14,3.323375517435783,54.366435099781334,6.908484366276288,7.8278298056394675,-12.332284093843151,18.979035128714717,cluster_plus_withinstudy,agreement_natural_log_tau2_direct_v1,provisional
arf,918,14,1.7211947468664444,14.690973919345812,3.192878393931648,4.228930398254086,-6.736666049641727,10.179055543374616,cluster_plus_withinstudy,agreement_natural_log_tau2_direct_v1,provisional
arf,919,14,1.3431627626165774,22.03112008226434,2.657978480872429,4.968812590864821,-8.594462419113064,11.28078794434622,cluster_plus_withinstudy,agreement_natural_log_tau2_direct_v1,provisional
arf,920,14,2.0149901756772968,24.694840579238218,2.782661881609729,5.241898745764549,-8.468807315851802,12.498787667206393,cluster_plus_withinstudy,agreement_natural_log_tau2_direct_v1,provisional
arf,921,14,1.0191478453635492,33.12212765461279,0.7006137983221219,5.815732237039023,-10.612316628714495,12.650612319441596,cluster_plus_withinstudy,agreement_natural_log_tau2_direct_v1,provisional
arf,922,14,0.7150838716016553,24.117188064311343,2.299931593020078,5.139758715867061,-9.564433560132468,10.994601303335777,cluster_plus_withinstudy,agreement_natural_log_tau2_direct_v1,provisional
arf,923,14,0.6838272200131352,23.996618226487083,1.5308482784337558,5.0524713264818075,-9.42111543295048,10.78876987297675,cluster_plus_withinstudy,agreement_natural_log_tau2_direct_v1,provisional
arf,924,14,1.6844363896956354,25.00614308633669,4.398293628899814,5.422585796023563,-9.160735202351491,12.529607981742762,cluster_plus_withinstudy,agreement_natural_log_tau2_direct_v1,provisional
arf,925,14,1.5091942454072464,28.323217020640442,7.188698669574753,5.9591875025220675,-10.40918075963689,13.42756925045138,cluster_plus_withinstudy,agreement_natural_log_tau2_direct_v1,provisional
arf,926,14,0.8352934493201785,15.163775001442485,0.28073625901728017,3.929950541732016,-7.0246076341438535,8.69519453278421,cluster_plus_withinstudy,agreement_natural_log_tau2_direct_v1,provisional
arf,927,14,1.5694218799529154,26.446509565660858,4.611986996833755,5.573015033399301,-9.576608186845686,12.715451946751518,cluster_plus_withinstudy,agreement_natural_log_tau2_direct_v1,provisional
arf,928,14,2.8299302585228334,19.495145549250548,3.8038251425522853,4.826900733576653,-6.8238712086304725,12.48373172567614,cluster_plus_withinstudy,agreement_natural_log_tau2_direct_v1,provisional
arf,929,14,1.4250396637302678,17.668440530985418,2.393332512254968,4.479037066517801,-7.533034469305334,10.383113796765869,cluster_plus_withinstudy,agreement_natural_log_tau2_direct_v1,provisional
arf,930,14,1.11250771324594,15.901340072620492,2.459894086358418,4.285001068725527,-7.457494424205114,9.682509850696993,cluster_plus_withinstudy,agreement_natural_log_tau2_direct_v1,provisional
arf,931,14,2.3137556150942924,20.52944957573434,4.78502068398296,5.03134875154936,-7.748941888004428,12.376453118193012,cluster_plus_withinstudy,agreement_natural_log_tau2_direct_v1,provisional
arf,932,14,1.676286965550036,18.701840553922906,3.052483246318415,4.66415306355198,-7.652019161553925,11.004593092653996,cluster_plus_withinstudy,agreement_natural_log_tau2_direct_v1,provisional
arf,933,14,1.212103000720463,28.284674105682917,3.169253468868303,5.608380120369091,-10.00465724001772,12.428863241458645,cluster_plus_withinstudy,agreement_natural_log_tau2_direct_v1,provisional
arf,934,14,2.2744500788558772,23.816114147795396,8.056081259027394,5.645546510907761,-9.016642942959646,13.565543100671398,cluster_plus_withinstudy,agreement_natural_log_tau2_direct_v1,provisional
arf,935,14,1.7288801114964185,17.28208225103744,3.88684230521843,4.60096995819967,-7.473059804902921,10.93082002789576,cluster_plus_withinstudy,agreement_natural_log_tau2_direct_v1,provisional
arf,936,14,0.9547416805021329,35.06821751674552,2.3007836358529468,6.113018988404867,-11.2712962963076,13.180779657311867,cluster_plus_withinstudy,agreement_natural_log_tau2_direct_v1,provisional
arf,937,14,0.30473593483331984,11.989575915083083,0.6710315627812373,3.5581747396473267,-6.811613544461333,7.421085414127973,cluster_plus_withinstudy,agreement_natural_log_tau2_direct_v1,provisional
arf,938,14,2.7287249281357253,34.004798851369145,7.429984868453623,6.436985608172724,-10.145246288209723,15.602696144481172,cluster_plus_withinstudy,agreement_natural_log_tau2_direct_v1,provisional
arf,939,14,1.8184686049791206,25.097800623888673,3.9032877744855368,5.385265861438431,-8.952063117897742,12.589000327855983,cluster_plus_withinstudy,agreement_natural_log_tau2_direct_v1,provisional
arf,940,14,0.941849296778892,22.329246634596974,2.9283126625372216,5.025689932450488,-9.109530568122084,10.993229161679869,cluster_plus_withinstudy,agreement_natural_log_tau2_direct_v1,provisional
arf,941,14,1.8967561332841485,31.23224067061684,4.6851745001029,5.993113979453398,-10.089471825622647,13.882984092190943,cluster_plus_withinstudy,agreement_natural_log_tau2_direct_v1,provisional
arf,942,14,2.753793784925835,20.5648159915268,6.333385707870788,5.186347626162132,-7.61890146739843,13.1264890372501,cluster_plus_withinstudy,agreement_natural_log_tau2_direct_v1,provisional
arf,943,14,2.4463885832944356,26.828945361833913,4.84684577742204,5.628125010983316,-8.809861438672197,13.702638605261068,cluster_plus_withinstudy,agreement_natural_log_tau2_direct_v1,provisional
arf,944,14,1.79038981276694,30.276275161947428,2.9282309448248256,5.762335126211617,-9.734280439656295,13.315060065190174,cluster_plus_withinstudy,agreement_natural_log_tau2_direct_v1,provisional
arf,945,14,0.9226939625936134,22.09702320623245,3.3284995406272033,5.042372729862366,-9.16205149713112,11.007439422318345,cluster_plus_withinstudy,agreement_natural_log_tau2_direct_v1,provisional
arf,946,14,1.568293471973197,19.81298985163286,1.7133331784192558,4.639646864800393,-7.711000257627589,10.847587201573983,cluster_plus_withinstudy,agreement_natural_log_tau2_direct_v1,provisional
arf,947,14,2.7926844580130643,25.699756384742177,6.600349559064466,5.6833182159550635,-8.573951973897064,14.15932088992319,cluster_plus_withinstudy,agreement_natural_log_tau2_direct_v1,provisional
arf,948,14,3.059860123208833,28.22157030607498,7.185494024268654,5.950383544809833,-8.840906966410834,14.960627212828499,cluster_plus_withinstudy,agreement_natural_log_tau2_direct_v1,provisional
arf,949,14,0.7440275223711642,23.32824315881644,2.3944344499758374,5.071752912829279,-9.399478303287394,10.887533348029722,cluster_plus_withinstudy,agreement_natural_log_tau2_direct_v1,provisional
arf,950,14,0.47354360346146135,20.825904340397347,0.6974800371860542,4.639330164752602,-8.805116726043742,9.752203932966665,cluster_plus_withinstudy,agreement_natural_log_tau2_direct_v1,provisional
arf,951,14,1.215569806296507,23.8083102332767,2.195472834437625,5.099390460409393,-8.983211114522279,11.414350727115293,cluster_plus_withinstudy,agreement_natural_log_tau2_direct_v1,provisional
arf,952,14,2.2823700009575307,17.048905726966307,5.8393001323352465,4.784161980880408,-7.285953960803285,11.850693962718347,cluster_plus_withinstudy,agreement_natural_log_tau2_direct_v1,provisional
arf,953,14,1.0262158273714344,25.484388549106182,1.5925142664850918,5.203547137827357,-9.38087844828328,11.433310103026148,cluster_plus_withinstudy,agreement_natural_log_tau2_direct_v1,provisional
arf,954,14,0.6232061192559798,22.049205426482942,1.030377614864084,4.804121464050115,-8.985036808844251,10.23144904735621,cluster_plus_withinstudy,agreement_natural_log_tau2_direct_v1,provisional
arf,955,14,1.2857596708265593,17.03157023204529,1.4318874653713978,4.2969125773532655,-7.308065483879972,9.87958482553309,cluster_plus_withinstudy,agreement_natural_log_tau2_direct_v1,provisional
arf,956,14,1.0828315118469183,24.10776392042097,3.4569437600199078,5.250210251070035,-9.41758899029315,11.58325201398699,cluster_plus_withinstudy,agreement_natural_log_tau2_direct_v1,provisional
arf,957,14,3.5442750407091537,36.2520020795858,4.701316815230224,6.399478017371106,-9.254680994033057,16.343231075451364,cluster_plus_withinstudy,agreement_natural_log_tau2_direct_v1,provisional
arf,958,14,2.4650590066159026,20.392168913055137,4.222079208870955,4.9612748484564015,-7.4574906902969005,12.387608703528706,cluster_plus_withinstudy,agreement_natural_log_tau2_direct_v1,provisional
arf,959,14,0.619796719505382,18.034959991046485,1.1170401204741178,4.376299819655939,-8.132802919806496,9.37239635881726,cluster_plus_withinstudy,agreement_natural_log_tau2_direct_v1,provisional
arf,960,14,2.0317962259320326,37.39680064064718,6.0376514773198835,6.590481933665175,-11.149167641398318,15.212760093262382,cluster_plus_withinstudy,agreement_natural_log_tau2_direct_v1,provisional
arf,961,14,1.9648243065537172,21.03596441082409,3.7509909091054383,4.978649949527435,-7.992475592501153,11.922124205608588,cluster_plus_withinstudy,agreement_natural_log_tau2_direct_v1,provisional
arf,962,14,0.9992339719496883,24.928521304410115,2.9437309980366337,5.279417799572861,-9.559601627196033,11.55806957109541,cluster_plus_withinstudy,agreement_natural_log_tau2_direct_v1,provisional
arf,963,14,0.9400959977098896,28.53914761473928,1.2563781146799378,5.4585277987218515,-9.976959599733814,11.857151595153592,cluster_plus_withinstudy,agreement_natural_log_tau2_direct_v1,provisional
arf,964,14,2.5270949493777333,32.68580687610139,6.954020496947713,6.296016786274406,-10.064938623171079,15.119128521926546,cluster_plus_withinstudy,agreement_natural_log_tau2_direct_v1,provisional
arf,965,14,1.434993895575987,27.42219615847803,2.624387160935089,5.481476381360511,-9.527958867145035,12.397946658297009,cluster_plus_withinstudy,agreement_natural_log_tau2_direct_v1,provisional
arf,966,14,0.15287909785429976,20.482823390285123,1.7105761485193525,4.710987108749553,-9.269095119644806,9.574853315353405,cluster_plus_withinstudy,agreement_natural_log_tau2_direct_v1,provisional
arf,967,14,2.065184609678974,16.57553107763328,2.9001264068518187,4.4131233253201865,-6.761062040961399,10.891431260319347,cluster_plus_withinstudy,agreement_natural_log_tau2_direct_v1,provisional
arf,968,14,1.723250962450049,13.710006600904476,1.4615936342761975,3.8950738420703495,-6.06689672169065,9.513398646590748,cluster_plus_withinstudy,agreement_natural_log_tau2_direct_v1,provisional
arf,969,14,1.2178256570345356,19.329674979394824,3.3472970267133872,4.762034439828025,-8.306243222621514,10.741894536690587,cluster_plus_withinstudy,agreement_natural_log_tau2_direct_v1,provisional
arf,970,14,1.166947779149202,34.21869133133038,7.518517689592457,6.460434120159638,-11.753920461170074,14.087816019468479,cluster_plus_withinstudy,agreement_natural_log_tau2_direct_v1,provisional
arf,971,14,1.487567776762187,17.401712951720764,1.905468621014483,4.393993806633692,-7.300419836505197,10.275555390029572,cluster_plus_withinstudy,agreement_natural_log_tau2_direct_v1,provisional
arf,972,14,1.1673596203527123,18.928663574898,1.1283983587583999,4.478511129120525,-7.789662637888338,10.124381878593763,cluster_plus_withinstudy,agreement_natural_log_tau2_direct_v1,provisional
arf,973,14,2.200498934406753,30.657549476467203,2.3205459771464105,5.742655784009139,-9.284812633611525,13.68581050242503,cluster_plus_withinstudy,agreement_natural_log_tau2_direct_v1,provisional
arf,974,14,2.4038848976529796,23.614165046781764,3.9196115802092413,5.247263727600416,-8.090642557547852,12.89841235285381,cluster_plus_withinstudy,agreement_natural_log_tau2_direct_v1,provisional
arf,975,14,1.7063466382170671,31.864704844240794,7.470804398085409,6.271802710730481,-10.837258783243895,14.249952059678028,cluster_plus_withinstudy,agreement_natural_log_tau2_direct_v1,provisional
arf,976,14,0.4627987577370363,22.637448251755913,1.504474659627438,4.913443081117696,-9.364087404498354,10.289684919972428,cluster_plus_withinstudy,agreement_natural_log_tau2_direct_v1,provisional
arf,977,14,1.4172181128824826,28.3236868231234,5.8825908803116596,5.848613314575948,-10.280008516269413,13.114444742034378,cluster_plus_withinstudy,agreement_natural_log_tau2_direct_v1,provisional
arf,978,14,0.953532252391442,17.346980311921392,1.4474317370926606,4.335252247449282,-7.716972242507122,9.624036747290006,cluster_plus_withinstudy,agreement_natural_log_tau2_direct_v1,provisional
arf,979,14,1.7903693634075641,43.04424238212567,1.4333262601808177,6.669150518792216,-11.54793167417687,15.128670400991997,cluster_plus_withinstudy,agreement_natural_log_tau2_direct_v1,provisional
arf,980,14,1.9897206177704312,17.66236899833185,2.627801590901708,4.5044611874489,-7.019201757127369,10.99864299266823,cluster_plus_withinstudy,agreement_natural_log_tau2_direct_v1,provisional
arf,981,14,2.0530264742308697,22.629452965577322,3.6190368878480697,5.123328005644904,-8.19362953705894,12.299682485520677,cluster_plus_withinstudy,agreement_natural_log_tau2_direct_v1,provisional
arf,982,14,1.1282571820691125,24.33275106026796,4.6397170299626715,5.3826079264823505,-9.636958670895588,11.893473035033814,cluster_plus_withinstudy,agreement_natural_log_tau2_direct_v1,provisional
arf,983,14,1.635171061019738,27.686452653961666,2.4792358340110683,5.49232996896333,-9.349488876906921,12.619830998946398,cluster_plus_withinstudy,agreement_natural_log_tau2_direct_v1,provisional
arf,984,14,0.9856850409251074,18.57868082137294,1.893353325493668,4.524603203250712,-8.063521365576317,10.034891447426531,cluster_plus_withinstudy,agreement_natural_log_tau2_direct_v1,provisional
arf,985,14,1.5916534442740966,13.493608328500292,3.1785195814856277,4.083151712829921,-6.574649981385746,9.757956869933938,cluster_plus_withinstudy,agreement_natural_log_tau2_direct_v1,provisional
arf,986,14,1.3480789845098096,23.375864143953248,1.9740670056840042,5.03487151272376,-8.72166404093771,11.41782200995733,cluster_plus_withinstudy,agreement_natural_log_tau2_direct_v1,provisional
arf,987,14,1.6595217714091541,29.877754179278824,2.1753560165079366,5.6615466257716855,-9.663571480134216,12.982615022952526,cluster_plus_withinstudy,agreement_natural_log_tau2_direct_v1,provisional
arf,988,14,1.395484485238507,19.103214622471516,1.6603787253154043,4.55670860904962,-7.717932732860733,10.508901703337747,cluster_plus_withinstudy,agreement_natural_log_tau2_direct_v1,provisional
arf,989,14,1.1721964119670063,25.236272712727907,2.9631117650140366,5.3103092638510185,-9.448422115735031,11.792814939669043,cluster_plus_withinstudy,agreement_natural_log_tau2_direct_v1,provisional
arf,990,14,2.247326091112535,29.53026055911013,2.3228798268216946,5.643858643333639,-9.040391195554742,13.535043377779813,cluster_plus_withinstudy,agreement_natural_log_tau2_direct_v1,provisional
arf,991,14,3.714482932123986,32.05916463776139,8.72207904807974,6.386019392848814,-9.057555853573643,16.486521717821613,cluster_plus_withinstudy,agreement_natural_log_tau2_direct_v1,provisional
arf,992,14,0.6712206602482013,24.684309792998032,1.2341968279814393,5.091022158759425,-9.510823657270649,10.85326497776705,cluster_plus_withinstudy,agreement_natural_log_tau2_direct_v1,provisional
arf,993,14,2.011862493692372,24.08653192745323,2.384472835973037,5.1449980333743826,-8.278133573056394,12.301858560441136,cluster_plus_withinstudy,agreement_natural_log_tau2_direct_v1,provisional
arf,994,14,1.6413872464166617,27.164906654727496,1.5993354399090607,5.363230565119922,-9.085073883823183,12.367848376656505,cluster_plus_withinstudy,agreement_natural_log_tau2_direct_v1,provisional
arf,995,14,2.0556380846538724,18.39664189806308,4.539417891401124,4.789160656050724,-7.522683227447575,11.63395939675532,cluster_plus_withinstudy,agreement_natural_log_tau2_direct_v1,provisional
arf,996,14,1.1394722742144674,27.500622472941497,1.823044085706156,5.4151331062724255,-9.690793938330383,11.969738486759319,cluster_plus_withinstudy,agreement_natural_log_tau2_direct_v1,provisional
arf,997,14,1.7954212717469038,34.42964880943125,3.385733300676897,6.149421282536117,-10.503421293325331,14.094263836819138,cluster_plus_withinstudy,agreement_natural_log_tau2_direct_v1,provisional
arf,998,14,1.1284094905030748,35.00567456893718,6.948502370666024,6.477204407736659,-11.825999324970244,14.082818305976392,cluster_plus_withinstudy,agreement_natural_log_tau2_direct_v1,provisional
arf,999,14,0.965335274689427,18.856071326047672,4.043299013612639,4.785328655344407,-8.605322035999388,10.53599258537824,cluster_plus_withinstudy,agreement_natural_log_tau2_direct_v1,provisional
lft,0,4,1.309142818525948,12.956690972845124,0.0,3.5995403835552566,-5.889937948584565,8.508223585636461,cluster_plus_withinstudy,agreement_natural_log_tau2_direct_v1,provisional
lft,1,4,0.2582865999986333,12.627481353264107,1.3444878172057873,3.7379097327878177,-7.217532865577002,7.734106065574268,cluster_plus_withinstudy,agreement_natural_log_tau2_direct_v1,provisional
lft,2,4,0.21884351327432708,5.688349818232236,1.7418542770554089,2.725840071480285,-5.232836629686243,5.670523656234897,cluster_plus_withinstudy,agreement_natural_log_tau2_direct_v1,provisional
lft,3,4,0.12396783498196672,6.3713725262306635,2.3404559175776933,2.9515806686940405,-5.779193502406114,6.0271291723700475,cluster_plus_withinstudy,agreement_natural_log_tau2_direct_v1,provisional
lft,4,4,-0.3338579262294877,6.916862503315442,0.7299900520369923,2.7652942981448527,-5.864446522519193,5.196730670060218,cluster_plus_withinstudy,agreement_natural_log_tau2_direct_v1,provisional
lft,5,4,0.12272734565821533,8.895749590445828,0.8912054518804977,3.1284109452446183,-6.134094544831021,6.379549236147452,cluster_plus_withinstudy,agreement_natural_log_tau2_direct_v1,provisional
lft,6,4,0.29064600022872067,9.344375900215606,0.9406146235899695,3.2070220647519054,-6.12339812927509,6.704690129732532,cluster_plus_withinstudy,agreement_natural_log_tau2_direct_v1,provisional
lft,7,4,0.719286801366714,13.645497590630482,1.5865915879330392,3.902830918521006,-7.086375035675299,8.524948638408727,cluster_plus_withinstudy,agreement_natural_log_tau2_direct_v1,provisional
lft,8,4,-0.12188911892135222,6.806607496066148,1.0391131511242098,2.8010213578604426,-5.723931834642237,5.480153596799533,cluster_plus_withinstudy,agreement_natural_log_tau2_direct_v1,provisional
lft,9,4,-0.11406802865125304,5.008958596987713,1.4779332326715457,2.5469377357248564,-5.207943500100966,4.979807442798459,cluster_plus_withinstudy,agreement_natural_log_tau2_direct_v1,provisional
lft,10,4,0.03762982606909779,8.171033528806383,1.6530150671655035,3.1343338360761583,-6.231037846083219,6.306297498221414,cluster_plus_withinstudy,agreement_natural_log_tau2_direct_v1,provisional
lft,11,4,-0.06676191851529374,9.654937078435362,1.0370743260590938,3.2698641263047086,-6.606490171124711,6.4729663340941235,cluster_plus_withinstudy,agreement_natural_log_tau2_direct_v1,provisional
lft,12,4,0.6195227424319918,7.132119095690106,0.9922027067782044,2.8503195965484838,-5.081116450664975,6.32016193552896,cluster_plus_withinstudy,agreement_natural_log_tau2_direct_v1,provisional
lft,13,4,-0.46555325575133744,6.885322523815113,0.5255270312137126,2.7222875592098688,-5.910128374171075,4.9790218626684,cluster_plus_withinstudy,agreement_natural_log_tau2_direct_v1,provisional
lft,14,4,-0.5574918209943407,8.651126589769214,0.40292312506118044,3.0089948013963723,-6.575481423787085,5.460497781798404,cluster_plus_withinstudy,agreement_natural_log_tau2_direct_v1,provisional
lft,15,4,-0.6010984722197658,5.759714790648743,0.6543574429625456,2.532601870332423,-5.666302212884612,4.46410526844508,cluster_plus_withinstudy,agreement_natural_log_tau2_direct_v1,provisional
lft,16,4,0.16676073985560474,12.104344735807631,0.859661096596913,3.6005563226263444,-7.034351905397084,7.367873385108293,cluster_plus_withinstudy,agreement_natural_log_tau2_direct_v1,provisional
lft,17,4,1.1993676970278988,18.529699351260394,0.0,4.304613728461637,-7.409859759895374,9.808595153951172,cluster_plus_withinstudy,agreement_natural_log_tau2_direct_v1,provisional
lft,18,4,0.550421549883513,7.4542991606033375,0.8916236995745964,2.888931093013112,-5.227440636142711,6.328283735909737,cluster_plus_withinstudy,agreement_natural_log_tau2_direct_v1,provisional
lft,19,4,-0.3355096949785159,7.330028304197857,1.0685289450279243,2.8980264403945286,-6.131562575767573,5.4605431858105415,cluster_plus_withinstudy,agreement_natural_log_tau2_direct_v1,provisional
lft,20,4,0.633447497493305,6.520071214427182,1.7446391517642699,2.874840928850056,-5.116234360206807,6.383129355193416,cluster_plus_withinstudy,agreement_natural_log_tau2_direct_v1,provisional
lft,21,4,-0.9392811810300776,4.837576563297276,0.2230257170615774,2.249578244995904,-5.438437671021886,3.5598753089617308,cluster_plus_withinstudy,agreement_natural_log_tau2_direct_v1,provisional
lft,22,4,0.3912448408176911,13.779921073789975,0.7410988887315272,3.8106456096731827,-7.230046378528674,8.012536060164056,cluster_plus_withinstudy,agreement_natural_log_tau2_direct_v1,provisional
lft,23,4,0.5224425976842096,7.255290615794012,2.201037723436421,3.075114361975898,-5.627786126267586,6.672671321636005,cluster_plus_withinstudy,agreement_natural_log_tau2_direct_v1,provisional
lft,24,4,0.2887502420555644,12.133169304968527,0.955301941675993,3.617799226967207,-6.94684821187885,7.524348695989978,cluster_plus_withinstudy,agreement_natural_log_tau2_direct_v1,provisional
lft,25,4,0.13487954517915934,12.657878538199734,1.0958776211915915,3.708605689392083,-7.2823318336050065,7.552090923963325,cluster_plus_withinstudy,agreement_natural_log_tau2_direct_v1,provisional
lft,26,4,-1.2729167867845992,4.658467375319255,0.12810451663316447,2.1878235513752973,-5.648563889535193,3.1027303159659954,cluster_plus_withinstudy,agreement_natural_log_tau2_direct_v1,provisional
lft,27,4,0.20562348117686302,5.653901765187311,1.6519430147275513,2.7029326258556394,-5.200241770534416,5.611488732888142,cluster_plus_withinstudy,agreement_natural_log_tau2_direct_v1,provisional
lft,28,4,0.32314814194763924,6.115544680026895,1.8138136700624403,2.815911637478942,-5.308675133010245,5.954971416905523,cluster_plus_withinstudy,agreement_natural_log_tau2_direct_v1,provisional
lft,29,4,-0.19754212397147133,12.6874463202634,0.5235191295582833,3.6346891820101592,-7.46692048799179,7.071836240048847,cluster_plus_withinstudy,agreement_natural_log_tau2_direct_v1,provisional
lft,30,4,-0.366929434294499,4.561492849204346,1.8500601488700819,2.5321044603401393,-5.431138354974777,4.69727948638578,cluster_plus_withinstudy,agreement_natural_log_tau2_direct_v1,provisional
lft,31,4,-0.19185883150921804,5.799942082731478,1.8371021241787053,2.7635202562872925,-5.718899344083803,5.335181681065367,cluster_plus_withinstudy,agreement_natural_log_tau2_direct_v1,provisional
lft,32,4,-0.3858924158055177,11.107954723576674,0.49489023308725194,3.406294901599673,-7.198482219004864,6.426697387393828,cluster_plus_withinstudy,agreement_natural_log_tau2_direct_v1,provisional
lft,33,4,0.38306569073985147,14.887276174825223,0.9905137358052462,3.9846944563705846,-7.586323222001318,8.352454603481021,cluster_plus_withinstudy,agreement_natural_log_tau2_direct_v1,provisional
lft,34,4,0.11878691742407747,12.763880097240188,1.4617842521266233,3.7716925046147134,-7.42459809180535,7.662171926653504,cluster_plus_withinstudy,agreement_natural_log_tau2_direct_v1,provisional
lft,35,4,-0.8069321592483543,5.109405064143966,0.34235007234041076,2.334899384659728,-5.476730928567811,3.862866610071102,cluster_plus_withinstudy,agreement_natural_log_tau2_direct_v1,provisional
lft,36,4,-0.9187857740921311,3.6641812575063994,0.37506769658572403,2.009788285887875,-4.938362345867882,3.100790797683619,cluster_plus_withinstudy,agreement_natural_log_tau2_direct_v1,provisional
lft,37,4,-0.3405431666189121,6.744686678969447,1.3562475945045505,2.846214024537508,-6.0329712156939275,5.351884882456104,cluster_plus_withinstudy,agreement_natural_log_tau2_direct_v1,provisional
lft,38,4,0.6998064180949762,14.554232009859495,4.148687656776896,4.324687233388837,-7.949568048682698,9.34918088487265,cluster_plus_withinstudy,agreement_natural_log_tau2_direct_v1,provisional
lft,39,4,-0.4743313796372454,6.986075046659097,0.6926349529350251,2.7710485379354366,-6.016428455508119,5.067765696233628,cluster_plus_withinstudy,agreement_natural_log_tau2_direct_v1,provisional
lft,40,4,0.3475003311708679,16.99600851822448,0.9352162145195341,4.234527687091444,-8.12155504301202,8.816555705353757,cluster_plus_withinstudy,agreement_natural_log_tau2_direct_v1,provisional
lft,41,4,0.19080022447354036,8.885454060201106,1.337236142751808,3.1972942002500977,-6.203788176026655,6.585388624973736,cluster_plus_withinstudy,agreement_natural_log_tau2_direct_v1,provisional
lft,42,4,-0.030616525523191558,5.415062210270925,1.0333756393988633,2.5393774531703213,-5.109371431863834,5.048138380817451,cluster_plus_withinstudy,agreement_natural_log_tau2_direct_v1,provisional
lft,43,4,-0.0533169875505699,14.622465878687885,0.4773932086845881,3.8858537140984186,-7.825024415747407,7.718390440646267,cluster_plus_withinstudy,agreement_natural_log_tau2_direct_v1,provisional
lft,44,4,-0.713561152375881,4.0255050769014105,1.483984910276186,2.3472302799635143,-5.40802171230291,3.9808994075511475,cluster_plus_withinstudy,agreement_natural_log_tau2_direct_v1,provisional
lft,45,4,-0.06385245170770656,7.9769287197884235,1.6665498517366437,3.1053950749502177,-6.274642601608142,6.146937698192729,cluster_plus_withinstudy,agreement_natural_log_tau2_direct_v1,provisional
lft,46,4,0.3098401640135024,7.398494752761682,1.3439581860644487,2.9567639301821393,-5.603687696350776,6.223368024377781,cluster_plus_withinstudy,agreement_natural_log_tau2_direct_v1,provisional
lft,47,4,0.2815802380214022,9.135751129406795,2.437461859787377,3.4019425317300955,-6.5223048254387885,7.085465301481594,cluster_plus_withinstudy,agreement_natural_log_tau2_direct_v1,provisional
lft,48,4,-0.6555567761716996,9.759693575736963,0.3420999018990441,3.178331870279755,-7.01222051673121,5.70110696438781,cluster_plus_withinstudy,agreement_natural_log_tau2_direct_v1,provisional
lft,49,4,-0.5208456741048726,3.751674730802528,1.1032873195925594,2.203397842060096,-4.927641358225065,3.8859500100153195,cluster_plus_withinstudy,agreement_natural_log_tau2_direct_v1,provisional
lft,50,4,-0.4520675616128197,14.144039452401502,0.0836691490751343,3.7719634941866333,-7.9959945499860865,7.091859426760447,cluster_plus_withinstudy,agreement_natural_log_tau2_direct_v1,provisional
lft,51,4,-0.26268067457374217,9.124051516579511,1.8194249302404037,3.3080925692640335,-6.878865813101809,6.353504463954325,cluster_plus_withinstudy,agreement_natural_log_tau2_direct_v1,provisional
lft,52,4,-0.584271874579762,5.762317546927957,0.6372233813602876,2.529731394493938,-5.6437346635676375,4.475190914408114,cluster_plus_withinstudy,agreement_natural_log_tau2_direct_v1,provisional
lft,53,4,0.45329022012978043,8.535471812638951,2.051633022037689,3.25378315729193,-6.05427609445408,6.96085653471364,cluster_plus_withinstudy,agreement_natural_log_tau2_direct_v1,provisional
lft,54,4,0.06125302834415193,6.339698627132153,1.9429924190284595,2.8779664775950073,-5.694679926845863,5.817185983534166,cluster_plus_withinstudy,agreement_natural_log_tau2_direct_v1,provisional
lft,55,4,-0.9719641643906861,5.46163853135797,0.1471124605044313,2.3682801759636467,-5.708524516317979,3.764596187536607,cluster_plus_withinstudy,agreement_natural_log_tau2_direct_v1,provisional
lft,56,4,-0.034056388648056386,4.825393798071502,1.9038472888874303,2.5940780803512706,-5.222212549350598,5.154099772054485,cluster_plus_withinstudy,agreement_natural_log_tau2_direct_v1,provisional
lft,57,4,-0.5057170647554055,3.7521894334149386,1.4395303827193364,2.278534576462309,-5.062786217680023,4.051352088169213,cluster_plus_withinstudy,agreement_natural_log_tau2_direct_v1,provisional
lft,58,4,-0.8405510175349536,5.918584289823179,0.3921518476279033,2.5121178589889213,-5.864786735512796,4.183684700442889,cluster_plus_withinstudy,agreement_natural_log_tau2_direct_v1,provisional
lft,59,4,-0.27380106157941225,3.9937868460744705,1.7855200352737037,2.4040189020363743,-5.081838865652161,4.534236742493336,cluster_plus_withinstudy,agreement_natural_log_tau2_direct_v1,provisional
lft,60,4,0.14264794300853817,12.74965923748067,1.1011708538387397,3.721670336195753,-7.300692729382968,7.585988615400044,cluster_plus_withinstudy,agreement_natural_log_tau2_direct_v1,provisional
lft,61,4,-0.2305415012421043,5.219403254387413,1.2425512329842552,2.5420374677356095,-5.314616436713323,4.8535334342291145,cluster_plus_withinstudy,agreement_natural_log_tau2_direct_v1,provisional
lft,62,4,0.12885069057461399,11.717471372086022,0.816534111420371,3.540339741254558,-6.951828791934502,7.2095301730837305,cluster_plus_withinstudy,agreement_natural_log_tau2_direct_v1,provisional
lft,63,4,1.020119801557357,7.475451428866041,0.00806379626732407,2.7356014375514146,-4.4510830735454725,6.491322676660186,cluster_plus_withinstudy,agreement_natural_log_tau2_direct_v1,provisional
lft,64,4,-0.16013444938752316,8.303099907972264,0.9751383988493174,3.046020076562461,-6.252174602512445,5.9319057037373994,cluster_plus_withinstudy,agreement_natural_log_tau2_direct_v1,provisional
lft,65,4,-0.7711792509998772,3.5620578324349013,0.9666716159927607,2.1280811658458103,-5.027341582691498,3.4849830806917437,cluster_plus_withinstudy,agreement_natural_log_tau2_direct_v1,provisional
lft,66,4,0.5351709343375454,10.857774409564728,1.3977725949109066,3.500792339524816,-6.466413744712087,7.536755613387177,cluster_plus_withinstudy,agreement_natural_log_tau2_direct_v1,provisional
lft,67,4,0.5654387245442931,5.186758366402724,2.0664988185732844,2.69318717971403,-4.820935634883766,5.951813083972353,cluster_plus_withinstudy,agreement_natural_log_tau2_direct_v1,provisional
lft,68,4,-0.0159071530477443,4.671346858120347,1.5302570333772871,2.4903019679343377,-4.99651108891642,4.964696782820931,cluster_plus_withinstudy,agreement_natural_log_tau2_direct_v1,provisional
lft,69,4,0.38232433807531396,5.111447847186207,1.5530795469178085,2.5815745958821363,-4.780824853688959,5.545473529839587,cluster_plus_withinstudy,agreement_natural_log_tau2_direct_v1,provisional
lft,70,4,-0.013804062119449642,7.65854400390389,1.4158056348952572,3.0123661196473357,-6.038536301414121,6.010928177175222,cluster_plus_withinstudy,agreement_natural_log_tau2_direct_v1,provisional
lft,71,4,0.2692294516351209,7.692934449323242,1.3331809545407471,3.0043494144097136,-5.739469377184307,6.277928280454548,cluster_plus_withinstudy,agreement_natural_log_tau2_direct_v1,provisional
lft,72,4,0.2488103825445634,12.76867654052659,0.7629311657915833,3.6785333634912396,-7.108256344437915,7.605877109527043,cluster_plus_withinstudy,agreement_natural_log_tau2_direct_v1,provisional
lft,73,4,0.48169043205860035,11.075606768032324,1.4282760404749073,3.536082975342523,-6.590475518626446,7.553856382743646,cluster_plus_withinstudy,agreement_natural_log_tau2_direct_v1,provisional
lft,74,4,0.5537432674322784,11.375729909817519,1.5369442391127086,3.593420953482938,-6.633098639533598,7.740585174398154,cluster_plus_withinstudy,agreement_natural_log_tau2_direct_v1,provisional
lft,75,4,0.11967609552156862,16.651749356568,0.7584137535146153,4.172548754668137,-8.225421413814704,8.464773604857843,cluster_plus_withinstudy,agreement_natural_log_tau2_direct_v1,provisional
lft,76,4,1.079679258015896,13.043534233866957,0.040409198343752506,3.617173403669046,-6.154667549322196,8.314026065353987,cluster_plus_withinstudy,agreement_natural_log_tau2_direct_v1,provisional
lft,77,4,1.0176969651640608,25.009529526217097,0.21788346756579105,5.022689816600552,-9.027682668037043,11.063076598365166,cluster_plus_withinstudy,agreement_natural_log_tau2_direct_v1,provisional
lft,78,4,0.6792663323028447,7.512022529992963,1.0470683811495256,2.9255924034531002,-5.1719184746033555,6.530451139209045,cluster_plus_withinstudy,agreement_natural_log_tau2_direct_v1,provisional
lft,79,4,-0.5917077547883073,6.9714536134390945,0.8015733372120378,2.7880148763324653,-6.1677375074532375,4.9843219978766236,cluster_plus_withinstudy,agreement_natural_log_tau2_direct_v1,provisional
lft,80,4,-0.5173959489470592,7.605882235163805,0.8693624725032512,2.9112273541698963,-6.339850657286852,5.305058759392733,cluster_plus_withinstudy,agreement_natural_log_tau2_direct_v1,provisional
lft,81,4,0.499830685385321,13.835166098153222,1.0393042798956025,3.85674349394004,-7.213656302494758,8.2133176732654,cluster_plus_withinstudy,agreement_natural_log_tau2_direct_v1,provisional
lft,82,4,-0.33213799483760426,4.182446029046528,1.7851993558987294,2.4428764571597266,-5.217890909157058,4.5536149194818485,cluster_plus_withinstudy,agreement_natural_log_tau2_direct_v1,provisional
lft,83,4,-0.13848506678530723,13.073641660844025,0.8473771679967627,3.7310881561336484,-7.600661379052604,7.32369124548199,cluster_plus_withinstudy,agreement_natural_log_tau2_direct_v1,provisional
lft,84,4,0.6961841609520097,13.984997964350178,0.0,3.7396521180920264,-6.783120075232043,8.175488397136062,cluster_plus_withinstudy,agreement_natural_log_tau2_direct_v1,provisional
lft,85,4,0.10967350859704222,8.253106878903097,1.4367918755449647,3.1128602208335763,-6.11604693307011,6.335393950264195,cluster_plus_withinstudy,agreement_natural_log_tau2_direct_v1,provisional
lft,86,4,-0.49395759379196663,4.4642511579131225,1.328052108921212,2.4067204380306273,-5.307398469853221,4.319483282269288,cluster_plus_withinstudy,agreement_natural_log_tau2_direct_v1,provisional
lft,87,4,0.33227346521869217,9.574592055562624,0.7690667549323459,3.216155905812865,-6.100038346407038,6.7645852768444215,cluster_plus_withinstudy,agreement_natural_log_tau2_direct_v1,provisional
lft,88,4,0.5298808730592498,10.317607998183071,1.3764816057811162,3.419662206119807,-6.309443539180364,7.3692052852988645,cluster_plus_withinstudy,agreement_natural_log_tau2_direct_v1,provisional
lft,89,4,0.03484849659201808,8.900147272250477,1.5031415347655075,3.2254129668952447,-6.415977437198471,6.485674430382508,cluster_plus_withinstudy,agreement_natural_log_tau2_direct_v1,provisional
lft,90,4,-1.0644966647046668,8.130703989607117,0.008729369609902492,2.852969218063353,-6.770435100831373,4.6414417714220395,cluster_plus_withinstudy,agreement_natural_log_tau2_direct_v1,provisional
lft,91,4,-0.20179393959325606,4.787037591004935,1.7163102572450069,2.550166239336162,-5.30212641826558,4.898538539079068,cluster_plus_withinstudy,agreement_natural_log_tau2_direct_v1,provisional
lft,92,4,0.4249067313656421,11.323584882835123,1.233782018288741,3.543637523946808,-6.662368316527974,7.512181779259258,cluster_plus_withinstudy,agreement_natural_log_tau2_direct_v1,provisional
lft,93,4,-0.657047888397804,6.760595048499058,0.7671085800061297,2.7436660927498426,-6.144380073897489,4.830284297101882,cluster_plus_withinstudy,agreement_natural_log_tau2_direct_v1,provisional
lft,94,4,-0.22424866439246993,4.4588041934435925,2.4852088262082512,2.6351495251032424,-5.494547714598955,5.046050385814015,cluster_plus_withinstudy,agreement_natural_log_tau2_direct_v1,provisional
lft,95,4,-0.02785893639926629,6.505574583161116,1.0981679620423774,2.757488448788769,-5.542835833976805,5.487117961178272,cluster_plus_withinstudy,agreement_natural_log_tau2_direct_v1,provisional
lft,96,4,0.5707010050405467,10.46737573188184,1.1534649571653115,3.4089354187263727,-6.247169832412199,7.388571842493292,cluster_plus_withinstudy,agreement_natural_log_tau2_direct_v1,provisional
lft,97,4,-1.2419687219375717,4.1164461373520895,0.5089922587448714,2.1506832393676576,-5.543335200672887,3.0593977567977433,cluster_plus_withinstudy,agreement_natural_log_tau2_direct_v1,provisional
lft,98,4,-0.24648924987200443,5.187682753160922,2.0836749388483966,2.6965455108359135,-5.6395802715438315,5.146601771799823,cluster_plus_withinstudy,agreement_natural_log_tau2_direct_v1,provisional
lft,99,4,-0.5304676660303335,5.881267487747424,0.3626646992609585,2.498786142711773,-5.52803995145388,4.467104619393212,cluster_plus_withinstudy,agreement_natural_log_tau2_direct_v1,provisional
lft,100,4,-0.7643744260156248,14.27245661860591,0.02203634876178476,3.78080586216321,-8.325986150342045,6.797237298310796,cluster_plus_withinstudy,agreement_natural_log_tau2_direct_v1,provisional
lft,101,4,0.14189839253318645,8.665405081217147,1.1750011428221354,3.1369421773503063,-6.131985962167426,6.415782747233799,cluster_plus_withinstudy,agreement_natural_log_tau2_direct_v1,provisional
lft,102,4,-0.8856169562274425,2.8070535767808056,0.7594777559680026,1.8885262330051993,-4.662669422237841,2.891435509782956,cluster_plus_withinstudy,agreement_natural_log_tau2_direct_v1,provisional
lft,103,4,0.07872245243505244,13.259905720519058,0.9406456345353685,3.768361892792998,-7.458001333150944,7.615446238021048,cluster_plus_withinstudy,agreement_natural_log_tau2_direct_v1,provisional
lft,104,4,-0.127536355867842,11.078512958383088,1.1711807808413643,3.4999562481871758,-7.1274488522421935,6.87237614050651,cluster_plus_withinstudy,agreement_natural_log_tau2_direct_v1,provisional
lft,105,4,0.2190673237714244,8.777186302335156,1.1461844509043015,3.1501382117677723,-6.08120909976412,6.519343747306969,cluster_plus_withinstudy,agreement_natural_log_tau2_direct_v1,provisional
lft,106,4,0.24827960474976057,7.1730673538925895,2.1875645414943694,3.0595149771470247,-5.870750349544289,6.36730955904381,cluster_plus_withinstudy,agreement_natural_log_tau2_direct_v1,provisional
lft,107,4,0.6336191481736785,15.211515188693525,1.5085379608448366,4.089016159119252,-7.544413170064826,8.811651466412183,cluster_plus_withinstudy,agreement_natural_log_tau2_direct_v1,provisional
lft,108,4,1.0637462208195363,9.4227409761507,0.0,3.069648347311252,-5.075550473802968,7.20304291544204,cluster_plus_withinstudy,agreement_natural_log_tau2_direct_v1,provisional
lft,109,4,0.1070236081328831,8.829914496356736,1.4639552694865845,3.2084061098687804,-6.309788611604677,6.523835827870444,cluster_plus_withinstudy,agreement_natural_log_tau2_direct_v1,provisional
lft,110,4,-0.0478707557149731,6.410053576628169,1.807717133424203,2.866665433923598,-5.781201623562169,5.6854601121322235,cluster_plus_withinstudy,agreement_natural_log_tau2_direct_v1,provisional
lft,111,4,-0.6438145631993858,6.140641353846004,0.6483156488127807,2.6055627036513216,-5.854939970502029,4.5673108441032575,cluster_plus_withinstudy,agreement_natural_log_tau2_direct_v1,provisional
lft,112,4,0.612648619654156,15.366154148289318,1.4422320336542713,4.099803188196184,-7.586957756738212,8.812254996046523,cluster_plus_withinstudy,agreement_natural_log_tau2_direct_v1,provisional
lft,113,4,0.6993036171918308,14.83868698847506,1.5493978284361822,4.048219956587245,-7.39713629598266,8.795743530366321,cluster_plus_withinstudy,agreement_natural_log_tau2_direct_v1,provisional
lft,114,4,-0.9353304556780995,2.5347355264368594,1.1754969258608503,1.9261963690905737,-4.787723193859247,2.917062282503048,cluster_plus_withinstudy,agreement_natural_log_tau2_direct_v1,provisional
lft,115,4,-0.8508958205511021,5.015733227531769,0.5514677674271289,2.3594916814769444,-5.569879183504991,3.8680875424027867,cluster_plus_withinstudy,agreement_natural_log_tau2_direct_v1,provisional
lft,116,4,-0.5405523834034299,5.985635625935477,1.0004960171335664,2.6431291385532116,-5.826810660509853,4.7457058937029934,cluster_plus_withinstudy,agreement_natural_log_tau2_direct_v1,provisional
lft,117,4,-0.5023781921589335,6.613975867036228,0.7677175319200414,2.7169271979492327,-5.936232588057399,4.931476203739532,cluster_plus_withinstudy,agreement_natural_log_tau2_direct_v1,provisional
lft,118,4,-0.15722054782434267,7.524015505556118,1.8157942523257893,3.05611023326743,-6.269441014359203,5.954999918710517,cluster_plus_withinstudy,agreement_natural_log_tau2_direct_v1,provisional
lft,119,4,0.40567476011015363,6.2213133368951485,1.7336124566367008,2.8204478001785196,-5.235220840246885,6.046570360467193,cluster_plus_withinstudy,agreement_natural_log_tau2_direct_v1,provisional
lft,120,4,-0.22046542373758382,10.112035288663039,0.4262145206931277,3.246267057614972,-6.712999538967527,6.27206869149236,cluster_plus_withinstudy,agreement_natural_log_tau2_direct_v1,provisional
lft,121,4,0.5579141984699306,5.579162007613292,1.6411505106214315,2.687063921501445,-4.81621364453296,5.932042041472821,cluster_plus_withinstudy,agreement_natural_log_tau2_direct_v1,provisional
lft,122,4,-0.267008962579074,6.940236483958379,1.4557440033650437,2.8975818344480664,-6.062172631475207,5.528154706317059,cluster_plus_withinstudy,agreement_natural_log_tau2_direct_v1,provisional
lft,123,4,0.5299457546793795,10.788386513035649,0.9085716453631388,3.420081601131585,-6.31021744758379,7.37010895694255,cluster_plus_withinstudy,agreement_natural_log_tau2_direct_v1,provisional
lft,124,4,0.8922659375325094,10.645534169501813,2.230517247868323,3.588321532049509,-6.2843771265665085,8.068909001631527,cluster_plus_withinstudy,agreement_natural_log_tau2_direct_v1,provisional
lft,125,4,0.44368574668357985,9.006787182063393,0.8294625302402426,3.1362795972782203,-5.82887344787286,6.716244941240021,cluster_plus_withinstudy,agreement_natural_log_tau2_direct_v1,provisional
lft,126,4,0.1967611827280578,15.916048753765965,0.7265031660444059,4.079528394289023,-7.962295605849987,8.355817971306102,cluster_plus_withinstudy,agreement_natural_log_tau2_direct_v1,provisional
lft,127,4,-0.18903491792860902,6.861605062006083,1.3213250086110266,2.8605821209357214,-5.910199159800052,5.532129323942834,cluster_plus_withinstudy,agreement_natural_log_tau2_direct_v1,provisional
lft,128,4,-0.1655126017363848,11.615385787814311,1.1388595352479265,3.5713086289289304,-7.308129859594246,6.977104656121476,cluster_plus_withinstudy,agreement_natural_log_tau2_direct_v1,provisional
lft,129,4,-0.18800553472512846,18.3674056807062,0.590250789351553,4.35403909836117,-8.896083731447469,8.520072661997212,cluster_plus_withinstudy,agreement_natural_log_tau2_direct_v1,provisional
lft,130,4,0.21669153316574288,8.029188510866401,1.91264921180029,3.1530679857349555,-6.089444438304168,6.522827504635654,cluster_plus_withinstudy,agreement_natural_log_tau2_direct_v1,provisional
lft,131,4,-0.1164744865671562,12.932800957154912,0.6864516588354794,3.6904271590143045,-7.497328804595766,7.2643798314614525,cluster_plus_withinstudy,agreement_natural_log_tau2_direct_v1,provisional
lft,132,4,0.5425194436738252,7.674476223732705,2.5753866859256798,3.2015407087304677,-5.86056197378711,6.945600861134761,cluster_plus_withinstudy,agreement_natural_log_tau2_direct_v1,provisional
lft,133,4,0.6054057768486868,13.024441406227682,4.017151213237129,4.128146390265831,-7.650887003682976,8.861698557380349,cluster_plus_withinstudy,agreement_natural_log_tau2_direct_v1,provisional
lft,134,4,-0.31849555932289536,6.912520924070877,0.8353799134830503,2.783505135176497,-5.885505829675889,5.248514711030099,cluster_plus_withinstudy,agreement_natural_log_tau2_direct_v1,provisional
lft,135,4,-1.1216995201587774,4.500936455876438,0.1907931672500807,2.1660400788366125,-5.453779677832003,3.2103806375144477,cluster_plus_withinstudy,agreement_natural_log_tau2_direct_v1,provisional
lft,136,4,-0.7333154757712356,8.569293261132996,0.2841650831780185,2.9754761542165005,-6.684267784204237,5.217636832661765,cluster_plus_withinstudy,agreement_natural_log_tau2_direct_v1,provisional
lft,137,4,-0.10944595968085494,3.0566327949613976,1.8300990284023104,2.210595354958412,-4.530636669597679,4.311744750235969,cluster_plus_withinstudy,agreement_natural_log_tau2_direct_v1,provisional
lft,138,4,0.7432035739789961,25.435144444942424,0.05083703953666426,5.048364238491423,-9.353524903003851,10.839932050961842,cluster_plus_withinstudy,agreement_natural_log_tau2_direct_v1,provisional
lft,139,4,0.7268571839066127,17.28507296715787,1.6852066751749168,4.35548845048782,-7.984119717069027,9.437834084882253,cluster_plus_withinstudy,agreement_natural_log_tau2_direct_v1,provisional
lft,140,4,0.8596007281401137,12.169773027505032,0.08721554498996652,3.500998225148793,-6.142395722157472,7.8615971784377,cluster_plus_withinstudy,agreement_natural_log_tau2_direct_v1,provisional
lft,141,4,0.10393281613923025,8.53455979117652,0.8599915390675746,3.065053234487795,-6.02617365283636,6.234039285114821,cluster_plus_withinstudy,agreement_natural_log_tau2_direct_v1,provisional
lft,142,4,-0.13855456896001694,4.571808614084756,1.9252324791681181,2.548929401386565,-5.236413371733147,4.959304233813113,cluster_plus_withinstudy,agreement_natural_log_tau2_direct_v1,provisional
lft,143,4,0.1775985141181391,12.19326681675356,2.075895381027069,3.7774544600538373,-7.377310405989536,7.7325074342258135,cluster_plus_withinstudy,agreement_natural_log_tau2_direct_v1,provisional
lft,144,4,-0.26124741158606873,10.729034753173568,0.6110960023067743,3.367511062413952,-6.996269536413973,6.473774713241836,cluster_plus_withinstudy,agreement_natural_log_tau2_direct_v1,provisional
lft,145,4,0.23626100116703413,13.868333201701244,0.5511847515652974,3.7973040375069447,-7.358347073846855,7.830869076180924,cluster_plus_withinstudy,agreement_natural_log_tau2_direct_v1,provisional
lft,146,4,-0.14898760408162678,7.200433084333108,1.3266229873440092,2.9201123388796395,-5.9892122818409055,5.6912370736776525,cluster_plus_withinstudy,agreement_natural_log_tau2_direct_v1,provisional
lft,147,4,0.06689744460828859,2.95856095177782,1.9825096551386712,2.222851908453753,-4.378806372299217,4.512601261515795,cluster_plus_withinstudy,agreement_natural_log_tau2_direct_v1,provisional
lft,148,4,-0.9323691619143152,12.122016724294463,0.0,3.4816686695167394,-7.895706500947794,6.030968177119163,cluster_plus_withinstudy,agreement_natural_log_tau2_direct_v1,provisional
lft,149,4,-0.16524210444332774,10.396383446191821,1.2398597844791683,3.411193813120414,-6.987629730684156,6.6571455217975,cluster_plus_withinstudy,agreement_natural_log_tau2_direct_v1,provisional
lft,150,4,-0.9760353642596458,2.986194135077167,0.47842748576211763,1.8613494085848805,-4.698734181429407,2.7466634529101155,cluster_plus_withinstudy,agreement_natural_log_tau2_direct_v1,provisional
lft,151,4,0.12741007635843107,5.232925346232088,1.44006854179432,2.583213868038496,-5.039017659718561,5.293837812435423,cluster_plus_withinstudy,agreement_natural_log_tau2_direct_v1,provisional
lft,152,4,-0.5182267994495591,10.02173140409978,0.3949766997712761,3.2274925412572304,-6.97321188196402,5.9367582830649015,cluster_plus_withinstudy,agreement_natural_log_tau2_direct_v1,provisional
lft,153,4,-0.6211712050804787,3.968710369806725,1.3884550354086238,2.314555120366622,-5.250281445813723,4.007939035652765,cluster_plus_withinstudy,agreement_natural_log_tau2_direct_v1,provisional
lft,154,4,-0.20002074876300519,7.127981827124602,1.2631301764651772,2.89674161836878,-5.993503985500565,5.593462487974556,cluster_plus_withinstudy,agreement_natural_log_tau2_direct_v1,provisional
lft,155,4,-0.41154596402225646,9.0180762289741,0.27553060396085527,3.048541755156874,-6.508629474336004,5.685537546291492,cluster_plus_withinstudy,agreement_natural_log_tau2_direct_v1,provisional
lft,156,4,-1.3878641455742367,1.3774486306500209,0.0,1.1736475751476765,-3.7351592958695896,0.9594310047211163,cluster_plus_withinstudy,agreement_natural_log_tau2_direct_v1,provisional
lft,157,4,-0.5761783615150758,3.636988298353015,1.1699310936334621,2.1924687892844625,-4.961115940084001,3.8087592170538493,cluster_plus_withinstudy,agreement_natural_log_tau2_direct_v1,provisional
lft,158,4,-1.0926276707698896,5.164099526486475,0.16233588436450533,2.3079071495298464,-5.7084419698295825,3.5231866282898032,cluster_plus_withinstudy,agreement_natural_log_tau2_direct_v1,provisional
lft,159,4,0.4698120655205454,15.283481841020109,0.8316646639509382,4.014367509953598,-7.55892295438665,8.49854708542774,cluster_plus_withinstudy,agreement_natural_log_tau2_direct_v1,provisional
lft,160,4,-0.7840895778634059,2.2902783148111188,0.9859541764904228,1.8100365994370229,-4.404162776737452,2.83598362101064,cluster_plus_withinstudy,agreement_natural_log_tau2_direct_v1,provisional
lft,161,4,0.05073915172507359,6.204071249299809,1.2292541310089982,2.7264125477096837,-5.402085943694294,5.503564247144441,cluster_plus_withinstudy,agreement_natural_log_tau2_direct_v1,provisional
lft,162,4,-1.340522814420691,3.4070611734029326,0.36561881009340635,1.9423387921514461,-5.225200398723583,2.5441547698822014,cluster_plus_withinstudy,agreement_natural_log_tau2_direct_v1,provisional
lft,163,4,-0.19429471908055182,5.106480467263443,1.5702267838392865,2.5839325167470473,-5.362159752574646,4.973570314413543,cluster_plus_withinstudy,agreement_natural_log_tau2_direct_v1,provisional
lft,164,4,-0.07372746683387058,5.895073479003252,1.1505449478854606,2.654358383279981,-5.382444233393833,5.234989299726091,cluster_plus_withinstudy,agreement_natural_log_tau2_direct_v1,provisional
lft,165,4,-0.1843483186413901,11.456593216250928,1.2448739559910145,3.5639117795256863,-7.312171877692762,6.943475240409983,cluster_plus_withinstudy,agreement_natural_log_tau2_direct_v1,provisional
lft,166,4,-0.7300835620816145,3.699237984849117,1.8144843092753276,2.3481316603045164,-5.426346882690647,3.966179758527418,cluster_plus_withinstudy,agreement_natural_log_tau2_direct_v1,provisional
lft,167,4,1.0277188321542277,17.258439877593997,0.0,4.154327849074264,-7.2809368659943,9.336374530302756,cluster_plus_withinstudy,agreement_natural_log_tau2_direct_v1,provisional
lft,168,4,-0.6873263029992692,9.543165494122402,0.3815392609794366,3.15034994168931,-6.988026186377889,5.613373580379351,cluster_plus_withinstudy,agreement_natural_log_tau2_direct_v1,provisional
lft,169,4,-0.2427717367141447,3.1150669948878607,1.6914052465367322,2.1923668126991416,-4.627505362112428,4.141961888684138,cluster_plus_withinstudy,agreement_natural_log_tau2_direct_v1,provisional
lft,170,4,-0.17286394097333863,10.052154054739734,1.0290654138836703,3.3288465672997614,-6.8305570755728615,6.484829193626184,cluster_plus_withinstudy,agreement_natural_log_tau2_direct_v1,provisional
lft,171,4,-0.4078800985242286,10.130508645479626,0.425659104898812,3.2490256616989712,-6.905931421922171,6.090171224873714,cluster_plus_withinstudy,agreement_natural_log_tau2_direct_v1,provisional
lft,172,4,-0.5740732715910789,7.720031607614908,0.9002357273190843,2.9360291781475865,-6.446131627886252,5.297985084704094,cluster_plus_withinstudy,agreement_natural_log_tau2_direct_v1,provisional
lft,173,4,-0.13769119464970592,7.400406156095297,1.192969383926441,2.931445981085399,-6.000583156820504,5.725200767521093,cluster_plus_withinstudy,agreement_natural_log_tau2_direct_v1,provisional
lft,174,4,-0.42375352015980006,10.294504389719142,0.4478233510469795,3.277549044753735,-6.97885160966727,6.13134456934767,cluster_plus_withinstudy,agreement_natural_log_tau2_direct_v1,provisional
lft,175,4,-0.5809346606156814,6.530979712960552,1.1514457869383905,2.7717188710074736,-6.1243724026306285,4.962503081399266,cluster_plus_withinstudy,agreement_natural_log_tau2_direct_v1,provisional
lft,176,4,0.7543730822414357,15.019593319213431,0.9085943863046387,3.9910133682459734,-7.227653654250511,8.736399818733382,cluster_plus_withinstudy,agreement_natural_log_tau2_direct_v1,provisional
lft,177,4,-0.08126473723444468,4.447516244044283,2.168768792095361,2.5722140338898014,-5.225692805014048,5.063163330545158,cluster_plus_withinstudy,agreement_natural_log_tau2_direct_v1,provisional
lft,178,4,-0.7879068190554872,11.747644370687292,0.02889268407964397,3.43169594439352,-7.651298707842527,6.0754850697315534,cluster_plus_withinstudy,agreement_natural_log_tau2_direct_v1,provisional
lft,179,4,-0.07185550618325406,5.843054353404575,1.3800622781778231,2.6875856510225673,-5.447026808228388,5.303315795861881,cluster_plus_withinstudy,agreement_natural_log_tau2_direct_v1,provisional
lft,180,4,-0.08153249271109396,7.1564766559596995,1.5848458552812819,2.9565727644083073,-5.994678021527709,5.83161303610552,cluster_plus_withinstudy,agreement_natural_log_tau2_direct_v1,provisional
lft,181,4,0.7214615185565135,13.317069631912041,0.0,3.6492560381414787,-6.5770505577264435,8.01997359483947,cluster_plus_withinstudy,agreement_natural_log_tau2_direct_v1,provisional
lft,182,4,-0.8362202095443475,2.540750162138236,1.5591358760540783,2.0248175320735236,-4.885855273691394,3.2134148546026995,cluster_plus_withinstudy,agreement_natural_log_tau2_direct_v1,provisional
lft,183,4,0.07644256051737147,4.591764589179497,1.4425651055608208,2.45648726736784,-4.836531974218309,4.989417095253051,cluster_plus_withinstudy,agreement_natural_log_tau2_direct_v1,provisional
lft,184,4,-0.20674435895380652,7.439316124564751,2.3488652299496326,3.1286069351253416,-6.46395822920449,6.0504695112968765,cluster_plus_withinstudy,agreement_natural_log_tau2_direct_v1,provisional
lft,185,4,-0.41129425838346434,6.938538663481849,0.6503950527405687,2.754801937748414,-5.920898133880293,5.0983096171133635,cluster_plus_withinstudy,agreement_natural_log_tau2_direct_v1,provisional
lft,186,4,-0.12428030440203748,4.381368286900829,2.1039722350551906,2.5466331738112613,-5.21754665202456,4.968986043220485,cluster_plus_withinstudy,agreement_natural_log_tau2_direct_v1,provisional
lft,187,4,-1.1015691881318503,4.116070917644411,0.0,2.028810222185508,-5.1591896325028666,2.9560512562391663,cluster_plus_withinstudy,agreement_natural_log_tau2_direct_v1,provisional
lft,188,4,-0.3946905152260901,6.527136317315021,0.7780717193872909,2.7028148358151194,-5.800320186856329,5.010939156404149,cluster_plus_withinstudy,agreement_natural_log_tau2_direct_v1,provisional
lft,189,4,0.07634549666729933,11.188299376528587,1.4394312387155204,3.5535518309494387,-7.030758165231578,7.183449158566177,cluster_plus_withinstudy,agreement_natural_log_tau2_direct_v1,provisional
lft,190,4,0.02246618570048382,7.798043778512195,1.1325985706711204,2.988418034543246,-5.954369883386008,5.999302254786976,cluster_plus_withinstudy,agreement_natural_log_tau2_direct_v1,provisional
lft,191,4,-1.037557447958643,3.9086524752065284,0.09422926426279339,2.0007203051574503,-5.038998058273544,2.9638831623562574,cluster_plus_withinstudy,agreement_natural_log_tau2_direct_v1,provisional
lft,192,4,-0.23761263700995283,11.217802897316506,0.6758152458823029,3.448712534149347,-7.135037705308647,6.659812431288741,cluster_plus_withinstudy,agreement_natural_log_tau2_direct_v1,provisional
lft,193,4,0.40050760654572715,9.843490615477872,1.2228182784166528,3.326606212627898,-6.252704818710068,7.053720031801523,cluster_plus_withinstudy,agreement_natural_log_tau2_direct_v1,provisional
lft,194,4,0.011187063969498796,16.36683625068025,0.4138205460499647,4.09641999759915,-8.1816529312288,8.2040270591678,cluster_plus_withinstudy,agreement_natural_log_tau2_direct_v1,provisional
lft,195,4,-1.086496421081905,5.226941110305484,0.1646609384259688,2.3219823532342905,-5.730461127550486,3.557468285386676,cluster_plus_withinstudy,agreement_natural_log_tau2_direct_v1,provisional
lft,196,4,-0.6652555776546684,4.293504530509705,1.340410181532265,2.3735868874010007,-5.41242935245667,4.081918197147333,cluster_plus_withinstudy,agreement_natural_log_tau2_direct_v1,provisional
lft,197,4,0.6516360292950634,11.079653897061897,4.073669749531847,3.892727019275015,-7.133818009254967,8.437090067845094,cluster_plus_withinstudy,agreement_natural_log_tau2_direct_v1,provisional
lft,198,4,1.0438434734377418,15.113244249569483,0.0029174470018656,3.8879508351535708,-6.732058196869399,8.819745143744884,cluster_plus_withinstudy,agreement_natural_log_tau2_direct_v1,provisional
lft,199,4,0.034239569870113555,9.485937546208756,0.9561684333029581,3.2314247599954595,-6.428609950120806,6.497089089861032,cluster_plus_withinstudy,agreement_natural_log_tau2_direct_v1,provisional
lft,200,4,-1.186967963956267,4.911648401291548,0.09696509204304538,2.2379931843807284,-5.662954332717724,3.28901840480519,cluster_plus_withinstudy,agreement_natural_log_tau2_direct_v1,provisional
lft,201,4,-0.28121244958220043,5.648601457675735,1.375815757206881,2.6503617139708715,-5.581935877523944,5.019510978359542,cluster_plus_withinstudy,agreement_natural_log_tau2_direct_v1,provisional
lft,202,4,0.3590516572324156,6.693694630632036,1.5298081798626542,2.867665045031356,-5.376278432830297,6.094381747295127,cluster_plus_withinstudy,agreement_natural_log_tau2_direct_v1,provisional
lft,203,4,0.06432456232036804,9.424202664240296,2.322836857854523,3.4273954429121276,-6.790466323503887,6.919115448144623,cluster_plus_withinstudy,agreement_natural_log_tau2_direct_v1,provisional
lft,204,4,-0.28238482752436317,4.6479959024540785,1.5603342309505401,2.491652089157838,-5.26568900584004,4.700919350791313,cluster_plus_withinstudy,agreement_natural_log_tau2_direct_v1,provisional
lft,205,4,0.06672673170265019,5.5416750330856015,1.7827944588763125,2.7063757115304434,-5.346024691358236,5.479478154763537,cluster_plus_withinstudy,agreement_natural_log_tau2_direct_v1,provisional
lft,206,4,-0.20746266947159586,10.000344947890904,0.6964388802374875,3.2705938035971984,-6.748650276665993,6.333724937722801,cluster_plus_withinstudy,agreement_natural_log_tau2_direct_v1,provisional
lft,207,4,-0.13896570338621478,9.142147380567216,1.4798436502366,3.259139615113752,-6.657244933613719,6.3793135268412895,cluster_plus_withinstudy,agreement_natural_log_tau2_direct_v1,provisional
lft,208,4,0.1421633736836403,5.997031797720485,1.6619167462214504,2.767480540842507,-5.392797708001374,5.677124455368655,cluster_plus_withinstudy,agreement_natural_log_tau2_direct_v1,provisional
lft,209,4,0.5846569297239602,5.784308643543275,1.4983806669170283,2.698645829015046,-4.812634728306132,5.981948587754052,cluster_plus_withinstudy,agreement_natural_log_tau2_direct_v1,provisional
lft,210,4,1.128260082283984,8.471974889605324,0.0,2.910665712445406,-4.693071342606828,6.949591507174796,cluster_plus_withinstudy,agreement_natural_log_tau2_direct_v1,provisional
lft,211,4,-0.1340037426536468,10.659983989264555,0.8961776373966843,3.3994354864684873,-6.932874715590621,6.664867230283328,cluster_plus_withinstudy,agreement_natural_log_tau2_direct_v1,provisional
lft,212,4,0.002392725752705643,12.613833296147064,1.0008759790423443,3.6898115500916044,-7.3772303744305034,7.382015825935914,cluster_plus_withinstudy,agreement_natural_log_tau2_direct_v1,provisional
lft,213,4,-0.38839313376268486,3.585521769721934,1.5314218746118087,2.2620662334100086,-4.912525600582702,4.135739333057332,cluster_plus_withinstudy,agreement_natural_log_tau2_direct_v1,provisional
lft,214,4,-0.7829359234962052,2.618135175965623,1.551950116952501,2.042078669620278,-4.867093262736761,3.301221415744351,cluster_plus_withinstudy,agreement_natural_log_tau2_direct_v1,provisional
lft,215,4,0.37920584393499845,6.752558861189324,1.862586365014258,2.935156763480203,-5.491107683025408,6.249519370895404,cluster_plus_withinstudy,agreement_natural_log_tau2_direct_v1,provisional
lft,216,4,-0.1281567645996627,5.013407737823478,1.3417738788896514,2.5209485549517128,-5.170053874503088,4.913740345303763,cluster_plus_withinstudy,agreement_natural_log_tau2_direct_v1,provisional
lft,217,4,-0.004901474984697272,10.262131825060981,1.1224189808743985,3.3740999993976732,-6.753101473780044,6.743298523810649,cluster_plus_withinstudy,agreement_natural_log_tau2_direct_v1,provisional
lft,218,4,0.19459736755153287,12.193913093916688,0.799378688866921,3.6046208930737236,-7.014644418595914,7.40383915369898,cluster_plus_withinstudy,agreement_natural_log_tau2_direct_v1,provisional
lft,219,4,-0.5891048008872284,3.726577219636929,1.067005804861081,2.1894252726453147,-4.967955346177858,3.789745744403401,cluster_plus_withinstudy,agreement_natural_log_tau2_direct_v1,provisional
lft,220,4,0.4995121421732512,11.031986012239123,1.038553114723335,3.474268142639894,-6.449024143106537,7.448048427453039,cluster_plus_withinstudy,agreement_natural_log_tau2_direct_v1,provisional
lft,221,4,0.7912056440906724,12.518189615871353,3.4403677599375517,3.994816313149943,-7.198426982209214,8.780838270390559,cluster_plus_withinstudy,agreement_natural_log_tau2_direct_v1,provisional
lft,222,4,0.49939402312076564,7.922350528373963,0.4960826928002295,2.901453639328775,-5.303513255536784,6.302301301778315,cluster_plus_withinstudy,agreement_natural_log_tau2_direct_v1,provisional
lft,223,4,0.782459399668854,14.323291314831664,1.292797769178474,3.9517197628387235,-7.120980126008593,8.6858989253463,cluster_plus_withinstudy,agreement_natural_log_tau2_direct_v1,provisional
lft,224,4,0.880507044021324,17.596887211106335,0.0,4.19486438530572,-7.509221726590115,9.270235814632763,cluster_plus_withinstudy,agreement_natural_log_tau2_direct_v1,provisional
lft,225,4,-0.472596648350584,13.9906307974105,0.2973327260532434,3.7799422645675085,-8.0324811774856,7.087287880784433,cluster_plus_withinstudy,agreement_natural_log_tau2_direct_v1,provisional
lft,226,4,-0.41289986004215906,7.778950206410495,0.8625350798940894,2.9396403328136222,-6.292180525669403,5.466380805585086,cluster_plus_withinstudy,agreement_natural_log_tau2_direct_v1,provisional
lft,227,4,-0.6610216631613617,2.2954285172636726,1.6977627358085419,1.9982970882909814,-4.6576158397433245,3.335572513420601,cluster_plus_withinstudy,agreement_natural_log_tau2_direct_v1,provisional
lft,228,4,-0.2892554472644018,3.5889117095206413,2.2131390673533495,2.408744647502925,-5.106744742270251,4.528233847741449,cluster_plus_withinstudy,agreement_natural_log_tau2_direct_v1,provisional
lft,229,4,0.4717770980788348,7.288481993140064,1.634834696294667,2.9871921078890677,-5.5026071176993,6.446161313856971,cluster_plus_withinstudy,agreement_natural_log_tau2_direct_v1,provisional
lft,230,4,0.052418781617197346,8.425587735021361,1.1088178045791337,3.08778327277037,-6.1231477639235425,6.227985327157937,cluster_plus_withinstudy,agreement_natural_log_tau2_direct_v1,provisional
lft,231,4,-0.6359426621733798,8.961061959825862,0.467998227314367,3.070677480156493,-6.777297622486366,5.505412298139606,cluster_plus_withinstudy,agreement_natural_log_tau2_direct_v1,provisional
lft,232,4,-0.28224524271293133,6.474055187443179,1.421381235250335,2.8098819232653733,-5.902009089243678,5.3375186038178155,cluster_plus_withinstudy,agreement_natural_log_tau2_direct_v1,provisional
lft,233,4,0.29093597094374235,5.294965801491106,1.5297109131816216,2.6124082212917505,-4.933880471639759,5.5157524135272435,cluster_plus_withinstudy,agreement_natural_log_tau2_direct_v1,provisional
lft,234,4,-0.7905507391321388,9.420894907529373,0.34552235342489424,3.1251267591818204,-7.04080425749578,5.459702779231502,cluster_plus_withinstudy,agreement_natural_log_tau2_direct_v1,provisional
lft,235,4,0.9719321978306074,16.811953515267902,0.0,4.100238226648289,-7.22854425546597,9.172408651127185,cluster_plus_withinstudy,agreement_natural_log_tau2_direct_v1,provisional
lft,236,4,0.3486934251247985,6.548035944519874,1.4886479698063348,2.8349045688217105,-5.321115712518623,6.018502562768219,cluster_plus_withinstudy,agreement_natural_log_tau2_direct_v1,provisional
lft,237,4,-0.09254155041691015,4.836403511966491,1.542036407463263,2.525557348275773,-5.143656246968456,4.958573146134636,cluster_plus_withinstudy,agreement_natural_log_tau2_direct_v1,provisional
lft,238,4,-0.47038692963077844,7.563040366335278,0.8721374973007444,2.9043377667957326,-6.279062463222243,5.338288603960687,cluster_plus_withinstudy,agreement_natural_log_tau2_direct_v1,provisional
lft,239,4,-0.0647451170465227,5.897612918089061,1.1772490685816839,2.659861272072426,-5.384467661191375,5.254977427098329,cluster_plus_withinstudy,agreement_natural_log_tau2_direct_v1,provisional
lft,240,4,-0.8148410754215716,3.3299272380875884,1.1850857527827245,2.124855992972303,-5.064553061366178,3.434870910523035,cluster_plus_withinstudy,agreement_natural_log_tau2_direct_v1,provisional
lft,241,4,0.910846569262159,15.445421595482795,1.1653173950305658,4.0756274351949004,-7.240408301127642,9.06210143965196,cluster_plus_withinstudy,agreement_natural_log_tau2_direct_v1,provisional
lft,242,4,0.7742547522710086,14.953554752301677,2.106913127543573,4.130431924126731,-7.486609095982454,9.035118600524472,cluster_plus_withinstudy,agreement_natural_log_tau2_direct_v1,provisional
lft,243,4,-0.006454907032384294,8.682575787508128,2.1588343846347944,3.2926296743094148,-6.591714255651214,6.5788044415864455,cluster_plus_withinstudy,agreement_natural_log_tau2_direct_v1,provisional
lft,244,4,0.7255002251711966,8.107056055465584,2.591945148417509,3.270932772755058,-5.816365320338919,7.267365770681312,cluster_plus_withinstudy,agreement_natural_log_tau2_direct_v1,provisional
lft,245,4,-0.5288073488233284,5.345743164187436,0.5759953467324687,2.4334622476874186,-5.395731844198165,4.338117146551509,cluster_plus_withinstudy,agreement_natural_log_tau2_direct_v1,provisional
lft,246,4,-0.2522977752950082,6.592449842278396,1.3004720898051212,2.809434450576044,-5.871166676447096,5.36657112585708,cluster_plus_withinstudy,agreement_natural_log_tau2_direct_v1,provisional
lft,247,4,0.08843693570527843,10.077044787045185,1.3418307019217852,3.3791826658183144,-6.6699283959313505,6.846802267341907,cluster_plus_withinstudy,agreement_natural_log_tau2_direct_v1,provisional
lft,248,4,0.9555915305209002,15.29920365227944,1.5163000660760575,4.100671130236549,-7.2457507299521975,9.156933790993998,cluster_plus_withinstudy,agreement_natural_log_tau2_direct_v1,provisional
lft,249,4,-0.3908446315647463,6.9221925145981,1.0716227693290634,2.827333599688435,-6.045511830941616,5.263822567812123,cluster_plus_withinstudy,agreement_natural_log_tau2_direct_v1,provisional
lft,250,4,0.2062353924381166,9.612970602089677,2.234124173836161,3.441960891109287,-6.677686389780458,7.0901571746566905,cluster_plus_withinstudy,agreement_natural_log_tau2_direct_v1,provisional
lft,251,4,0.2099393037699607,17.547412089179073,1.457162202868903,4.359423619246927,-8.508907934723894,8.928786542263815,cluster_plus_withinstudy,agreement_natural_log_tau2_direct_v1,provisional
lft,252,4,-0.7167853161624039,5.703683813546424,0.7303483317159768,2.536539403451561,-5.7898641230655254,4.356293490740718,cluster_plus_withinstudy,agreement_natural_log_tau2_direct_v1,provisional
lft,253,4,-0.013404139434722484,13.557279251121145,0.3886087455181908,3.734419365395287,-7.4822428702252965,7.455434591355851,cluster_plus_withinstudy,agreement_natural_log_tau2_direct_v1,provisional
lft,254,4,-0.746018646012375,7.749030319639182,0.02621975759548966,2.788413541287352,-6.32284572858708,4.830808436562329,cluster_plus_withinstudy,agreement_natural_log_tau2_direct_v1,provisional
lft,255,4,-0.4404181867747019,8.731964827969,0.9484158962452516,3.1113310213177656,-6.663080229410233,5.78224385586083,cluster_plus_withinstudy,agreement_natural_log_tau2_direct_v1,provisional
lft,256,4,-0.12314125933281503,8.341475123440041,1.422858016000832,3.124793295474258,-6.372727850281331,6.126445331615701,cluster_plus_withinstudy,agreement_natural_log_tau2_direct_v1,provisional
lft,257,4,-0.0470115398255312,5.195642421337156,1.8014319639617171,2.6451983640738312,-5.337408267973194,5.243385188322131,cluster_plus_withinstudy,agreement_natural_log_tau2_direct_v1,provisional
lft,258,4,0.3856370526429395,6.0324664169208235,1.9467306644723006,2.824747259737254,-5.263857466831568,6.035131572117447,cluster_plus_withinstudy,agreement_natural_log_tau2_direct_v1,provisional
lft,259,4,-0.16232682958325365,4.627751499384962,2.3753075003528474,2.6463293445332554,-5.454985518649765,5.130331859483257,cluster_plus_withinstudy,agreement_natural_log_tau2_direct_v1,provisional
lft,260,4,0.10156233693448168,10.755899921075867,1.6913785669026546,3.5280700797997935,-6.954577822665105,7.1577024965340685,cluster_plus_withinstudy,agreement_natural_log_tau2_direct_v1,provisional
lft,261,4,-0.5386209909030161,3.6341988155915628,1.4394853764717186,2.2524840048407184,-5.043589000584453,3.966347018778421,cluster_plus_withinstudy,agreement_natural_log_tau2_direct_v1,provisional
lft,262,4,-0.6487648477572873,4.543331335031567,1.007924214383604,2.356110258331552,-5.360985364420391,4.063455668905816,cluster_plus_withinstudy,agreement_natural_log_tau2_direct_v1,provisional
lft,263,4,-0.8081985973571288,5.113310555297138,0.4607322671757864,2.360941088310533,-5.530080773978195,3.913683579263937,cluster_plus_withinstudy,agreement_natural_log_tau2_direct_v1,provisional
lft,264,4,0.36793538036385237,12.457782410951024,2.143361070825319,3.8211442634080623,-7.274353146452272,8.010223907179977,cluster_plus_withinstudy,agreement_natural_log_tau2_direct_v1,provisional
lft,265,4,0.5261056009543412,7.823388671520906,0.548295757575445,2.893386325587434,-5.260667050220526,6.3128782521292095,cluster_plus_withinstudy,agreement_natural_log_tau2_direct_v1,provisional
lft,266,4,-0.3062382425062035,11.606228902263808,0.9732755836619313,3.546759716406757,-7.399757675319717,6.7872811903073105,cluster_plus_withinstudy,agreement_natural_log_tau2_direct_v1,provisional
lft,267,4,-0.5063451013523278,6.741443633843282,0.5574375492858579,2.7016441629365513,-5.9096334272254305,4.896943224520775,cluster_plus_withinstudy,agreement_natural_log_tau2_direct_v1,provisional
lft,268,4,0.3976277598864506,3.9206847211342275,1.2803624032242817,2.280580435844899,-4.163533111803347,4.958788631576248,cluster_plus_withinstudy,agreement_natural_log_tau2_direct_v1,provisional
lft,269,4,-0.6957158889981973,9.611732247285074,0.16280631430855086,3.126425844569742,-6.9485675781376814,5.557135800141286,cluster_plus_withinstudy,agreement_natural_log_tau2_direct_v1,provisional
lft,270,4,-0.8272693145285844,3.864867937622029,1.5591834854777642,2.3289593004386733,-5.485187915405931,3.8306492863487622,cluster_plus_withinstudy,agreement_natural_log_tau2_direct_v1,provisional
lft,271,4,0.5325189980541285,11.87949394672962,2.9043518453016306,3.8449766959022327,-7.157434393750337,8.222472389858593,cluster_plus_withinstudy,agreement_natural_log_tau2_direct_v1,provisional
lft,272,4,-0.5633469957782696,6.635736616660374,0.5360894043605396,2.6780265161160957,-5.919400028010461,4.792706036453922,cluster_plus_withinstudy,agreement_natural_log_tau2_direct_v1,provisional
lft,273,4,-0.002207972307775316,7.123746343489053,1.0936935606488818,2.8666077346121033,-5.735423441531982,5.7310074969164315,cluster_plus_withinstudy,agreement_natural_log_tau2_direct_v1,provisional
lft,274,4,-0.9008372686905853,7.783222280116835,0.021930588055618833,2.7937703678313386,-6.488378004353263,4.686703466972092,cluster_plus_withinstudy,agreement_natural_log_tau2_direct_v1,provisional
lft,275,4,-0.2957656361389157,5.735268819733393,0.9914107227711616,2.5935843041059132,-5.4829342443507425,4.89140297207291,cluster_plus_withinstudy,agreement_natural_log_tau2_direct_v1,provisional
lft,276,4,0.4414051780531487,11.798940670177307,2.1885713195794634,3.739988233906194,-7.038571289759239,7.921381645865536,cluster_plus_withinstudy,agreement_natural_log_tau2_direct_v1,provisional
lft,277,4,0.6560631402438171,6.449626116180755,1.9804531561018042,2.903459879571708,-5.150856618899599,6.462982899387233,cluster_plus_withinstudy,agreement_natural_log_tau2_direct_v1,provisional
lft,278,4,0.8523004018523136,15.56452129548265,1.329631492906909,4.110249723361047,-7.3681990448697805,9.072799848574407,cluster_plus_withinstudy,agreement_natural_log_tau2_direct_v1,provisional
lft,279,4,0.7136419797525059,16.4047153528561,1.3802428782859817,4.217221624617573,-7.7208012694826404,9.148085228987652,cluster_plus_withinstudy,agreement_natural_log_tau2_direct_v1,provisional
lft,280,4,-1.1027940879200104,3.498161479451292,0.14678010766572328,1.9091730113106604,-4.921140110541331,2.7155519347013106,cluster_plus_withinstudy,agreement_natural_log_tau2_direct_v1,provisional
lft,281,4,0.5768009623305486,7.926043444429526,1.254728970632879,3.02997894630679,-5.483156930283032,6.636758854944128,cluster_plus_withinstudy,agreement_natural_log_tau2_direct_v1,provisional
lft,282,4,1.1754790142012492,8.87097554580269,0.12200603895058282,2.998830035989581,-4.822181057777913,7.173139086180411,cluster_plus_withinstudy,agreement_natural_log_tau2_direct_v1,provisional
lft,283,4,-0.5056826610844289,5.205940915267452,1.3763720912398871,2.5656018799703393,-5.636886421025108,4.625521098856249,cluster_plus_withinstudy,agreement_natural_log_tau2_direct_v1,provisional
lft,284,4,0.1362249142974991,12.449446930065257,0.9087922154464636,3.6548924943849883,-7.173560074472477,7.446009903067476,cluster_plus_withinstudy,agreement_natural_log_tau2_direct_v1,provisional
lft,285,4,-0.3137150280217656,6.722821038451764,1.2372846256567913,2.8213659216961835,-5.9564468714141325,5.3290168153706015,cluster_plus_withinstudy,agreement_natural_log_tau2_direct_v1,provisional
lft,286,4,0.19803604067977446,12.136344067954287,1.8305842522569395,3.7372353846407944,-7.2764347286018145,7.672506809961363,cluster_plus_withinstudy,agreement_natural_log_tau2_direct_v1,provisional
lft,287,4,0.5572229799697905,10.572246020360106,0.6019986544905206,3.3427899537438224,-6.128356927517855,7.242802887457435,cluster_plus_withinstudy,agreement_natural_log_tau2_direct_v1,provisional
lft,288,4,0.6320389673890968,19.382051313092028,0.8062956503789892,4.493144440530598,-8.3542499136721,9.618327848450292,cluster_plus_withinstudy,agreement_natural_log_tau2_direct_v1,provisional
lft,289,4,0.6659383483421133,10.204603047508904,0.8627815057007608,3.326767883879136,-5.987597419416159,7.319474116100385,cluster_plus_withinstudy,agreement_natural_log_tau2_direct_v1,provisional
lft,290,4,-0.2750899450107019,3.9672688294216454,1.5463741521214993,2.3481147717995268,-4.971319488609756,4.4211395985883515,cluster_plus_withinstudy,agreement_natural_log_tau2_direct_v1,provisional
lft,291,4,0.3548489618883429,14.752317652786544,1.5555690050790518,4.038302447547186,-7.721755933206029,8.431453856982715,cluster_plus_withinstudy,agreement_natural_log_tau2_direct_v1,provisional
lft,292,4,0.4400204345118182,7.434187835935438,0.7852147133794247,2.866950043044849,-5.29387965157788,6.173920520601516,cluster_plus_withinstudy,agreement_natural_log_tau2_direct_v1,provisional
lft,293,4,0.10153398497276833,11.953999126689645,1.0525790293712325,3.6064633862082776,-7.111392787443787,7.314460757389323,cluster_plus_withinstudy,agreement_natural_log_tau2_direct_v1,provisional
lft,294,4,0.2062959211611175,9.15832623938329,0.9014601671395214,3.171716634020576,-6.137137346880035,6.549729189202269,cluster_plus_withinstudy,agreement_natural_log_tau2_direct_v1,provisional
lft,295,4,-1.2200249605490816,4.822764211565503,0.22718884579652845,2.2472100608002874,-5.714445082149656,3.274395161051493,cluster_plus_withinstudy,agreement_natural_log_tau2_direct_v1,provisional
lft,296,4,1.2643867845928303,14.375621253937004,0.01214267604696464,3.793120605778831,-6.321854426964832,8.850627996150493,cluster_plus_withinstudy,agreement_natural_log_tau2_direct_v1,provisional
lft,297,4,-0.14371812245771828,11.21057235367036,1.1110556423428988,3.510217656501269,-7.164153435460256,6.876717190544819,cluster_plus_withinstudy,agreement_natural_log_tau2_direct_v1,provisional
lft,298,4,-0.8083243102795523,3.6742809286754685,0.433466178710295,2.0267577821204394,-4.861839874520431,3.245191253961327,cluster_plus_withinstudy,agreement_natural_log_tau2_direct_v1,provisional
lft,299,4,-1.325827923373633,4.679070103618268,0.09110591590962365,2.184073263315105,-5.693974450003843,3.042318603256577,cluster_plus_withinstudy,agreement_natural_log_tau2_direct_v1,provisional
lft,300,4,-0.7373883442648761,2.3472214969308585,1.3276320323887438,1.916990748365678,-4.5713698409962324,3.09659315246648,cluster_plus_withinstudy,agreement_natural_log_tau2_direct_v1,provisional
lft,301,4,-0.9734127484028507,4.5848376479227655,0.1956603441858423,2.1864349960857763,-5.346282740574403,3.399457243768702,cluster_plus_withinstudy,agreement_natural_log_tau2_direct_v1,provisional
lft,302,4,-0.020134122393149583,4.988411292906618,1.298408539039849,2.507353152618607,-5.034840427630363,4.994572182844064,cluster_plus_withinstudy,agreement_natural_log_tau2_direct_v1,provisional
lft,303,4,0.0823396631804421,6.2558153949006226,1.035263484485944,2.7001997850874973,-5.318059906994552,5.482739233355437,cluster_plus_withinstudy,agreement_natural_log_tau2_direct_v1,provisional
lft,304,4,0.8267781194665903,11.374384347311214,1.365412625941727,3.5692852188152377,-6.311792318163885,7.965348557097066,cluster_plus_withinstudy,agreement_natural_log_tau2_direct_v1,provisional
lft,305,4,0.18218444559278868,14.695846469962843,0.932676991745523,3.953292736657427,-7.724401027722065,8.088769918907643,cluster_plus_withinstudy,agreement_natural_log_tau2_direct_v1,provisional
lft,306,4,-0.6247285668644327,4.368993809691688,1.1640060976213709,2.3522329619561617,-5.329194490776756,4.0797373570478905,cluster_plus_withinstudy,agreement_natural_log_tau2_direct_v1,provisional
lft,307,4,0.58669924705338,10.64705359374475,0.8532143952145567,3.3912045041488295,-6.195709761244279,7.369108255351039,cluster_plus_withinstudy,agreement_natural_log_tau2_direct_v1,provisional
lft,308,4,-0.861962290419219,4.613358445280567,0.3779769051593818,2.2341296628530647,-5.330221616125348,3.6062970352869104,cluster_plus_withinstudy,agreement_natural_log_tau2_direct_v1,provisional
lft,309,4,1.1516860326937097,17.80067030812449,0.14950130873728823,4.236764286204955,-7.3218425397162,9.625214605103618,cluster_plus_withinstudy,agreement_natural_log_tau2_direct_v1,provisional
lft,310,4,-0.6209159447299677,14.133463976541414,0.13504798533738158,3.7773683910731815,-8.175652726876331,6.933820837416395,cluster_plus_withinstudy,agreement_natural_log_tau2_direct_v1,provisional
lft,311,4,-0.9636124041033048,7.686321762787313,0.04059204562712194,2.7797326865032246,-6.523077777109754,4.595852968903144,cluster_plus_withinstudy,agreement_natural_log_tau2_direct_v1,provisional
lft,312,4,0.30089071952394064,9.360810862208504,2.7858395471950916,3.485204500370616,-6.669518281217291,7.271299720265173,cluster_plus_withinstudy,agreement_natural_log_tau2_direct_v1,provisional
lft,313,4,-0.7038246709566917,2.453863393424746,1.6422599225722543,2.0238881678583427,-4.751601006673377,3.343951664759994,cluster_plus_withinstudy,agreement_natural_log_tau2_direct_v1,provisional
lft,314,4,-0.17007414246234687,4.2376927151841155,1.950246114989291,2.487556799386379,-5.145187741235105,4.805039456310411,cluster_plus_withinstudy,agreement_natural_log_tau2_direct_v1,provisional
lft,315,4,0.39395115861504004,8.806525429042113,2.192868080796297,3.3165333572630336,-6.239115555911027,7.027017873141107,cluster_plus_withinstudy,agreement_natural_log_tau2_direct_v1,provisional
lft,316,4,-0.7212111790128751,4.1274474245607085,1.4288437473157776,2.3571786465765565,-5.435568472165988,3.993146114140238,cluster_plus_withinstudy,agreement_natural_log_tau2_direct_v1,provisional
lft,317,4,0.47925550584075827,9.747800128932594,1.004011011712547,3.278995446877769,-6.07873538791478,7.037246399596296,cluster_plus_withinstudy,agreement_natural_log_tau2_direct_v1,provisional
lft,318,4,-1.253204641931471,3.076888365757192,0.024530024400898385,1.7610844358400566,-4.7753735136115845,2.268964229748642,cluster_plus_withinstudy,agreement_natural_log_tau2_direct_v1,provisional
lft,319,4,-0.09322545758659714,4.796145454326963,1.9984561457995,2.6066456606386805,-5.3065167788639585,5.120065863690764,cluster_plus_withinstudy,agreement_natural_log_tau2_direct_v1,provisional
lft,320,4,0.5757301118193641,10.247260302520944,0.7657923988257046,3.3185919757250435,-6.0614538396307225,7.2129140632694515,cluster_plus_withinstudy,agreement_natural_log_tau2_direct_v1,provisional
lft,321,4,-0.4220513088489973,7.2369884249334,0.8410990371006709,2.842197646546431,-6.10644660194186,5.262343984243865,cluster_plus_withinstudy,agreement_natural_log_tau2_direct_v1,provisional
lft,322,4,-0.2306605081845879,6.260356261668845,0.6742775008544472,2.633369279558659,-5.497399067301906,5.03607805093273,cluster_plus_withinstudy,agreement_natural_log_tau2_direct_v1,provisional
lft,323,4,-0.3069927366338126,10.531984595853752,0.6261435725852916,3.340378446888772,-6.987749630411357,6.373764157143731,cluster_plus_withinstudy,agreement_natural_log_tau2_direct_v1,provisional
lft,324,4,0.07644878786633208,5.408170227326422,1.2179167056626055,2.5741186711161994,-5.071788554366067,5.224686130098731,cluster_plus_withinstudy,agreement_natural_log_tau2_direct_v1,provisional
lft,325,4,0.6444099405738072,11.274642815271852,0.6308345870734912,3.450431480604323,-6.256453020634839,7.545272901782453,cluster_plus_withinstudy,agreement_natural_log_tau2_direct_v1,provisional
lft,326,4,0.09429301456353005,8.851966654271903,0.5569186375424895,3.0673906324128972,-6.040488250262264,6.229074279389325,cluster_plus_withinstudy,agreement_natural_log_tau2_direct_v1,provisional
lft,327,4,-0.4023048110084808,3.370058999326521,1.7834115528959846,2.2701256688171485,-4.942556148642778,4.137946526625816,cluster_plus_withinstudy,agreement_natural_log_tau2_direct_v1,provisional
lft,328,4,-0.0546258341624228,10.641170865784263,1.0375949948022432,3.4174209369913013,-6.889467708145025,6.78021603982018,cluster_plus_withinstudy,agreement_natural_log_tau2_direct_v1,provisional
lft,329,4,0.07392902451111426,8.899138866927293,1.3267069802093339,3.1977876488498462,-6.321646273188578,6.469504322210807,cluster_plus_withinstudy,agreement_natural_log_tau2_direct_v1,provisional
lft,330,4,-0.02605260002687008,6.030972363269715,0.735239016728982,2.6011942218909176,-5.228441043808705,5.176335843754965,cluster_plus_withinstudy,agreement_natural_log_tau2_direct_v1,provisional
lft,331,4,0.3599974093645772,14.177353561990039,0.5850327146707818,3.8421850914109825,-7.324372773457388,8.044367592186543,cluster_plus_withinstudy,agreement_natural_log_tau2_direct_v1,provisional
lft,332,4,-0.5102221625021328,6.00038226890551,1.2287851213730467,2.688711102048444,-5.887644366599021,4.867200041594755,cluster_plus_withinstudy,agreement_natural_log_tau2_direct_v1,provisional
lft,333,4,-0.6030181935230672,7.106895239084878,0.9314749653315064,2.8352019688932892,-6.273422131309646,5.067385744263511,cluster_plus_withinstudy,agreement_natural_log_tau2_direct_v1,provisional
lft,334,4,-0.9656139445215187,3.404246475416147,0.3620901940923267,1.9407051990213438,-4.847024342564207,2.915796453521169,cluster_plus_withinstudy,agreement_natural_log_tau2_direct_v1,provisional
lft,335,4,-0.34950011562965316,3.9180303281704565,0.8486177693035781,2.1832654665601328,-4.716031048749919,4.017030817490612,cluster_plus_withinstudy,agreement_natural_log_tau2_direct_v1,provisional
lft,336,4,-0.7492633703015603,4.357682098263197,1.377785817346872,2.39488369563327,-5.5390307615681005,4.04050402096498,cluster_plus_withinstudy,agreement_natural_log_tau2_direct_v1,provisional
lft,337,4,-0.6661736580612471,3.769765736077913,0.8153945794016227,2.141298745032915,-4.948771148127077,3.6164238320045827,cluster_plus_withinstudy,agreement_natural_log_tau2_direct_v1,provisional
lft,338,4,0.19959076169717813,6.804741823236419,1.6953983993180144,2.915499995293163,-5.631409228889148,6.030590752283504,cluster_plus_withinstudy,agreement_natural_log_tau2_direct_v1,provisional
lft,339,4,-0.2812130856102141,6.000309151128235,0.9559403743382368,2.6374702890206123,-5.556153663651439,4.99372749243101,cluster_plus_withinstudy,agreement_natural_log_tau2_direct_v1,provisional
lft,340,4,1.008337008893065,13.074861169974072,0.0,3.615917749337514,-6.223498489781963,8.240172507568094,cluster_plus_withinstudy,agreement_natural_log_tau2_direct_v1,provisional
lft,341,4,0.8444554669412908,17.41293180675512,0.0,4.172880516712062,-7.5013055664828325,9.190216500365414,cluster_plus_withinstudy,agreement_natural_log_tau2_direct_v1,provisional
lft,342,4,0.015751198363433517,9.66399241035132,1.3092594371141806,3.3125899002842925,-6.609428602205152,6.640930998932018,cluster_plus_withinstudy,agreement_natural_log_tau2_direct_v1,provisional
lft,343,4,-0.09472608776559421,6.5808618450959475,1.653750892984067,2.869601494646951,-5.833929077059496,5.644476901528307,cluster_plus_withinstudy,agreement_natural_log_tau2_direct_v1,provisional
lft,344,4,-0.08217255271835107,8.374020477079334,1.5289682137963438,3.1469014428284336,-6.375975438375218,6.211630332938516,cluster_plus_withinstudy,agreement_natural_log_tau2_direct_v1,provisional
lft,345,4,0.7632269065138858,13.24406428266711,1.0277226990690314,3.777801871688898,-6.792376836863911,8.318830649891682,cluster_plus_withinstudy,agreement_natural_log_tau2_direct_v1,provisional
lft,346,4,0.6226841365139164,4.6834392870349095,1.8468357559275892,2.555440283583731,-4.488196430653546,5.733564703681378,cluster_plus_withinstudy,agreement_natural_log_tau2_direct_v1,provisional
lft,347,4,0.23279831175257087,10.152452626090307,0.9117351158206987,3.3262873811369644,-6.419776450521358,6.8853730740265,cluster_plus_withinstudy,agreement_natural_log_tau2_direct_v1,provisional
lft,348,4,-1.012323772006241,4.244062786626425,0.15978669529710632,2.0985350799840186,-5.209393931974278,3.184746387961796,cluster_plus_withinstudy,agreement_natural_log_tau2_direct_v1,provisional
lft,349,4,0.7283951154273031,9.288607728090293,2.7010204117860046,3.46260424245629,-6.196813369485277,7.653603600339883,cluster_plus_withinstudy,agreement_natural_log_tau2_direct_v1,provisional
lft,350,4,0.05582137583862069,4.973660062184171,1.6720243074262036,2.5779224910013054,-5.10002360616399,5.2116663578412314,cluster_plus_withinstudy,agreement_natural_log_tau2_direct_v1,provisional
lft,351,4,0.18513025548744233,13.881893530263385,1.4277869289546976,3.912758676332861,-7.64038709717828,8.010647608153164,cluster_plus_withinstudy,agreement_natural_log_tau2_direct_v1,provisional
lft,352,4,-0.7494050790171918,5.920485751490481,0.6887648472782221,2.5708462806571504,-5.891097640331493,4.3922874822971085,cluster_plus_withinstudy,agreement_natural_log_tau2_direct_v1,provisional
lft,353,4,0.32970934412865655,7.740777199316383,1.8197789661257926,3.0920149038195426,-5.854320463510429,6.513739151767742,cluster_plus_withinstudy,agreement_natural_log_tau2_direct_v1,provisional
lft,354,4,-0.4407991204780066,6.491777976996766,0.9508645827823358,2.728120701101603,-5.897040522681213,5.0154422817252,cluster_plus_withinstudy,agreement_natural_log_tau2_direct_v1,provisional
lft,355,4,-0.03016838909684263,5.118092078670397,2.464795571346534,2.75370435050986,-5.537577090116563,5.477240311922878,cluster_plus_withinstudy,agreement_natural_log_tau2_direct_v1,provisional
lft,356,4,-0.12150520716056931,7.582516103009858,1.2962839301122875,2.9797315370888944,-6.080968281338358,5.837957867017219,cluster_plus_withinstudy,agreement_natural_log_tau2_direct_v1,provisional
lft,357,4,0.2224227357621876,11.480690900835409,1.4056198315657797,3.58975078973474,-6.957078843707292,7.401924315231668,cluster_plus_withinstudy,agreement_natural_log_tau2_direct_v1,provisional
lft,358,4,-0.00358593891802714,3.1695714450077945,2.366722805940074,2.3529331165479115,-4.70945217201385,4.702280294177796,cluster_plus_withinstudy,agreement_natural_log_tau2_direct_v1,provisional
lft,359,4,-0.5478064000036836,3.1370419073806133,0.9409965027824801,2.019415363456239,-4.586637126916162,3.491024326908794,cluster_plus_withinstudy,agreement_natural_log_tau2_direct_v1,provisional
lft,360,4,-0.6528821205554539,6.30270048207447,0.7331183164337226,2.6525117904560185,-5.9579057014674905,4.652141460356583,cluster_plus_withinstudy,agreement_natural_log_tau2_direct_v1,provisional
lft,361,4,-0.9229682916319374,3.725927865922299,0.38803613435123113,2.02829090622463,-4.979550104081198,3.133613520817323,cluster_plus_withinstudy,agreement_natural_log_tau2_direct_v1,provisional
lft,362,4,-0.18955635618178468,6.204406899347831,1.3493616687279362,2.748412008428825,-5.686380373039435,5.307267660675865,cluster_plus_withinstudy,agreement_natural_log_tau2_direct_v1,provisional
lft,363,4,0.7591210973831662,10.316728646862135,0.6396978593307996,3.310049320809727,-5.860977544236288,7.37921973900262,cluster_plus_withinstudy,agreement_natural_log_tau2_direct_v1,provisional
lft,364,4,0.19341491794052545,16.86253819286158,0.5194625632266129,4.169172670457317,-8.144930422974108,8.53176025885516,cluster_plus_withinstudy,agreement_natural_log_tau2_direct_v1,provisional
lft,365,4,-0.056557719689892975,5.5157345914368445,1.577468610387898,2.6633068170649703,-5.383171353819834,5.270055914440047,cluster_plus_withinstudy,agreement_natural_log_tau2_direct_v1,provisional
lft,366,4,-0.8710351149519794,3.3536913100238896,0.6083166098206144,1.9904793191200214,-4.851993753192022,3.1099235232880633,cluster_plus_withinstudy,agreement_natural_log_tau2_direct_v1,provisional
lft,367,4,0.44024667199365736,6.757668496946425,1.2988335858103683,2.8383978020631275,-5.236548932132598,6.117042276119912,cluster_plus_withinstudy,agreement_natural_log_tau2_direct_v1,provisional
lft,368,4,-0.37921647353295906,6.691473140395173,0.8818503276350779,2.751967199664678,-5.883150872862315,5.124717925796397,cluster_plus_withinstudy,agreement_natural_log_tau2_direct_v1,provisional
lft,369,4,-0.9308158552275161,3.147434807566513,0.5288151755271786,1.9173549444726428,-4.765525744172802,2.903894033717769,cluster_plus_withinstudy,agreement_natural_log_tau2_direct_v1,provisional
lft,370,4,0.5422496667189353,4.444054230393485,1.648905685206273,2.4683921721638478,-4.39453467760876,5.479034011046631,cluster_plus_withinstudy,agreement_natural_log_tau2_direct_v1,provisional
lft,371,4,-0.4159735990424913,14.288365432818194,0.24499181114529953,3.812264057481262,-8.040501714005014,7.208554515920032,cluster_plus_withinstudy,agreement_natural_log_tau2_direct_v1,provisional
lft,372,4,-0.37526419948550527,7.328722640039293,1.1270343803045746,2.9078784397467285,-6.191021078978962,5.440492680007952,cluster_plus_withinstudy,agreement_natural_log_tau2_direct_v1,provisional
lft,373,4,-0.29427565460900534,3.982010800608757,1.9154242750054544,2.4284635215737156,-5.151202697756436,4.562651388538426,cluster_plus_withinstudy,agreement_natural_log_tau2_direct_v1,provisional
lft,374,4,-0.12643400562845128,4.1874387211337885,2.1393235414317386,2.5153056002334044,-5.15704520609526,4.904177194838358,cluster_plus_withinstudy,agreement_natural_log_tau2_direct_v1,provisional
lft,375,4,-0.7004988429053431,9.33153040685853,0.2138262763369872,3.0895560657148655,-6.879610974335074,5.478613288524388,cluster_plus_withinstudy,agreement_natural_log_tau2_direct_v1,provisional
lft,376,4,-1.1320063689483313,4.336809239832889,0.03488032477005087,2.0908585711623204,-5.313723511272972,3.04971077337631,cluster_plus_withinstudy,agreement_natural_log_tau2_direct_v1,provisional
lft,377,4,-0.6159773682694691,5.295608517295551,0.5095035888498429,2.40938002526488,-5.434737418799229,4.202782682260291,cluster_plus_withinstudy,agreement_natural_log_tau2_direct_v1,provisional
lft,378,4,0.621197668711627,6.761189983051871,1.7799693105162544,2.922526183555611,-5.223854698399595,6.466250035822849,cluster_plus_withinstudy,agreement_natural_log_tau2_direct_v1,provisional
lft,379,4,-0.7638071990800573,11.003692654198133,0.005021588402841337,3.317938251776391,-7.3996837026328395,5.872069304472725,cluster_plus_withinstudy,agreement_natural_log_tau2_direct_v1,provisional
lft,380,4,0.7639830970726045,16.090121586174792,0.0,4.011249379703884,-7.258515662335163,8.786481856480371,cluster_plus_withinstudy,agreement_natural_log_tau2_direct_v1,provisional
lft,381,4,0.19769837243331415,25.601663750150443,0.0,5.059808667346073,-9.921918962258832,10.31731570712546,cluster_plus_withinstudy,agreement_natural_log_tau2_direct_v1,provisional
lft,382,4,-0.5788336312974396,10.081637204183227,0.4650574768291817,3.24756750214871,-7.073968635594859,5.91630137299998,cluster_plus_withinstudy,agreement_natural_log_tau2_direct_v1,provisional
lft,383,4,-0.18709948144810354,9.667538608090537,1.0268900738297935,3.270233735059366,-6.7275669515668355,6.3533679886706285,cluster_plus_withinstudy,agreement_natural_log_tau2_direct_v1,provisional
lft,384,4,0.1632170855760284,11.135480597677144,1.600163295313971,3.5687033910078765,-6.9741896964397245,7.300623867591781,cluster_plus_withinstudy,agreement_natural_log_tau2_direct_v1,provisional
lft,385,4,0.5527160374369515,5.246157235329977,1.7310224831970593,2.6414351626581785,-4.730154287879405,5.835586362753308,cluster_plus_withinstudy,agreement_natural_log_tau2_direct_v1,provisional
lft,386,4,-0.6936594695818925,8.622919769835322,0.2430787770689585,2.9775826683577202,-6.648824806297333,5.261505867133548,cluster_plus_withinstudy,agreement_natural_log_tau2_direct_v1,provisional
lft,387,4,0.5052103138889387,7.715448520317688,0.7024583849830598,2.90136293925816,-5.297515564627381,6.307936192405259,cluster_plus_withinstudy,agreement_natural_log_tau2_direct_v1,provisional
lft,388,4,-0.5139717661779561,9.130349868688835,0.3812500592601155,3.0840881842043606,-6.682148134586678,5.654204602230765,cluster_plus_withinstudy,agreement_natural_log_tau2_direct_v1,provisional
lft,389,4,0.33927769281081566,7.7086425829331695,1.395642967402203,3.0173308652408957,-5.6953840376709755,6.373939423292607,cluster_plus_withinstudy,agreement_natural_log_tau2_direct_v1,provisional
lft,390,4,-0.8989134891293957,3.1412877441354756,0.6216682276377263,1.9398340062420811,-4.778581501613558,2.9807545233547668,cluster_plus_withinstudy,agreement_natural_log_tau2_direct_v1,provisional
lft,391,4,0.09839309017522656,5.563934261527781,1.3739698998428096,2.6339901596950948,-5.169587229214963,5.366373409565416,cluster_plus_withinstudy,agreement_natural_log_tau2_direct_v1,provisional
lft,392,4,0.7075491965804994,11.252976895188633,0.7733460631835284,3.4678989256280466,-6.2282486546755935,7.643347047836593,cluster_plus_withinstudy,agreement_natural_log_tau2_direct_v1,provisional
lft,393,4,0.6634712104722263,16.711918201503998,0.5496905910353503,4.15470923080537,-7.645947251138513,8.972889672082966,cluster_plus_withinstudy,agreement_natural_log_tau2_direct_v1,provisional
lft,394,4,-1.0821015591553862,4.569185041398136,0.022012704457305427,2.142708040274139,-5.367517639703664,3.2033145213928917,cluster_plus_withinstudy,agreement_natural_log_tau2_direct_v1,provisional
lft,395,4,-0.46756078807744206,6.695551828987234,1.056852381932317,2.784313956959515,-6.036188701996472,5.101067125841587,cluster_plus_withinstudy,agreement_natural_log_tau2_direct_v1,provisional
lft,396,4,-0.7226959528895051,5.129369981884134,0.34008433646737185,2.338686451483291,-5.4000688558560865,3.9546769500770766,cluster_plus_withinstudy,agreement_natural_log_tau2_direct_v1,provisional
lft,397,4,0.26775081552592317,15.577356704716262,0.9955612549652388,4.0709848881666835,-7.874218960807443,8.40972059185929,cluster_plus_withinstudy,agreement_natural_log_tau2_direct_v1,provisional
lft,398,4,0.5755121797867003,12.739407273684154,2.495197287507112,3.903153156256012,-7.230794132725324,8.381818492298724,cluster_plus_withinstudy,agreement_natural_log_tau2_direct_v1,provisional
lft,399,4,0.6604727005351975,16.89490184932,1.8524459043692798,4.3298207530669535,-7.99916880559871,9.320114206669105,cluster_plus_withinstudy,agreement_natural_log_tau2_direct_v1,provisional
lft,400,4,0.05458839640543374,5.282060858824981,2.865605689393704,2.854411769212474,-5.654235142019514,5.763411934830382,cluster_plus_withinstudy,agreement_natural_log_tau2_direct_v1,provisional
lft,401,4,0.47548727756639275,11.155412358672717,0.6918530982902359,3.4419856851769377,-6.408484092787482,7.359458647920269,cluster_plus_withinstudy,agreement_natural_log_tau2_direct_v1,provisional
lft,402,4,-0.5161533554855323,9.05818791532127,0.5698437137904104,3.10290696430165,-6.721967284088833,5.689660573117767,cluster_plus_withinstudy,agreement_natural_log_tau2_direct_v1,provisional
lft,403,4,1.4716596733740324,19.128140117280523,0.0,4.373572923512368,-7.2754861736507035,10.218805520398769,cluster_plus_withinstudy,agreement_natural_log_tau2_direct_v1,provisional
lft,404,4,-0.3247422868932915,6.530613836624361,1.3812002993638248,2.8127947198450487,-5.950331726583389,5.3008471527968055,cluster_plus_withinstudy,agreement_natural_log_tau2_direct_v1,provisional
lft,405,4,0.07698143215111165,11.357210833530754,0.9791654279430712,3.5123177905015694,-6.947654148852028,7.10161701315425,cluster_plus_withinstudy,agreement_natural_log_tau2_direct_v1,provisional
lft,406,4,0.4598708647551423,14.298338559745604,1.0735325980922859,3.9206977896591173,-7.381524714563092,8.301266444073377,cluster_plus_withinstudy,agreement_natural_log_tau2_direct_v1,provisional
lft,407,4,0.11230115041916673,8.624360307363256,0.691345941606269,3.052164191024055,-5.992027231628944,6.216629532467277,cluster_plus_withinstudy,agreement_natural_log_tau2_direct_v1,provisional
lft,408,4,0.49811823940215516,10.101663805685764,1.0648707211924222,3.341636504301176,-6.185154769200198,7.181391248004507,cluster_plus_withinstudy,agreement_natural_log_tau2_direct_v1,provisional
lft,409,4,-0.1890007324864357,11.051253094680282,1.0989516535763137,3.4857143813365714,-7.160429495159579,6.782428030186707,cluster_plus_withinstudy,agreement_natural_log_tau2_direct_v1,provisional
lft,410,4,0.3398177434007381,11.059678366852747,0.9867526083447743,3.4707968789886743,-6.60177601457661,7.281411501378087,cluster_plus_withinstudy,agreement_natural_log_tau2_direct_v1,provisional
lft,411,4,0.3939846793975778,7.0839255301664545,1.5729686808486962,2.94226005156158,-5.490535423725582,6.278504782520738,cluster_plus_withinstudy,agreement_natural_log_tau2_direct_v1,provisional
lft,412,4,0.6361629478205073,13.18280122145335,0.0106777957303267,3.632282893330815,-6.628402838841123,7.900728734482137,cluster_plus_withinstudy,agreement_natural_log_tau2_direct_v1,provisional
lft,413,4,-0.0866463386494329,5.652776330981021,1.7745060576916993,2.7253040910461204,-5.537254520741674,5.363961843442808,cluster_plus_withinstudy,agreement_natural_log_tau2_direct_v1,provisional
lft,414,4,-0.294693099309287,12.20721113930737,0.7180524937481003,3.5951722675075626,-7.485037634324412,6.8956514357058385,cluster_plus_withinstudy,agreement_natural_log_tau2_direct_v1,provisional
lft,415,4,0.4463802696357129,6.9986928504153125,1.931289629681058,2.9883076280892453,-5.530234986542777,6.422995525814204,cluster_plus_withinstudy,agreement_natural_log_tau2_direct_v1,provisional
lft,416,4,0.422406468522511,9.821596501299114,2.173573015991687,3.4634043248357247,-6.504402181148938,7.3492151181939604,cluster_plus_withinstudy,agreement_natural_log_tau2_direct_v1,provisional
lft,417,4,0.45386367676763556,4.309720428149903,1.5319729592287257,2.4169595336659295,-4.380055390564223,5.287782744099495,cluster_plus_withinstudy,agreement_natural_log_tau2_direct_v1,provisional
lft,418,4,0.4408994660746577,6.49143194973172,1.8278022591473522,2.884308272164935,-5.327717078255212,6.209516010404528,cluster_plus_withinstudy,agreement_natural_log_tau2_direct_v1,provisional
lft,419,4,0.06227468697622874,6.040082539994492,1.3198374333846281,2.7129172441081058,-5.363559801239982,5.488109175192441,cluster_plus_withinstudy,agreement_natural_log_tau2_direct_v1,provisional
lft,420,4,0.052890840720366525,6.846424975571736,1.701561459358028,2.9236939708064122,-5.794497100892458,5.900278782333191,cluster_plus_withinstudy,agreement_natural_log_tau2_direct_v1,provisional
lft,421,4,0.38489195600614157,4.796320590211172,1.1870923714106465,2.446101584485366,-4.5073112129645905,5.277095124976873,cluster_plus_withinstudy,agreement_natural_log_tau2_direct_v1,provisional
lft,422,4,0.041229642825970594,5.027046592172485,1.7066473753925608,2.594936216473354,-5.1486427901207374,5.231102075772679,cluster_plus_withinstudy,agreement_natural_log_tau2_direct_v1,provisional
lft,423,4,-0.1900010419584472,5.846704763287332,1.103675209408512,2.636357330237281,-5.462715702433009,5.082713618516115,cluster_plus_withinstudy,agreement_natural_log_tau2_direct_v1,provisional
lft,424,4,-0.11791430883131244,9.21703963382503,2.3546371068619556,3.4017167343397343,-6.921347777510781,6.685519159848156,cluster_plus_withinstudy,agreement_natural_log_tau2_direct_v1,provisional
lft,425,4,0.7994938927598298,10.147420900263954,0.856060491111543,3.3171495883326543,-5.834805283905479,7.433793069425138,cluster_plus_withinstudy,agreement_natural_log_tau2_direct_v1,provisional
lft,426,4,0.0002008344784671749,13.029924107788132,0.7793117318584507,3.7160780185091085,-7.43195520253975,7.432356871496684,cluster_plus_withinstudy,agreement_natural_log_tau2_direct_v1,provisional
lft,427,4,-0.5415739903981632,5.303834354277151,0.6787922866077463,2.4459408498336375,-5.433455690065438,4.350307709269112,cluster_plus_withinstudy,agreement_natural_log_tau2_direct_v1,provisional
lft,428,4,-0.6461442871703031,9.473761218215563,0.49218456947925543,3.1568886245312515,-6.959921536232806,5.6676329618922,cluster_plus_withinstudy,agreement_natural_log_tau2_direct_v1,provisional
lft,429,4,1.0510259711888037,16.693306849057247,0.0,4.085744344554276,-7.120462717919748,9.222514660297355,cluster_plus_withinstudy,agreement_natural_log_tau2_direct_v1,provisional
lft,430,4,-0.07109106395812019,3.9860097056110435,1.683144336282309,2.380998538826379,-4.833088141610879,4.6909060136946374,cluster_plus_withinstudy,agreement_natural_log_tau2_direct_v1,provisional
lft,431,4,-0.21705914889860103,10.087898789398324,0.4682910667525577,3.249029063605138,-6.715117276108877,6.2809989783116755,cluster_plus_withinstudy,agreement_natural_log_tau2_direct_v1,provisional
lft,432,4,0.23708624741477055,4.377780593599765,1.534107478327218,2.4314374497253644,-4.625788652035959,5.099961146865499,cluster_plus_withinstudy,agreement_natural_log_tau2_direct_v1,provisional
lft,433,4,-0.46384521577252735,14.493489275328459,0.14235898115448156,3.8256827176966652,-8.115210651165858,7.1875202196208035,cluster_plus_withinstudy,agreement_natural_log_tau2_direct_v1,provisional
lft,434,4,-0.11379867435781425,8.929031945750962,0.8853611809283163,3.1327931828767883,-6.379385040111391,6.1517876913957625,cluster_plus_withinstudy,agreement_natural_log_tau2_direct_v1,provisional
lft,435,4,-0.9596685130533015,5.214660626309039,0.1156796384389121,2.308752967458396,-5.577174447970094,3.657837421863491,cluster_plus_withinstudy,agreement_natural_log_tau2_direct_v1,provisional
lft,436,4,0.4289849061682153,6.67667856823118,2.421840171763578,3.016375099352658,-5.603765292537101,6.461735104873531,cluster_plus_withinstudy,agreement_natural_log_tau2_direct_v1,provisional
lft,437,4,0.4854191372840015,18.499398602383756,1.2746638582998173,4.446803622905286,-8.40818810852657,9.379026383094573,cluster_plus_withinstudy,agreement_natural_log_tau2_direct_v1,provisional
lft,438,4,-1.011691830194204,3.2220458555437896,0.5268203601253347,1.9361989091178429,-4.88408964842989,2.860705988041482,cluster_plus_withinstudy,agreement_natural_log_tau2_direct_v1,provisional
lft,439,4,0.4974807753082824,6.581882289312528,2.375439060693166,2.9928784388955214,-5.488276102482761,6.483237653099325,cluster_plus_withinstudy,agreement_natural_log_tau2_direct_v1,provisional
lft,440,4,-0.19103503946834924,6.100554761523624,1.5313099911893384,2.7625829856699258,-5.7162010108082,5.334130931871503,cluster_plus_withinstudy,agreement_natural_log_tau2_direct_v1,provisional
lft,441,4,-0.23854805392953443,3.6290103443278006,1.753925309397006,2.32011543974105,-4.878778933411635,4.401682825552566,cluster_plus_withinstudy,agreement_natural_log_tau2_direct_v1,provisional
lft,442,4,0.13115465160681725,12.339519873526113,2.4845841332908765,3.850208306938339,-7.569261962269861,7.831571265483495,cluster_plus_withinstudy,agreement_natural_log_tau2_direct_v1,provisional
lft,443,4,0.6144858565658105,9.860400825768535,0.8452444414339592,3.271948237243752,-5.929410617921693,7.158382331053314,cluster_plus_withinstudy,agreement_natural_log_tau2_direct_v1,provisional
lft,444,4,-0.08526643566292325,4.999385852116814,1.568129177659616,2.562716338141315,-5.210699111945553,5.0401662406197065,cluster_plus_withinstudy,agreement_natural_log_tau2_direct_v1,provisional
lft,445,4,-0.2606397318167918,8.271304916150577,0.8897276363483716,3.026719767751707,-6.3140792673202055,5.792799803686623,cluster_plus_withinstudy,agreement_natural_log_tau2_direct_v1,provisional
lft,446,4,-0.4554650471181195,8.997304482736151,1.0351104216297318,3.167398759923651,-6.7902625669654215,5.879332472729183,cluster_plus_withinstudy,agreement_natural_log_tau2_direct_v1,provisional
lft,447,4,-0.35768295537216216,11.654704772691034,0.6805570000372201,3.512159132603227,-7.3820012205786165,6.666635309834292,cluster_plus_withinstudy,agreement_natural_log_tau2_direct_v1,provisional
lft,448,4,0.2028465177361905,10.582684207823362,2.4802998260281,3.614275035723134,-7.025703553710077,7.431396589182459,cluster_plus_withinstudy,agreement_natural_log_tau2_direct_v1,provisional
lft,449,4,0.25185356779625023,4.8618627204045035,0.705592755483399,2.359545607927065,-4.467237648057879,4.97094478365038,cluster_plus_withinstudy,agreement_natural_log_tau2_direct_v1,provisional
lft,450,4,-0.10061192404754522,11.695446136955074,0.7471768286833897,3.5274102349511978,-7.1554323939499405,6.954208545854851,cluster_plus_withinstudy,agreement_natural_log_tau2_direct_v1,provisional
lft,451,4,0.8171003665729394,19.59249330918259,0.0,4.4263408487352836,-8.035581330897628,9.669782064043506,cluster_plus_withinstudy,agreement_natural_log_tau2_direct_v1,provisional
lft,452,4,-0.9832485944359982,4.667883341843729,0.12797633126903657,2.189945130160289,-5.363138854756576,3.3966416658845797,cluster_plus_withinstudy,agreement_natural_log_tau2_direct_v1,provisional
lft,453,4,0.07851388571400339,12.017577995394696,0.5117258149206632,3.539675664565238,-7.000837443416472,7.157865214844479,cluster_plus_withinstudy,agreement_natural_log_tau2_direct_v1,provisional
lft,454,4,-0.08292071784121866,8.413580396984331,1.8805034824559106,3.2084394772911398,-6.4997996724234985,6.3339582367410605,cluster_plus_withinstudy,agreement_natural_log_tau2_direct_v1,provisional
lft,455,4,0.6074235623802344,14.653930987773549,1.4817373942991587,4.016922750324271,-7.426421938268308,8.641269063028776,cluster_plus_withinstudy,agreement_natural_log_tau2_direct_v1,provisional
lft,456,4,0.10969514464418904,11.787635945402373,1.3476932098404524,3.624269465042966,-7.138843785441742,7.358234074730121,cluster_plus_withinstudy,agreement_natural_log_tau2_direct_v1,provisional
lft,457,4,-0.9054719283564887,2.347024566917586,1.1222409609949113,1.8625964479490713,-4.630664824254631,2.819720967541654,cluster_plus_withinstudy,agreement_natural_log_tau2_direct_v1,provisional
lft,458,4,-0.33879705713542535,8.548005834399964,1.0768999461272724,3.1024032266175903,-6.543603510370606,5.866009396099755,cluster_plus_withinstudy,agreement_natural_log_tau2_direct_v1,provisional
lft,459,4,-0.5490174754096954,5.399243481301149,0.7441383413479569,2.4785846410096846,-5.506186757429065,4.408151806609673,cluster_plus_withinstudy,agreement_natural_log_tau2_direct_v1,provisional
lft,460,4,1.1818136152009722,13.319494298107589,0.0,3.6495882367888557,-6.117362858376739,8.480990088778684,cluster_plus_withinstudy,agreement_natural_log_tau2_direct_v1,provisional
lft,461,4,-0.6165506486081662,9.350803148519615,0.49631511143911866,3.138011832348427,-6.892574313305021,5.659473016088688,cluster_plus_withinstudy,agreement_natural_log_tau2_direct_v1,provisional
lft,462,4,-0.22498598200565978,5.254336031520611,1.4299922235302893,2.5854067871518596,-5.395799556309379,4.945827592298059,cluster_plus_withinstudy,agreement_natural_log_tau2_direct_v1,provisional
lft,463,4,0.19640289500341884,8.47285535721086,1.4796649511359228,3.154761529552873,-6.113120164102327,6.5059259541091645,cluster_plus_withinstudy,agreement_natural_log_tau2_direct_v1,provisional
lft,464,4,-0.02576908892440347,5.0074851613128555,2.469166380234503,2.734346638878721,-5.494462366681845,5.442924188833039,cluster_plus_withinstudy,agreement_natural_log_tau2_direct_v1,provisional
lft,465,4,-0.1089849556043224,8.089431781457318,1.3479213752675716,3.072027531895652,-6.253040019395626,6.035070108186981,cluster_plus_withinstudy,agreement_natural_log_tau2_direct_v1,provisional
lft,466,4,-0.19838005930881916,5.674568155132895,1.76702847047357,2.7279289993704867,-5.654238058049793,5.257477939432154,cluster_plus_withinstudy,agreement_natural_log_tau2_direct_v1,provisional
lft,467,4,-0.6504762577961765,6.459845697352763,0.5660496276560889,2.650640549944268,-5.951757357684713,4.650804842092359,cluster_plus_withinstudy,agreement_natural_log_tau2_direct_v1,provisional
lft,468,4,-0.784888017062935,5.7228485688748725,0.4142891999943347,2.4773247201102255,-5.739537457283386,4.169761423157516,cluster_plus_withinstudy,agreement_natural_log_tau2_direct_v1,provisional
lft,469,4,-0.9485721355236042,8.404019921206622,0.2328137725561557,2.938849042357021,-6.826270220237646,4.929125949190437,cluster_plus_withinstudy,agreement_natural_log_tau2_direct_v1,provisional
lft,470,4,0.4930889280702471,9.142804470796259,2.7575497295717786,3.4496890005286036,-6.40628907298696,7.392466929127455,cluster_plus_withinstudy,agreement_natural_log_tau2_direct_v1,provisional
lft,471,4,0.5925060420574914,8.547550394436922,1.7734656836554983,3.212633822596721,-5.832761603135951,7.017773687250933,cluster_plus_withinstudy,agreement_natural_log_tau2_direct_v1,provisional
lft,472,4,-0.2297335113298737,3.787821855875905,1.3284020577648425,2.2619071408085585,-4.753547792946991,4.294080770287243,cluster_plus_withinstudy,agreement_natural_log_tau2_direct_v1,provisional
lft,473,4,-0.10141555863073466,8.429865942498427,1.2248694459531608,3.1072070076600284,-6.315829573950792,6.112998456689322,cluster_plus_withinstudy,agreement_natural_log_tau2_direct_v1,provisional
lft,474,4,0.4634030233937061,5.153806095211654,1.4828457857738184,2.576170002345628,-4.68893698129755,5.615743028084962,cluster_plus_withinstudy,agreement_natural_log_tau2_direct_v1,provisional
lft,475,4,0.3411542840099131,8.707214140526103,2.211342765683579,3.3043239711338357,-6.2674936582577585,6.949802226277584,cluster_plus_withinstudy,agreement_natural_log_tau2_direct_v1,provisional
lft,476,4,0.4179835168698268,5.235249591875666,1.2204312544180707,2.540803189208825,-4.6636228615478235,5.499589895287476,cluster_plus_withinstudy,agreement_natural_log_tau2_direct_v1,provisional
lft,477,4,-0.4153712162549163,7.0716313517725045,1.340989433300037,2.900451824297818,-6.216274864850552,5.385532432340719,cluster_plus_withinstudy,agreement_natural_log_tau2_direct_v1,provisional
lft,478,4,0.20967397681735223,11.77854238324829,0.7686524045859295,3.5422019688089805,-6.874729960800609,7.294077914435313,cluster_plus_withinstudy,agreement_natural_log_tau2_direct_v1,provisional
lft,479,4,-0.38621010431267583,8.683141777595386,1.541876919864286,3.1976583146827418,-6.7815267336781595,6.0091065250528075,cluster_plus_withinstudy,agreement_natural_log_tau2_direct_v1,provisional
lft,480,4,-0.5399921107697346,8.077170332005846,0.5361161107658058,2.9348401051457045,-6.4096723210611435,5.329688099521674,cluster_plus_withinstudy,agreement_natural_log_tau2_direct_v1,provisional
lft,481,4,-0.5036464325406341,14.183662407764352,0.5320926774875854,3.8361119750669346,-8.175870382674503,7.168577517593235,cluster_plus_withinstudy,agreement_natural_log_tau2_direct_v1,provisional
lft,482,4,-1.2716368776127478,3.1486371743486967,0.16230895989791586,1.8196005424945918,-4.910837962601931,2.367564207376436,cluster_plus_withinstudy,agreement_natural_log_tau2_direct_v1,provisional
lft,483,4,-0.24604121207335178,13.273650375977635,0.1818873659479714,3.6681790771342677,-7.582399366341887,7.090316942195184,cluster_plus_withinstudy,agreement_natural_log_tau2_direct_v1,provisional
lft,484,4,-0.3011844684248435,3.221503540211788,2.300149807471982,2.3498198543045317,-5.000824177033907,4.398455240184219,cluster_plus_withinstudy,agreement_natural_log_tau2_direct_v1,provisional
lft,485,4,-0.05904948218739913,12.594455633345463,0.4742555064502446,3.6150672386272027,-7.289183959441805,7.171084995067006,cluster_plus_withinstudy,agreement_natural_log_tau2_direct_v1,provisional
lft,486,4,0.3883865460839305,16.391690852158323,1.2300442775294915,4.197825047532092,-8.007263548980253,8.784036641148115,cluster_plus_withinstudy,agreement_natural_log_tau2_direct_v1,provisional
lft,487,4,0.9449743134155847,25.66928274705229,0.33772429745961385,5.099706564549758,-9.254438815683931,11.144387442515102,cluster_plus_withinstudy,agreement_natural_log_tau2_direct_v1,provisional
lft,488,4,0.3944547723813399,14.49934732905619,0.9091115860187187,3.9253609916891605,-7.456267210996981,8.245176755759662,cluster_plus_withinstudy,agreement_natural_log_tau2_direct_v1,provisional
lft,489,4,-0.33476799876758995,6.569722466438597,1.3919354545370923,2.821640997890357,-5.978049994548304,5.308513997013124,cluster_plus_withinstudy,agreement_natural_log_tau2_direct_v1,provisional
lft,490,4,-0.38725826660567786,7.406003952450067,1.083449505396516,2.913666668966542,-6.214591604538762,5.4400750713274055,cluster_plus_withinstudy,agreement_natural_log_tau2_direct_v1,provisional
lft,491,4,-0.7646851264468105,5.43402894607096,0.588313145457411,2.4540460654862146,-5.67277725741924,4.143407004525619,cluster_plus_withinstudy,agreement_natural_log_tau2_direct_v1,provisional
lft,492,4,-0.19880229586017242,5.4435000343135505,1.2417724519479916,2.5855893885653116,-5.369981072990796,4.972376481270451,cluster_plus_withinstudy,agreement_natural_log_tau2_direct_v1,provisional
lft,493,4,-0.31740514199005737,10.751282177117979,0.6249817537090946,3.3728717631755694,-7.063148668341196,6.428338384361082,cluster_plus_withinstudy,agreement_natural_log_tau2_direct_v1,provisional
lft,494,4,0.9431735503385702,13.781193785701575,0.0,3.7123030298861077,-6.481432509433645,8.367779610110786,cluster_plus_withinstudy,agreement_natural_log_tau2_direct_v1,provisional
lft,495,4,-0.5105742459659536,6.981289153904426,0.7913141640433895,2.7879389014015024,-6.086452048768958,5.065303556837051,cluster_plus_withinstudy,agreement_natural_log_tau2_direct_v1,provisional
lft,496,4,-0.5308928894738753,6.028448949144329,0.8594487728204586,2.624480467057202,-5.7798538235882795,4.718068044640528,cluster_plus_withinstudy,agreement_natural_log_tau2_direct_v1,provisional
lft,497,4,0.9518434309879934,15.547315632149928,0.0,3.943008449413966,-6.934173467839939,8.837860329815925,cluster_plus_withinstudy,agreement_natural_log_tau2_direct_v1,provisional
lft,498,4,-1.1226308946487042,3.4444858444858277,0.28889374683902364,1.9321955365140588,-4.987021967676822,2.7417601783794137,cluster_plus_withinstudy,agreement_natural_log_tau2_direct_v1,provisional
lft,499,4,-0.5763573385003883,7.108260499247621,1.0074006177521855,2.8487999433094293,-6.273957225119247,5.12124254811847,cluster_plus_withinstudy,agreement_natural_log_tau2_direct_v1,provisional
lft,500,4,0.5166647407425358,12.466161637756178,2.599685984085297,3.8814749286632617,-7.246285116583987,8.27961459806906,cluster_plus_withinstudy,agreement_natural_log_tau2_direct_v1,provisional
lft,501,4,-0.17836675852277178,8.773143302101596,1.5344460668922588,3.2105434694135284,-6.599453697349829,6.242720180304285,cluster_plus_withinstudy,agreement_natural_log_tau2_direct_v1,provisional
lft,502,4,-0.040986019398853143,8.39879376910702,0.9008249086500798,3.049527615509835,-6.140041250418523,6.058069211620817,cluster_plus_withinstudy,agreement_natural_log_tau2_direct_v1,provisional
lft,503,4,-0.672438187644794,4.661290540474476,1.135827519426642,2.40772051116842,-5.487879209981633,4.143002834692046,cluster_plus_withinstudy,agreement_natural_log_tau2_direct_v1,provisional
lft,504,4,-1.017291480093472,9.132255524066997,0.24144338178010158,3.0616497033212497,-7.140590886735971,5.106007926549028,cluster_plus_withinstudy,agreement_natural_log_tau2_direct_v1,provisional
lft,505,4,-0.11031875103935433,11.995272105507793,1.4381546602688318,3.6651639480078684,-7.440646647055091,7.220009144976382,cluster_plus_withinstudy,agreement_natural_log_tau2_direct_v1,provisional
lft,506,4,-0.5178396528280853,4.408739143839001,1.7861792456511743,2.488959298480024,-5.495758249788134,4.460078944131963,cluster_plus_withinstudy,agreement_natural_log_tau2_direct_v1,provisional
lft,507,4,-0.04286347952023552,7.974330586418091,0.9929077316876366,2.9945347415092263,-6.031932962538688,5.946206003498217,cluster_plus_withinstudy,agreement_natural_log_tau2_direct_v1,provisional
lft,508,4,0.7796950563578005,6.368991257528842,0.08778699037134104,2.541019135681623,-4.302343215005446,5.861733327721047,cluster_plus_withinstudy,agreement_natural_log_tau2_direct_v1,provisional
lft,509,4,-0.5711309835303451,8.216473282045936,0.40165594825344886,2.935665040548629,-6.4424610646276035,5.300199097566913,cluster_plus_withinstudy,agreement_natural_log_tau2_direct_v1,provisional
lft,510,4,0.6455043141993696,13.655737959397516,2.5638346162007988,4.0273530482934214,-7.409201782387473,8.700210410786212,cluster_plus_withinstudy,agreement_natural_log_tau2_direct_v1,provisional
lft,511,4,0.9288116689799321,11.341495019348832,0.0,3.367713618962995,-5.806615568946057,7.664238906905922,cluster_plus_withinstudy,agreement_natural_log_tau2_direct_v1,provisional
lft,512,4,0.5226541560343859,6.536465260971956,1.9610440043791444,2.9150487586575804,-5.307443361280775,6.352751673349546,cluster_plus_withinstudy,agreement_natural_log_tau2_direct_v1,provisional
lft,513,4,-0.598793298050593,13.101229926178393,0.1414990585212572,3.6390560568229295,-7.876905411696452,6.679318815595266,cluster_plus_withinstudy,agreement_natural_log_tau2_direct_v1,provisional
lft,514,4,-0.8000893719787989,8.496397729788812,0.211799569957517,2.950965486031026,-6.702020344040851,5.101841600083254,cluster_plus_withinstudy,agreement_natural_log_tau2_direct_v1,provisional
lft,515,4,0.43925154501029523,16.538693126814184,0.9714547810150256,4.1845128638623175,-7.92977418271434,8.80827727273493,cluster_plus_withinstudy,agreement_natural_log_tau2_direct_v1,provisional
lft,516,4,-0.8596252442368442,4.8548495063456425,0.46186752529412006,2.3058007354582406,-5.471226715153326,3.751976226679637,cluster_plus_withinstudy,agreement_natural_log_tau2_direct_v1,provisional
lft,517,4,-0.49243063884044797,10.193810439805112,0.38225856235464784,3.252086868790525,-6.996604376421498,6.011743098740602,cluster_plus_withinstudy,agreement_natural_log_tau2_direct_v1,provisional
lft,518,4,0.4789486536043995,7.068091828900633,2.0023248178936126,3.011713241129415,-5.54447782865443,6.50237513586323,cluster_plus_withinstudy,agreement_natural_log_tau2_direct_v1,provisional
lft,519,4,-1.049000250416528,3.8256126194205,0.004440779304947956,1.9570522217675868,-4.963104693951701,2.8651041931186456,cluster_plus_withinstudy,agreement_natural_log_tau2_direct_v1,provisional
lft,520,4,-0.5845069747917009,6.7016220549514705,0.9461894047700147,2.7654676746838835,-6.115442324159468,4.946428374576066,cluster_plus_withinstudy,agreement_natural_log_tau2_direct_v1,provisional
lft,521,4,-0.7742367268074056,9.412904501577962,0.1423052898090141,3.091150237595542,-6.95653720199849,5.408063748383679,cluster_plus_withinstudy,agreement_natural_log_tau2_direct_v1,provisional
lft,522,4,-0.5852407165133101,10.89839865796934,0.5409096655928509,3.382204654299055,-7.34965002511142,6.1791685920848005,cluster_plus_withinstudy,agreement_natural_log_tau2_direct_v1,provisional
lft,523,4,0.6343046991435002,10.256964384738314,0.8220142016394403,3.32850996489086,-6.0227152306382195,7.291324628925221,cluster_plus_withinstudy,agreement_natural_log_tau2_direct_v1,provisional
lft,524,4,0.15401894024090568,10.11288935768952,1.9181549564516922,3.468579581635862,-6.783140223030819,7.09117810351263,cluster_plus_withinstudy,agreement_natural_log_tau2_direct_v1,provisional
lft,525,4,-1.2144068114285573,2.9479722331305194,0.13284611145505737,1.7552260095456587,-4.724858830519874,2.29604520766276,cluster_plus_withinstudy,agreement_natural_log_tau2_direct_v1,provisional
lft,526,4,0.739764015371472,10.668283829484254,0.6463257805078056,3.3637196093004036,-5.987675203229335,7.467203233972279,cluster_plus_withinstudy,agreement_natural_log_tau2_direct_v1,provisional
lft,527,4,-0.15803217074106363,3.444202632847603,2.0928669461490435,2.353097868554695,-4.864227907850453,4.548163566368326,cluster_plus_withinstudy,agreement_natural_log_tau2_direct_v1,provisional
lft,528,4,0.5495018189421482,13.754919654289443,1.0610477349408076,3.8491515154940643,-7.1488012120459805,8.247804849930278,cluster_plus_withinstudy,agreement_natural_log_tau2_direct_v1,provisional
lft,529,4,-0.47508848981614266,11.749620369418192,0.9136991387465601,3.5585558177671954,-7.592200125350534,6.642023145718248,cluster_plus_withinstudy,agreement_natural_log_tau2_direct_v1,provisional
lft,530,4,0.23217016723824502,19.8437255755286,1.3534725124752012,4.6040414950349655,-8.975912822831686,9.440253157308176,cluster_plus_withinstudy,agreement_natural_log_tau2_direct_v1,provisional
lft,531,4,-0.01152561010727119,7.817322401082267,1.49985419853541,3.0524050516957404,-6.116335713498752,6.09328449328421,cluster_plus_withinstudy,agreement_natural_log_tau2_direct_v1,provisional
lft,532,4,-0.04300276692350171,5.660622689125665,1.5881668903439217,2.692357624735166,-5.427718016393834,5.34171248254683,cluster_plus_withinstudy,agreement_natural_log_tau2_direct_v1,provisional
lft,533,4,-0.5834912041154243,2.0558766401295685,1.216800837746113,1.8090543048442966,-4.201599813804018,3.0346174055731687,cluster_plus_withinstudy,agreement_natural_log_tau2_direct_v1,provisional
lft,534,4,-0.5806254386317095,3.6222282705974407,0.5726416751656458,2.0481381656917304,-4.67690177001517,3.515650892751751,cluster_plus_withinstudy,agreement_natural_log_tau2_direct_v1,provisional
lft,535,4,-0.7972913198318009,5.707486253675914,0.47852561028978013,2.4871694481811435,-5.771630216194088,4.177047576530486,cluster_plus_withinstudy,agreement_natural_log_tau2_direct_v1,provisional
lft,536,4,-0.21821742697453397,3.3663022552812807,2.076406928805188,2.3329614621948793,-4.884140351364293,4.447705497415225,cluster_plus_withinstudy,agreement_natural_log_tau2_direct_v1,provisional
lft,537,4,-0.6615821942415518,6.646546181000665,0.6159462935006571,2.694901199395132,-6.051384593031816,4.7282202045487125,cluster_plus_withinstudy,agreement_natural_log_tau2_direct_v1,provisional
lft,538,4,0.8427962534900539,10.978820231352174,0.024754158582779653,3.3171636061453094,-5.791530958800565,7.477123465780672,cluster_plus_withinstudy,agreement_natural_log_tau2_direct_v1,provisional
lft,539,4,0.4055296244277058,11.084253732299722,1.3717512611583396,3.529306588192369,-6.653083551957033,7.464142800812444,cluster_plus_withinstudy,agreement_natural_log_tau2_direct_v1,provisional
lft,540,4,-0.42950264488129286,5.04800478771218,1.3675837600374812,2.532901211604918,-5.495305068091128,4.636299778328543,cluster_plus_withinstudy,agreement_natural_log_tau2_direct_v1,provisional
lft,541,4,-0.043585364733948286,7.636604727946852,1.6861646245107176,3.0533210365858303,-6.150227437905609,6.0630567084377125,cluster_plus_withinstudy,agreement_natural_log_tau2_direct_v1,provisional
lft,542,4,0.07480329506394864,6.0622945031433515,1.659119807670111,2.778743297034374,-5.482683299004799,5.6322898891326965,cluster_plus_withinstudy,agreement_natural_log_tau2_direct_v1,provisional
lft,543,4,-0.25121765704033794,4.99613956785696,1.4326415531515804,2.535504115754605,-5.322225888549548,4.819790574468872,cluster_plus_withinstudy,agreement_natural_log_tau2_direct_v1,provisional
lft,544,4,-0.6183981109826565,4.331119834388682,1.0748446613337646,2.32507300868649,-5.268544128355637,4.031747906390323,cluster_plus_withinstudy,agreement_natural_log_tau2_direct_v1,provisional
lft,545,4,-0.5335736510514428,13.411102708262257,0.10653603089393908,3.6766341590041556,-7.886841969059754,6.8196946669568685,cluster_plus_withinstudy,agreement_natural_log_tau2_direct_v1,provisional
lft,546,4,0.38593783624847305,7.427550622508472,1.5035267832282435,2.9884908241011408,-5.591043811953808,6.362919484450755,cluster_plus_withinstudy,agreement_natural_log_tau2_direct_v1,provisional
lft,547,4,-0.7066238061357928,3.091916350646593,0.9105634210719932,2.000619846877109,-4.70786349989001,3.294615887618425,cluster_plus_withinstudy,agreement_natural_log_tau2_direct_v1,provisional
lft,548,4,-0.07300090057397415,7.985175733100112,1.6087089382132496,3.097399662832254,-6.267800226238482,6.121798425090534,cluster_plus_withinstudy,agreement_natural_log_tau2_direct_v1,provisional
lft,549,4,0.873401892437351,7.86464774397369,0.7174428687068534,2.9295205431402156,-4.98563919384308,6.732442978717782,cluster_plus_withinstudy,agreement_natural_log_tau2_direct_v1,provisional
lft,550,4,0.4411260446663086,9.564909535650632,1.5263117173812937,3.330348518253296,-6.219570991840284,7.101823081172901,cluster_plus_withinstudy,agreement_natural_log_tau2_direct_v1,provisional
lft,551,4,-1.1444061825640868,4.9509330896254395,0.16652304662401116,2.2621795101736404,-5.668765202911367,3.379952837783194,cluster_plus_withinstudy,agreement_natural_log_tau2_direct_v1,provisional
lft,552,4,0.5480594288535606,14.29227481412099,1.1496757162565105,3.9296247314950445,-7.311190034136528,8.40730889184365,cluster_plus_withinstudy,agreement_natural_log_tau2_direct_v1,provisional
lft,553,4,0.2465986137368797,9.084869708701296,1.2887658636938062,3.2208128744767373,-6.195027135216595,6.688224362690354,cluster_plus_withinstudy,agreement_natural_log_tau2_direct_v1,provisional
lft,554,4,0.6641091423269071,10.978561166989453,1.1605540685421356,3.4841233094613036,-6.3041374765957,7.6323557612495145,cluster_plus_withinstudy,agreement_natural_log_tau2_direct_v1,provisional
lft,555,4,-0.27858785000113173,10.351855302362484,0.9314121648047841,3.359057526623691,-6.996702903248513,6.43952720324625,cluster_plus_withinstudy,agreement_natural_log_tau2_direct_v1,provisional
lft,556,4,-0.2699966355084441,3.6145458585046617,2.360102534390526,2.4443093897653765,-5.158615415039197,4.618622144022309,cluster_plus_withinstudy,agreement_natural_log_tau2_direct_v1,provisional
lft,557,4,0.6279913666024102,10.573628818655601,0.9111744680328511,3.388923617712334,-6.149855868822257,7.405838602027078,cluster_plus_withinstudy,agreement_natural_log_tau2_direct_v1,provisional
lft,558,4,-0.24987701283163674,7.156642982902483,1.4038708382914526,2.925835576582173,-6.1015481659959825,5.601794140332709,cluster_plus_withinstudy,agreement_natural_log_tau2_direct_v1,provisional
lft,559,4,-0.5041474493785315,6.508695948106677,1.356580497554278,2.804510018819857,-6.113167487018245,5.104872588261182,cluster_plus_withinstudy,agreement_natural_log_tau2_direct_v1,provisional
lft,560,4,-0.34950155145129586,8.00445040077572,1.319774874763132,3.0535594435901934,-6.456620438631683,5.7576173357290905,cluster_plus_withinstudy,agreement_natural_log_tau2_direct_v1,provisional
lft,561,4,-0.1369973689267612,13.542336807047695,1.2103919471894322,3.8409281110477878,-7.818853591022337,7.544858853168814,cluster_plus_withinstudy,agreement_natural_log_tau2_direct_v1,provisional
lft,562,4,-0.13950591248209562,4.948142677807436,2.0458965721913067,2.644624595287343,-5.4287551030567816,5.14974327809259,cluster_plus_withinstudy,agreement_natural_log_tau2_direct_v1,provisional
lft,563,4,0.9765468722100592,13.01174070598674,0.0,3.6071790510018684,-6.237811229793678,8.190904974213796,cluster_plus_withinstudy,agreement_natural_log_tau2_direct_v1,provisional
lft,564,4,-0.03839572596767417,7.612836784100063,1.9368882030876433,3.0902629317240473,-6.218921589415769,6.142130137480421,cluster_plus_withinstudy,agreement_natural_log_tau2_direct_v1,provisional
lft,565,4,-0.09785369942761227,8.240431914075417,0.9833096877022072,3.0370613431041567,-6.171976385635926,5.976268986780701,cluster_plus_withinstudy,agreement_natural_log_tau2_direct_v1,provisional
lft,566,4,0.42486451785252277,20.82775647113324,1.15337437025293,4.6884038692700285,-8.951943220687534,9.80167225639258,cluster_plus_withinstudy,agreement_natural_log_tau2_direct_v1,provisional
lft,567,4,1.229903681871182,8.75755233750344,0.0255290983160287,2.963626399501035,-4.697349117130888,7.157156480873252,cluster_plus_withinstudy,agreement_natural_log_tau2_direct_v1,provisional
lft,568,4,-0.6079907170137377,6.199875485705461,1.1893176302696566,2.7183070312190853,-6.044604779451909,4.8286233454244325,cluster_plus_withinstudy,agreement_natural_log_tau2_direct_v1,provisional
lft,569,4,-0.42585263013207586,6.504195964482574,0.6479462377762841,2.674348930535965,-5.774550491204006,4.922845230939854,cluster_plus_withinstudy,agreement_natural_log_tau2_direct_v1,provisional
lft,570,4,0.10619711708224679,11.969353760702925,1.5170091987260788,3.6723783791201314,-7.238559641158016,7.45095387532251,cluster_plus_withinstudy,agreement_natural_log_tau2_direct_v1,provisional
lft,571,4,0.4644360601890248,15.763438114289285,1.0096307785783243,4.095493730048626,-7.726551399908228,8.655423520286277,cluster_plus_withinstudy,agreement_natural_log_tau2_direct_v1,provisional
lft,572,4,0.381119990846637,8.819298279864395,3.536818930746906,3.5151269124473017,-6.649133834047967,7.41137381574124,cluster_plus_withinstudy,agreement_natural_log_tau2_direct_v1,provisional
lft,573,4,0.27620647884987887,6.168878881363041,2.2032780255849054,2.893467972338375,-5.510729465826871,6.063142423526629,cluster_plus_withinstudy,agreement_natural_log_tau2_direct_v1,provisional
lft,574,4,-0.6250422046530975,5.166532438788554,0.7227198131739765,2.426778162907053,-5.478598530467203,4.228514121161008,cluster_plus_withinstudy,agreement_natural_log_tau2_direct_v1,provisional
lft,575,4,0.08459608082638365,5.607303135977469,1.7326648003228848,2.7092375193586027,-5.333878957890822,5.503071119543589,cluster_plus_withinstudy,agreement_natural_log_tau2_direct_v1,provisional
lft,576,4,0.8553507085527848,9.94205682084305,0.0,3.1531027291927947,-5.450854749832804,7.161556166938374,cluster_plus_withinstudy,agreement_natural_log_tau2_direct_v1,provisional
lft,577,4,0.44846286205591673,7.310018346890947,1.5213605632160911,2.971763602662069,-5.495064343268221,6.391990067380054,cluster_plus_withinstudy,agreement_natural_log_tau2_direct_v1,provisional
lft,578,4,-0.9548786704281054,4.140929925508887,0.029044355111667263,2.0420514882393523,-5.0389816469068105,3.1292243060505993,cluster_plus_withinstudy,agreement_natural_log_tau2_direct_v1,provisional
lft,579,4,-0.6215033081748031,9.484832148638922,0.4368391051733297,3.1498684502391927,-6.921240208653188,5.678233592303583,cluster_plus_withinstudy,agreement_natural_log_tau2_direct_v1,provisional
lft,580,4,0.5781075416032883,19.744224747109122,1.4357153516509211,4.6021668916674505,-8.626226241731613,9.782441324938189,cluster_plus_withinstudy,agreement_natural_log_tau2_direct_v1,provisional
lft,581,4,-0.033802663731179045,7.308300611735585,1.5970080749073226,2.984176383299571,-6.002155430330321,5.934550102867963,cluster_plus_withinstudy,agreement_natural_log_tau2_direct_v1,provisional
lft,582,4,0.035547422631419946,4.8174923131215035,1.273405264799527,2.4679743876144724,-4.900401352597525,4.971496197860365,cluster_plus_withinstudy,agreement_natural_log_tau2_direct_v1,provisional
lft,583,4,-0.03925950234434812,7.411257691299433,1.2436447145144502,2.9419215499081353,-5.923102602160618,5.844583597471923,cluster_plus_withinstudy,agreement_natural_log_tau2_direct_v1,provisional
lft,584,4,-0.6631262691245172,5.496068835574774,0.7118099607292361,2.491561517663975,-5.646249304452468,4.319996766203433,cluster_plus_withinstudy,agreement_natural_log_tau2_direct_v1,provisional
lft,585,4,1.071727815829822,13.185829139574768,0.0,3.6312297007452954,-6.190731585660769,8.334187217320412,cluster_plus_withinstudy,agreement_natural_log_tau2_direct_v1,provisional
lft,586,4,0.010272570164869897,6.949737520829033,1.214288652995318,2.857276005888187,-5.704279441611504,5.7248245819412436,cluster_plus_withinstudy,agreement_natural_log_tau2_direct_v1,provisional
lft,587,4,-1.193578963538016,3.2049414025393768,0.051924866404781174,1.8046789933237872,-4.8029369501855905,2.4157790231095584,cluster_plus_withinstudy,agreement_natural_log_tau2_direct_v1,provisional
lft,588,4,-1.1091866886719526,4.197499716442679,0.008018024050803638,2.0507359021808447,-5.210658493033642,2.9922851156897368,cluster_plus_withinstudy,agreement_natural_log_tau2_direct_v1,provisional
lft,589,4,0.7540526176639085,9.580128635163424,1.3189105018118255,3.301369282127531,-5.848685946591154,7.35679118191897,cluster_plus_withinstudy,agreement_natural_log_tau2_direct_v1,provisional
lft,590,4,-0.8880811511955714,5.186843873778255,0.3557936346283594,2.3542806774908156,-5.5966425061772025,3.82048020378606,cluster_plus_withinstudy,agreement_natural_log_tau2_direct_v1,provisional
lft,591,4,-0.016927406621093148,5.353879060820492,2.0615811231930903,2.7231342574345434,-5.46319592149018,5.429341108247994,cluster_plus_withinstudy,agreement_natural_log_tau2_direct_v1,provisional
lft,592,4,-0.37792543742258056,3.6273248357577663,1.6178078123005908,2.2902254579098447,-4.9583763532422696,4.202525478397109,cluster_plus_withinstudy,agreement_natural_log_tau2_direct_v1,provisional
lft,593,4,0.31889815176039976,20.135953583967154,1.6979653055682122,4.672677914166069,-9.026457676571738,9.664253980092539,cluster_plus_withinstudy,agreement_natural_log_tau2_direct_v1,provisional
lft,594,4,0.32240439414269073,5.118519960388593,1.185073469295512,2.5106958058841187,-4.698987217625547,5.343796005910928,cluster_plus_withinstudy,agreement_natural_log_tau2_direct_v1,provisional
lft,595,4,-0.8814178146837146,5.579224775247129,0.43486296252497186,2.4523637042192785,-5.786145223122272,4.023309593754842,cluster_plus_withinstudy,agreement_natural_log_tau2_direct_v1,provisional
lft,596,4,-0.5862338348815597,3.7831830453279682,0.9893999015708499,2.1846242118265597,-4.955482258534679,3.78301458877156,cluster_plus_withinstudy,agreement_natural_log_tau2_direct_v1,provisional
lft,597,4,0.24698106866223932,9.490017441557326,1.7063096246287754,3.3460913116928084,-6.445201554723377,6.939163692047856,cluster_plus_withinstudy,agreement_natural_log_tau2_direct_v1,provisional
lft,598,4,-0.31659187954703566,4.326828989006234,0.9644722454388726,2.3002828596598954,-4.917157598866827,4.283973839772755,cluster_plus_withinstudy,agreement_natural_log_tau2_direct_v1,provisional
lft,599,4,-0.07742651107879768,8.784777950005369,0.9996220308091235,3.1280025544769767,-6.333431620032751,6.1785785978751555,cluster_plus_withinstudy,agreement_natural_log_tau2_direct_v1,provisional
lft,600,4,-0.4327385291853437,12.832898531441279,0.27616817038048347,3.6206445146992494,-7.674027558583843,6.808550500213155,cluster_plus_withinstudy,agreement_natural_log_tau2_direct_v1,provisional
lft,601,4,1.0001754303881716,17.963230810377727,0.0,4.238305181364094,-7.476434932340016,9.47678579311636,cluster_plus_withinstudy,agreement_natural_log_tau2_direct_v1,provisional
lft,602,4,-0.058343435812645165,8.761582839647469,1.155484845109033,3.149137609688802,-6.35661865519025,6.239931783564959,cluster_plus_withinstudy,agreement_natural_log_tau2_direct_v1,provisional
lft,603,4,0.5835301152024559,15.583108994777294,1.261148114029271,4.104175569929552,-7.624821024656648,8.79188125506156,cluster_plus_withinstudy,agreement_natural_log_tau2_direct_v1,provisional
lft,604,4,0.022324054668979465,7.839020256898394,2.1977614817807436,3.1680880257150585,-6.313851996761137,6.358500106099097,cluster_plus_withinstudy,agreement_natural_log_tau2_direct_v1,provisional
lft,605,4,-0.7288180933220147,4.903846531042586,0.3742080687561768,2.2974017062322303,-5.323621505786475,3.865985319142446,cluster_plus_withinstudy,agreement_natural_log_tau2_direct_v1,provisional
lft,606,4,0.2588475755777203,6.797448854683338,1.644720344007314,2.905541119772813,-5.552234663967906,6.069929815123346,cluster_plus_withinstudy,agreement_natural_log_tau2_direct_v1,provisional
lft,607,4,0.4872355799675132,10.714015874100747,1.1503862054836027,3.4444741368726155,-6.401712693777718,7.376183853712744,cluster_plus_withinstudy,agreement_natural_log_tau2_direct_v1,provisional
lft,608,4,-0.3277297851855038,3.953402816716391,1.5027222324977174,2.3358349790201594,-4.999399743225823,4.343940172854815,cluster_plus_withinstudy,agreement_natural_log_tau2_direct_v1,provisional
lft,609,4,-0.6791590631430333,6.470514631295886,0.4417530100758813,2.6291191759545187,-5.937397415052071,4.579079288766004,cluster_plus_withinstudy,agreement_natural_log_tau2_direct_v1,provisional
lft,610,4,0.17173778458340277,9.041620338814894,1.1518547233447043,3.192722202472304,-6.213706620361205,6.557182189528011,cluster_plus_withinstudy,agreement_natural_log_tau2_direct_v1,provisional
lft,611,4,0.1644310961314667,6.135907147352264,1.6200166513938896,2.784945923845947,-5.405460751560427,5.7343229438233605,cluster_plus_withinstudy,agreement_natural_log_tau2_direct_v1,provisional
lft,612,4,-0.634813320054583,8.689132724860988,0.48276065595920853,3.0285133945254716,-6.691840109105526,5.42221346899636,cluster_plus_withinstudy,agreement_natural_log_tau2_direct_v1,provisional
lft,613,4,-0.3806071512698566,6.9293369586345435,0.740253045574367,2.769402463386084,-5.919412078042025,5.158197775502312,cluster_plus_withinstudy,agreement_natural_log_tau2_direct_v1,provisional
lft,614,4,0.44521561730063003,14.081050532135473,1.7456414533628979,3.97827751489239,-7.5113394124841495,8.40177064708541,cluster_plus_withinstudy,agreement_natural_log_tau2_direct_v1,provisional
lft,615,4,0.5282899290925517,10.398263144028693,1.2540666301757257,3.4135509040007617,-6.298811878908972,7.355391737094075,cluster_plus_withinstudy,agreement_natural_log_tau2_direct_v1,provisional
lft,616,4,-0.43618730997357447,8.712644321070151,0.5625502545222908,3.0455204112913843,-6.527228132556343,5.654853512609194,cluster_plus_withinstudy,agreement_natural_log_tau2_direct_v1,provisional
lft,617,4,-0.24841410668496447,5.926242467079919,1.217821327397552,2.672838153438676,-5.594090413562316,5.097262200192388,cluster_plus_withinstudy,agreement_natural_log_tau2_direct_v1,provisional
lft,618,4,0.16916124551949802,9.04855014164209,1.0820975053731474,3.1828678337334773,-6.196574421947457,6.5348969129864525,cluster_plus_withinstudy,agreement_natural_log_tau2_direct_v1,provisional
lft,619,4,-0.7837869931895752,5.65195192068069,0.3852961593298765,2.457081211521216,-5.6979494162320075,4.130375429852857,cluster_plus_withinstudy,agreement_natural_log_tau2_direct_v1,provisional
lft,620,4,-0.08624687264437693,16.778590511062454,0.6937392001894127,4.1799915922465525,-8.446230057137482,8.273736311848728,cluster_plus_withinstudy,agreement_natural_log_tau2_direct_v1,provisional
lft,621,4,0.3318020407820244,13.817105983722842,1.0824514955817905,3.859994492133976,-7.388186943485928,8.051791025049976,cluster_plus_withinstudy,agreement_natural_log_tau2_direct_v1,provisional
lft,622,4,-0.008592607689046393,5.265787325289013,1.5166703949298777,2.604315211378778,-5.217223030446603,5.20003781506851,cluster_plus_withinstudy,agreement_natural_log_tau2_direct_v1,provisional
lft,623,4,-0.3233202536198138,9.734179444867452,0.8496248314095196,3.2532759299323155,-6.829872113484445,6.183231606244817,cluster_plus_withinstudy,agreement_natural_log_tau2_direct_v1,provisional
lft,624,4,0.08620008759738375,7.723026528730449,2.098535770297779,3.133937188111502,-6.18167428862562,6.354074463820387,cluster_plus_withinstudy,agreement_natural_log_tau2_direct_v1,provisional
lft,625,4,0.14390779610800503,12.31429313006022,0.42868245273402195,3.5697304636056546,-6.995553131103304,7.283368723319314,cluster_plus_withinstudy,agreement_natural_log_tau2_direct_v1,provisional
lft,626,4,-0.6625387368621881,3.6901706700592554,1.2431568653476617,2.221109528007774,-5.104757792877736,3.77968031915336,cluster_plus_withinstudy,agreement_natural_log_tau2_direct_v1,provisional
lft,627,4,-0.8584308141430773,7.7270012537882575,0.1284072542196408,2.8027501686750282,-6.463931151493134,4.747069523206979,cluster_plus_withinstudy,agreement_natural_log_tau2_direct_v1,provisional
lft,628,4,-0.6370380379728361,3.403968467086197,0.9415450757813862,2.084589538222713,-4.806217114418262,3.5321410384725898,cluster_plus_withinstudy,agreement_natural_log_tau2_direct_v1,provisional
lft,629,4,1.0656421218521206,12.52771090251468,0.0,3.539450649820489,-6.013259177788857,8.144543421493099,cluster_plus_withinstudy,agreement_natural_log_tau2_direct_v1,provisional
lft,630,4,-0.6269760619299549,10.453267876750662,0.2543263517630482,3.272246052562935,-7.171468167055824,5.917516043195915,cluster_plus_withinstudy,agreement_natural_log_tau2_direct_v1,provisional
lft,631,4,-0.45614195388491513,7.76133078398368,0.7252117093905421,2.91316708984813,-6.2824761335811745,5.370192225811345,cluster_plus_withinstudy,agreement_natural_log_tau2_direct_v1,provisional
lft,632,4,-1.1006102630315806,3.31415711764323,0.18260620741306377,1.86996345554032,-4.840537174112221,2.6393166480490593,cluster_plus_withinstudy,agreement_natural_log_tau2_direct_v1,provisional
lft,633,4,0.25769299079219593,8.161206016683108,2.392947874180182,3.2487157294634583,-6.23973846813472,6.755124449719113,cluster_plus_withinstudy,agreement_natural_log_tau2_direct_v1,provisional
lft,634,4,-0.7167117979515185,3.8017716849032683,1.0103438268160942,2.193653462085423,-5.1040187221223645,3.670595126219328,cluster_plus_withinstudy,agreement_natural_log_tau2_direct_v1,provisional
lft,635,4,-0.10069860882973813,10.952337086972596,1.3250171480857658,3.5039055687986744,-7.108509746427087,6.907112528767611,cluster_plus_withinstudy,agreement_natural_log_tau2_direct_v1,provisional
lft,636,4,-0.47397867267652044,5.732305646080089,1.0115943251557822,2.5969019949231567,-5.667782662522834,4.719825317169793,cluster_plus_withinstudy,agreement_natural_log_tau2_direct_v1,provisional
lft,637,4,-0.0980465808240032,4.450409379223224,1.4247046339549574,2.4238634477169256,-4.9457734762578545,4.749680314609848,cluster_plus_withinstudy,agreement_natural_log_tau2_direct_v1,provisional
lft,638,4,-0.4741042420777592,11.464611283135932,0.44825781603878034,3.451502440847277,-7.377109123772313,6.428900639616795,cluster_plus_withinstudy,agreement_natural_log_tau2_direct_v1,provisional
lft,639,4,1.1019741420494087,17.314586963701068,0.0,4.161080023707916,-7.220185905366423,9.42413418946524,cluster_plus_withinstudy,agreement_natural_log_tau2_direct_v1,provisional
lft,640,4,-0.5387289724265806,7.482626073256235,1.0339202871118203,2.91831224518009,-6.3753534627867605,5.297895517933599,cluster_plus_withinstudy,agreement_natural_log_tau2_direct_v1,provisional
lft,641,4,-0.6174635329107526,13.106749460634186,0.380636109363086,3.6725176064924825,-7.962498745895718,6.727571680074212,cluster_plus_withinstudy,agreement_natural_log_tau2_direct_v1,provisional
lft,642,4,0.3849246590807573,10.526828957907071,0.7375498715119319,3.3562447511197693,-6.327564843158782,7.0974141613202955,cluster_plus_withinstudy,agreement_natural_log_tau2_direct_v1,provisional
lft,643,4,-0.4108179799825439,10.854009309396357,0.9107481886929611,3.4299792270638196,-7.270776434110183,6.4491404741450955,cluster_plus_withinstudy,agreement_natural_log_tau2_direct_v1,provisional
lft,644,4,-0.578983719056122,3.861528467556446,0.8856538209497898,2.178802948526148,-4.936589616108418,3.7786221779961737,cluster_plus_withinstudy,agreement_natural_log_tau2_direct_v1,provisional
lft,645,4,-0.7059740654711182,14.07412307455981,0.1436769105373193,3.7706498093958722,-8.247273684262863,6.835325553320626,cluster_plus_withinstudy,agreement_natural_log_tau2_direct_v1,provisional
lft,646,4,0.33067751341701695,12.954006750441707,1.0751755525831959,3.7455550060071077,-7.160432498597198,7.821787525431232,cluster_plus_withinstudy,agreement_natural_log_tau2_direct_v1,provisional
lft,647,4,-0.48033401390323893,8.439511012565053,0.36523647430249984,2.9672794756927687,-6.414892965288776,5.454224937482299,cluster_plus_withinstudy,agreement_natural_log_tau2_direct_v1,provisional
lft,648,4,-0.6267483964564007,14.793401512172645,0.14818541329298016,3.865434894738964,-8.357618185934328,7.1041213930215275,cluster_plus_withinstudy,agreement_natural_log_tau2_direct_v1,provisional
lft,649,4,-0.7164173849754547,4.2109753346871805,1.1197301885085398,2.308832069076424,-5.334081523128303,3.901246753177393,cluster_plus_withinstudy,agreement_natural_log_tau2_direct_v1,provisional
lft,650,4,-0.8508243973951289,6.334016890620871,0.5564849582094374,2.6249765425295344,-6.100777482454197,4.39912868766394,cluster_plus_withinstudy,agreement_natural_log_tau2_direct_v1,provisional
lft,651,4,0.5151442147853077,13.399440569872047,0.7650119108567813,3.7635691146475345,-7.011994014509761,8.042282444080376,cluster_plus_withinstudy,agreement_natural_log_tau2_direct_v1,provisional
lft,652,4,-0.2046528883345932,5.691766038083526,1.7549097700120118,2.7288598000072373,-5.662372488349067,5.253066711679882,cluster_plus_withinstudy,agreement_natural_log_tau2_direct_v1,provisional
lft,653,4,-0.9464402944079264,7.876894479512107,0.0,2.8065805670801804,-6.559601428568287,4.6667208397524345,cluster_plus_withinstudy,agreement_natural_log_tau2_direct_v1,provisional
lft,654,4,0.6016612348906056,7.09354328876483,0.9759986891383271,2.840693925417372,-5.079726615944138,6.28304908572535,cluster_plus_withinstudy,agreement_natural_log_tau2_direct_v1,provisional
lft,655,4,-0.27951585101723925,5.384618488783113,1.6329285180986566,2.6490653081571565,-5.577646467331552,5.018614765297074,cluster_plus_withinstudy,agreement_natural_log_tau2_direct_v1,provisional
lft,656,4,-0.014237381580593749,12.417298498888668,0.436089641173958,3.5851622194905803,-7.184561820561754,7.156087057400567,cluster_plus_withinstudy,agreement_natural_log_tau2_direct_v1,provisional
lft,657,4,0.6924501660748554,13.27440759746675,1.1221275900158276,3.794276635602968,-6.896103105131081,8.281003437280791,cluster_plus_withinstudy,agreement_natural_log_tau2_direct_v1,provisional
lft,658,4,0.0432221217847774,7.624223056722302,1.9490692228883242,3.0940737353221928,-6.1449253488596085,6.2313695924291626,cluster_plus_withinstudy,agreement_natural_log_tau2_direct_v1,provisional
lft,659,4,-1.1767692451770273,4.566047515213156,0.08555453680066633,2.1567573002110882,-5.490283845599204,3.136745355245149,cluster_plus_withinstudy,agreement_natural_log_tau2_direct_v1,provisional
lft,660,4,0.2471349754479787,5.32709549487659,1.2908294260268678,2.572532783251451,-4.897930591054924,5.3922005419508805,cluster_plus_withinstudy,agreement_natural_log_tau2_direct_v1,provisional
lft,661,4,-1.0466092867228776,3.593791905325674,0.36396478489240947,1.9894111415738285,-5.025431569870534,2.9322129964247794,cluster_plus_withinstudy,agreement_natural_log_tau2_direct_v1,provisional
lft,662,4,0.7445578537310922,6.033762884246153,1.9473755895331317,2.8250908788531537,-4.905623903975215,6.3947396114374,cluster_plus_withinstudy,agreement_natural_log_tau2_direct_v1,provisional
lft,663,4,0.5988451729312769,11.089177627139234,0.9486369365061165,3.4695553841443934,-6.3402655953575096,7.537955941220064,cluster_plus_withinstudy,agreement_natural_log_tau2_direct_v1,provisional
lft,664,4,-0.964309604986924,5.025805692785276,0.13662592535597262,2.2720985053780676,-5.508506615743059,3.5798874057692114,cluster_plus_withinstudy,agreement_natural_log_tau2_direct_v1,provisional
lft,665,4,0.049989049243481444,4.299110781727739,1.8356268564142089,2.4768402528507862,-4.903691456458091,5.003669554945054,cluster_plus_withinstudy,agreement_natural_log_tau2_direct_v1,provisional
lft,666,4,1.0368540920091258,17.44840539383236,0.0,4.1771288457303255,-7.317403599451525,9.391111783469777,cluster_plus_withinstudy,agreement_natural_log_tau2_direct_v1,provisional
lft,667,4,0.9892615007299603,14.339813343442273,0.0,3.786794600112643,-6.584327699495326,8.562850700955247,cluster_plus_withinstudy,agreement_natural_log_tau2_direct_v1,provisional
lft,668,4,0.21877691630674756,10.100764412190212,0.5188277993671644,3.258771580144484,-6.29876624398222,6.736320076595716,cluster_plus_withinstudy,agreement_natural_log_tau2_direct_v1,provisional
lft,669,4,0.2961414389770666,6.151058058423405,1.6948299479967937,2.8010512323804786,-5.3059610257838905,5.898243903738024,cluster_plus_withinstudy,agreement_natural_log_tau2_direct_v1,provisional
lft,670,4,-0.6998897400399183,3.445579829185096,1.1501816462123016,2.1437727200889083,-4.987435180217735,3.587655700137898,cluster_plus_withinstudy,agreement_natural_log_tau2_direct_v1,provisional
lft,671,4,0.5982892958194445,14.07993367724808,1.1383176533397301,3.901057719463762,-7.2038261431080794,8.400404734746969,cluster_plus_withinstudy,agreement_natural_log_tau2_direct_v1,provisional
lft,672,4,-0.8040593697193469,9.514280106569954,0.2651422659085397,3.127206800401677,-7.058472970522701,5.450354231084007,cluster_plus_withinstudy,agreement_natural_log_tau2_direct_v1,provisional
lft,673,4,0.6503768090122648,11.418190806508278,2.9639782955264002,3.7923830373572076,-6.93438926570215,8.235142883726681,cluster_plus_withinstudy,agreement_natural_log_tau2_direct_v1,provisional
lft,674,4,-0.028961517984043565,11.264894012231448,1.0058005896087463,3.5029551241544894,-7.034871766293023,6.976948730324935,cluster_plus_withinstudy,agreement_natural_log_tau2_direct_v1,provisional
lft,675,4,-0.3021889154585387,6.6218008339953025,1.0794759946065717,2.7751174441096857,-5.85242380367791,5.248045972760833,cluster_plus_withinstudy,agreement_natural_log_tau2_direct_v1,provisional
lft,676,4,0.09468718674877638,5.265612753563654,1.1228317829756294,2.5275372473099744,-4.960387307871173,5.149761681368725,cluster_plus_withinstudy,agreement_natural_log_tau2_direct_v1,provisional
lft,677,4,-0.5912663925558328,8.564541141401515,0.22527767597361933,2.9647628602259464,-6.520792113007726,5.3382593278960595,cluster_plus_withinstudy,agreement_natural_log_tau2_direct_v1,provisional
lft,678,4,0.21380327828475937,4.938369989471571,2.11554307486438,2.6559203798939364,-5.0980374815031135,5.525644038072632,cluster_plus_withinstudy,agreement_natural_log_tau2_direct_v1,provisional
lft,679,4,-0.9478407115225637,8.78837914989282,0.030867091172264067,2.9697215763544373,-6.8872838642314385,4.991602441186311,cluster_plus_withinstudy,agreement_natural_log_tau2_direct_v1,provisional
lft,680,4,0.15593640094619712,8.752189789596247,0.7229008227277851,3.0781635129284526,-6.000390624910708,6.312263426803102,cluster_plus_withinstudy,agreement_natural_log_tau2_direct_v1,provisional
lft,681,4,0.9377700218451447,6.670384700740956,0.0,2.5827087913160005,-4.227647560786856,6.103187604477146,cluster_plus_withinstudy,agreement_natural_log_tau2_direct_v1,provisional
lft,682,4,-0.3377753736012883,3.1976643753760423,1.8366945967189787,2.2437377235530493,-4.825250820707387,4.14970007350481,cluster_plus_withinstudy,agreement_natural_log_tau2_direct_v1,provisional
lft,683,4,-0.25386890230402803,8.478286157203033,1.6262781848627668,3.1787677395597496,-6.611404381423527,6.103666576815471,cluster_plus_withinstudy,agreement_natural_log_tau2_direct_v1,provisional
lft,684,4,-0.19362715174292217,6.159801605742273,1.7193785865058884,2.8069877435158426,-5.807602638774608,5.420348335288763,cluster_plus_withinstudy,agreement_natural_log_tau2_direct_v1,provisional
lft,685,4,0.5473969650052856,9.358687889331971,2.7588581408818054,3.4810265770622575,-6.4146561891192295,7.5094501191298,cluster_plus_withinstudy,agreement_natural_log_tau2_direct_v1,provisional
lft,686,4,-0.6737575771667227,4.122120001627468,1.3417912722501417,2.3375010746259797,-5.348759726418682,4.001244572085237,cluster_plus_withinstudy,agreement_natural_log_tau2_direct_v1,provisional
lft,687,4,-0.06684690163476183,5.625597528791325,2.5324380310105834,2.856227504909563,-5.779301911453888,5.645608108184365,cluster_plus_withinstudy,agreement_natural_log_tau2_direct_v1,provisional
lft,688,4,-0.26171515330628065,7.896189738905718,1.2416265309635495,3.0228821131280106,-6.307479379562301,5.784049072949741,cluster_plus_withinstudy,agreement_natural_log_tau2_direct_v1,provisional
lft,689,4,0.1385462105423271,9.222818996202303,0.4967085424678179,3.1176156816820964,-6.096685152821865,6.37377757390652,cluster_plus_withinstudy,agreement_natural_log_tau2_direct_v1,provisional
lft,690,4,0.10045255186085619,16.169692437224583,0.5813230268761787,4.092800442740979,-8.085148333621103,8.286053437342815,cluster_plus_withinstudy,agreement_natural_log_tau2_direct_v1,provisional
lft,691,4,-0.639255419205201,8.203672719151843,0.18406864825214875,2.8961597620649298,-6.43157494333506,5.153064104924659,cluster_plus_withinstudy,agreement_natural_log_tau2_direct_v1,provisional
lft,692,4,0.5648150983610343,10.648023004656201,1.0826875242082468,3.4250124859428537,-6.285209873524673,7.414840070246742,cluster_plus_withinstudy,agreement_natural_log_tau2_direct_v1,provisional
lft,693,4,0.7955541488705057,16.27411372611899,0.0,4.034118705010921,-7.272683261151337,8.863791558892348,cluster_plus_withinstudy,agreement_natural_log_tau2_direct_v1,provisional
lft,694,4,0.42244650654664667,10.616606899105808,0.9551187508151666,3.401723923236713,-6.3810013399267795,7.225894353020072,cluster_plus_withinstudy,agreement_natural_log_tau2_direct_v1,provisional
lft,695,4,0.29733980451370173,7.321825570847751,1.5241011721034667,2.97421027214809,-5.651080739782478,6.245760348809882,cluster_plus_withinstudy,agreement_natural_log_tau2_direct_v1,provisional
lft,696,4,0.3988264661091276,11.199517449690754,0.6111253046412043,3.4366615711082114,-6.474496676107295,7.272149608325551,cluster_plus_withinstudy,agreement_natural_log_tau2_direct_v1,provisional
lft,697,4,-0.508410932424518,5.571072410290912,0.696548226975077,2.5035216470536037,-5.515454226531725,4.49863236168269,cluster_plus_withinstudy,agreement_natural_log_tau2_direct_v1,provisional
lft,698,4,0.04206416342256578,6.155587548395145,0.9120038087106218,2.6584941897822096,-5.274924216141853,5.359052542986985,cluster_plus_withinstudy,agreement_natural_log_tau2_direct_v1,provisional
lft,699,4,-0.07797615599876898,6.584531049576896,1.6743993297731643,2.8738354823041035,-5.825647120606976,5.669694808609438,cluster_plus_withinstudy,agreement_natural_log_tau2_direct_v1,provisional
lft,700,4,0.4133341239902844,6.049089213251977,1.9186261801772067,2.8227141891146514,-5.232094254239018,6.0587625022195875,cluster_plus_withinstudy,agreement_natural_log_tau2_direct_v1,provisional
lft,701,4,0.29149321320686866,14.814807364510225,1.6370414041578112,4.056087865008355,-7.820682516809842,8.403668943223579,cluster_plus_withinstudy,agreement_natural_log_tau2_direct_v1,provisional
lft,702,4,-0.1463542630619502,10.658594019833634,0.8192351526053319,3.387894504325506,-6.9221432717129625,6.629434745589061,cluster_plus_withinstudy,agreement_natural_log_tau2_direct_v1,provisional
lft,703,4,-0.7618320147914821,7.805623757320097,0.37924981714860134,2.8609218050252085,-6.483675624841899,4.960011595258935,cluster_plus_withinstudy,agreement_natural_log_tau2_direct_v1,provisional
lft,704,4,0.89426733524092,19.5356387749748,2.2439992993709974,4.666865979899765,-8.43946462455861,10.227999295040451,cluster_plus_withinstudy,agreement_natural_log_tau2_direct_v1,provisional
lft,705,4,-0.26863755333777734,13.969043974254754,0.29733811333815224,3.777086454874035,-7.8228104630858475,7.285535356410293,cluster_plus_withinstudy,agreement_natural_log_tau2_direct_v1,provisional
lft,706,4,-0.13283240818291858,4.5023309840867,1.5830783607811587,2.4668622468366284,-5.066556901856175,4.8008920854903385,cluster_plus_withinstudy,agreement_natural_log_tau2_direct_v1,provisional
lft,707,4,-0.023295452053429467,5.818739933052703,1.4083017250323964,2.68831576606713,-5.399926984187689,5.3533360800808305,cluster_plus_withinstudy,agreement_natural_log_tau2_direct_v1,provisional
lft,708,4,0.43817503144474856,6.505987279293812,1.5766373983321917,2.8429957224072644,-5.24781641336978,6.124166476259277,cluster_plus_withinstudy,agreement_natural_log_tau2_direct_v1,provisional
lft,709,4,-0.30652258422778944,5.953428079289423,0.8838309141174676,2.614815288582903,-5.536153161393596,4.923107992938016,cluster_plus_withinstudy,agreement_natural_log_tau2_direct_v1,provisional
lft,710,4,-0.18440624443593048,4.81321721426419,1.9891129035580348,2.608127703511127,-5.400661651458185,5.031849162586324,cluster_plus_withinstudy,agreement_natural_log_tau2_direct_v1,provisional
lft,711,4,0.05574643925434054,4.817797675450738,1.7040356003025618,2.553788024827687,-5.051829610401033,5.1633224889097145,cluster_plus_withinstudy,agreement_natural_log_tau2_direct_v1,provisional
lft,712,4,-0.4508311136886818,6.027503510203754,1.150161817434992,2.6791165199816795,-5.809064153652041,4.9074019262746775,cluster_plus_withinstudy,agreement_natural_log_tau2_direct_v1,provisional
lft,713,4,-0.2197602603276394,3.4006158613680673,1.7372753876561713,2.266691696950478,-4.753143654228595,4.313623133573317,cluster_plus_withinstudy,agreement_natural_log_tau2_direct_v1,provisional
lft,714,4,0.43150248736676433,11.126734424923752,1.0572789900864856,3.490560616148964,-6.5496187449311645,7.412623719664692,cluster_plus_withinstudy,agreement_natural_log_tau2_direct_v1,provisional
lft,715,4,-0.42417338106605434,3.7908987629556488,1.0306426383362284,2.195800856473983,-4.81577509401402,3.9674283318819117,cluster_plus_withinstudy,agreement_natural_log_tau2_direct_v1,provisional
lft,716,4,-0.5817352313824147,5.926496634042289,0.9354087497793055,2.6195238849496287,-5.820783001281672,4.657312538516843,cluster_plus_withinstudy,agreement_natural_log_tau2_direct_v1,provisional
lft,717,4,-0.12907095332746335,15.87607774773465,0.45711574098219204,4.041434583005995,-8.211940119339454,7.953798212684527,cluster_plus_withinstudy,agreement_natural_log_tau2_direct_v1,provisional
lft,718,4,-0.016920812396713735,10.12876984131592,1.2133288642376263,3.3678032462650704,-6.752527304926855,6.718685680133427,cluster_plus_withinstudy,agreement_natural_log_tau2_direct_v1,provisional
lft,719,4,-0.03848833500185522,4.426583955230126,2.3661823023275588,2.606293586217348,-5.251075507436552,5.17409883743284,cluster_plus_withinstudy,agreement_natural_log_tau2_direct_v1,provisional
lft,720,4,0.5257634840271599,10.583341649191379,0.722590574118709,3.3624295120210457,-6.199095540014931,7.2506225080692515,cluster_plus_withinstudy,agreement_natural_log_tau2_direct_v1,provisional
lft,721,4,0.7035588842515121,16.576536206154092,0.0,4.071429258399818,-7.439299632548124,8.846417401051148,cluster_plus_withinstudy,agreement_natural_log_tau2_direct_v1,provisional
lft,722,4,0.13871895295852169,8.767730130805518,0.8745763485331741,3.1052063505246625,-6.071693748090803,6.349131654007847,cluster_plus_withinstudy,agreement_natural_log_tau2_direct_v1,provisional
lft,723,4,-0.8234130264484849,5.337123561774553,0.4485055628133481,2.4053334747157,-5.634079975879884,3.987253922982915,cluster_plus_withinstudy,agreement_natural_log_tau2_direct_v1,provisional
lft,724,4,0.6907393169376876,6.885951668116047,1.4519566299940185,2.8875436443645426,-5.084347971791398,6.465826605666773,cluster_plus_withinstudy,agreement_natural_log_tau2_direct_v1,provisional
lft,725,4,-0.25612113520790736,11.154274078880794,0.5059460907046147,3.414706454380143,-7.0855340439681935,6.573291773552379,cluster_plus_withinstudy,agreement_natural_log_tau2_direct_v1,provisional
lft,726,4,-0.09954147509561137,10.276361488214343,1.0226442144820629,3.3613993667364794,-6.82234020856857,6.623257258377348,cluster_plus_withinstudy,agreement_natural_log_tau2_direct_v1,provisional
lft,727,4,0.6157407556463279,21.263996175397885,0.20816506159520476,4.633806344355911,-8.651871933065493,9.88335344435815,cluster_plus_withinstudy,agreement_natural_log_tau2_direct_v1,provisional
lft,728,4,0.381715860486459,7.986991292068993,2.4145327897334057,3.2251393895151876,-6.0685629185439165,6.831994639516834,cluster_plus_withinstudy,agreement_natural_log_tau2_direct_v1,provisional
lft,729,4,0.28353422469892275,8.59084600289967,3.1082124992897473,3.4203886478278194,-6.557243070956716,7.124311520354562,cluster_plus_withinstudy,agreement_natural_log_tau2_direct_v1,provisional
lft,730,4,-0.029623726107002483,9.373461607158251,1.2522483837075467,3.2597101084093043,-6.5490439429256115,6.489796490711606,cluster_plus_withinstudy,agreement_natural_log_tau2_direct_v1,provisional
lft,731,4,0.30589525928968914,6.7223346576864635,1.4470720567087416,2.8582174015276034,-5.410539543765518,6.022330062344896,cluster_plus_withinstudy,agreement_natural_log_tau2_direct_v1,provisional
lft,732,4,-0.750882038634427,7.825790664794391,0.12756090881929927,2.8201687136789686,-6.391219465992364,4.88945538872351,cluster_plus_withinstudy,agreement_natural_log_tau2_direct_v1,provisional
lft,733,4,-0.4791769396018556,4.048268475113774,1.6991686589207224,2.397381307600962,-5.273939554803779,4.315585675600068,cluster_plus_withinstudy,agreement_natural_log_tau2_direct_v1,provisional
lft,734,4,-1.0745820519666625,7.875375593907431,0.11960921651304589,2.8275404171152845,-6.729662886197231,4.5804987822639065,cluster_plus_withinstudy,agreement_natural_log_tau2_direct_v1,provisional
lft,735,4,0.22872290516072236,15.883162117463907,0.4625388385729069,4.042981691281425,-7.857240477402128,8.314686287723573,cluster_plus_withinstudy,agreement_natural_log_tau2_direct_v1,provisional
lft,736,4,0.02433298660508234,5.469889563278783,1.4091900574654292,2.622799958201962,-5.221266929798841,5.269932903009006,cluster_plus_withinstudy,agreement_natural_log_tau2_direct_v1,provisional
lft,737,4,0.4676493252433388,8.01978895703861,0.6239568467530378,2.9400247964586366,-5.4124002676739345,6.347698918160612,cluster_plus_withinstudy,agreement_natural_log_tau2_direct_v1,provisional
lft,738,4,0.2910423548542957,7.707300229017438,2.3758447142378847,3.1753968166601356,-6.059751278465976,6.6418359881745666,cluster_plus_withinstudy,agreement_natural_log_tau2_direct_v1,provisional
lft,739,4,0.1393040714195119,12.204563116726359,0.9434809746144122,3.626023178544336,-7.11274228566916,7.391350428508185,cluster_plus_withinstudy,agreement_natural_log_tau2_direct_v1,provisional
lft,740,4,-0.6010183633801162,9.949519911190709,0.3475120420325682,3.2088988692732707,-7.0188161019266575,5.816779375166425,cluster_plus_withinstudy,agreement_natural_log_tau2_direct_v1,provisional
lft,741,4,1.6653391488744085,23.068691093941347,0.0,4.802987725774588,-7.9406363026747675,11.271314600423585,cluster_plus_withinstudy,agreement_natural_log_tau2_direct_v1,provisional
lft,742,4,-0.8743299189203533,5.411672172143967,0.49614198384255687,2.43059954661119,-5.735529012142734,3.9868691743020266,cluster_plus_withinstudy,agreement_natural_log_tau2_direct_v1,provisional
lft,743,4,0.5695530938251019,14.51875451713989,1.1963161990080051,3.964223847885976,-7.358894601946851,8.498000789597054,cluster_plus_withinstudy,agreement_natural_log_tau2_direct_v1,provisional
lft,744,4,0.03850427584199445,8.014110527940463,1.3067626028081998,3.0530105028886916,-6.067516729935389,6.144525281619377,cluster_plus_withinstudy,agreement_natural_log_tau2_direct_v1,provisional
lft,745,4,0.21145908027939345,9.079536856024026,0.9353275711601678,3.164627059731398,-6.117795039183402,6.540713199742189,cluster_plus_withinstudy,agreement_natural_log_tau2_direct_v1,provisional
lft,746,4,-1.1770384697671143,2.367903762864811,0.19135847839278003,1.599769433780253,-4.37657733732762,2.022500397793392,cluster_plus_withinstudy,agreement_natural_log_tau2_direct_v1,provisional
lft,747,4,0.0008270655891981437,6.107477907681867,1.472652388523759,2.753203642342067,-5.505580219094936,5.5072343502733325,cluster_plus_withinstudy,agreement_natural_log_tau2_direct_v1,provisional
lft,748,4,-0.1779459231326638,7.724597227109619,1.6244816751660056,3.057626350991178,-6.29319862511502,5.937306778849692,cluster_plus_withinstudy,agreement_natural_log_tau2_direct_v1,provisional
lft,749,4,0.05373518418193599,7.42342491046351,1.7684420333949236,3.031809186584544,-6.009883188987152,6.117353557351024,cluster_plus_withinstudy,agreement_natural_log_tau2_direct_v1,provisional
lft,750,4,-0.9249715961836394,3.6597632223205068,0.5040319037464229,2.0405379501658207,-5.006047496515281,3.156104304148002,cluster_plus_withinstudy,agreement_natural_log_tau2_direct_v1,provisional
lft,751,4,0.5057702736947928,13.110692930455848,1.815197049476184,3.8634039369359288,-7.221037600177064,8.23257814756665,cluster_plus_withinstudy,agreement_natural_log_tau2_direct_v1,provisional
lft,752,4,0.45380290458197076,9.950511263093592,1.343441757021849,3.3606477084210185,-6.267492512260066,7.175098321424008,cluster_plus_withinstudy,agreement_natural_log_tau2_direct_v1,provisional
lft,753,4,0.8500356350844532,12.872491233394246,0.00436961295612408,3.5884343168505075,-6.3268329986165615,8.026904268785469,cluster_plus_withinstudy,agreement_natural_log_tau2_direct_v1,provisional
lft,754,4,-0.3773480574755078,14.274517315732805,0.2832253426410707,3.815461002077452,-8.008270061630412,7.2535739466793965,cluster_plus_withinstudy,agreement_natural_log_tau2_direct_v1,provisional
lft,755,4,-0.1462506981509987,7.640156517237568,2.019173483862662,3.10794626740879,-6.362143232968578,6.069641836666581,cluster_plus_withinstudy,agreement_natural_log_tau2_direct_v1,provisional
lft,756,4,-0.7105643501348933,4.094854677551682,1.1005092647045869,2.279334100621554,-5.269232551378002,3.848103851108215,cluster_plus_withinstudy,agreement_natural_log_tau2_direct_v1,provisional
lft,757,4,-0.8230962813025011,7.060250443852146,0.07339510274554531,2.6708885312939756,-6.164873343890452,4.51868078128545,cluster_plus_withinstudy,agreement_natural_log_tau2_direct_v1,provisional
lft,758,4,-0.4439881080629449,5.970280867360078,0.681849624139042,2.579172443148988,-5.602332994360921,4.714356778235031,cluster_plus_withinstudy,agreement_natural_log_tau2_direct_v1,provisional
lft,759,4,0.022955596669966306,7.63274228775735,2.1112122762219703,3.121530804586,-6.2201060125020335,6.266017205841966,cluster_plus_withinstudy,agreement_natural_log_tau2_direct_v1,provisional
lft,760,4,0.4780223642974576,4.760753911281465,1.6041769563853963,2.522881461279317,-4.5677405582611765,5.523785286856091,cluster_plus_withinstudy,agreement_natural_log_tau2_direct_v1,provisional
lft,761,4,-0.7562120332980252,2.6018697862167794,1.361773563373581,1.9908900897815431,-4.737992212861111,3.225568146265061,cluster_plus_withinstudy,agreement_natural_log_tau2_direct_v1,provisional
lft,762,4,-0.21566378079267448,8.394556722927778,1.5327449656982697,3.1507620806125693,-6.517187942017813,6.0858603804324645,cluster_plus_withinstudy,agreement_natural_log_tau2_direct_v1,provisional
lft,763,4,-0.6261338323479059,5.676395369377993,0.4356886018417257,2.47226292518003,-5.570659682707966,4.318392018012155,cluster_plus_withinstudy,agreement_natural_log_tau2_direct_v1,provisional
lft,764,4,0.526351761192809,11.218242302245194,1.7647690215812109,3.603194599772042,-6.680037438351275,7.732740960736893,cluster_plus_withinstudy,agreement_natural_log_tau2_direct_v1,provisional
lft,765,4,-0.29356455811492554,5.626109408860975,0.9361254652892996,2.5616859437000223,-5.41693644551497,4.829807329285119,cluster_plus_withinstudy,agreement_natural_log_tau2_direct_v1,provisional
lft,766,4,0.3360393211088855,6.184326123172398,1.6927490288266294,2.8066127541930372,-5.277186187277189,5.94926482949496,cluster_plus_withinstudy,agreement_natural_log_tau2_direct_v1,provisional
lft,767,4,-0.6606308836995768,4.2842127386693525,0.9384533077910379,2.285315305698623,-5.231261495096823,3.9099997276976692,cluster_plus_withinstudy,agreement_natural_log_tau2_direct_v1,provisional
lft,768,4,-0.9881151199173406,9.11001523638838,0.10799115474278305,3.0361169923326674,-7.060349104582675,5.084118864747994,cluster_plus_withinstudy,agreement_natural_log_tau2_direct_v1,provisional
lft,769,4,1.0064169157512188,8.734590625501898,0.0,2.9554340841070874,-4.904451252462956,6.917285083965393,cluster_plus_withinstudy,agreement_natural_log_tau2_direct_v1,provisional
lft,770,4,0.5909688386878424,17.75317808789561,0.1863978656586804,4.2355136587613895,-7.880058478834936,9.061996156210622,cluster_plus_withinstudy,agreement_natural_log_tau2_direct_v1,provisional
lft,771,4,-0.8987438481817305,4.6556840338972565,0.4706990323457392,2.264151732159971,-5.4270473125016725,3.629559616138211,cluster_plus_withinstudy,agreement_natural_log_tau2_direct_v1,provisional
lft,772,4,-0.34185554579402727,6.762367077411106,1.2073344038605252,2.8230659718241853,-5.987987489442398,5.304276397854343,cluster_plus_withinstudy,agreement_natural_log_tau2_direct_v1,provisional
lft,773,4,-0.8914596993731745,7.666695026481267,0.011607049229822036,2.77097493234982,-6.433409564072814,4.650490165326465,cluster_plus_withinstudy,agreement_natural_log_tau2_direct_v1,provisional
lft,774,4,0.12081968312587028,7.72088511099671,1.5320558723451139,3.0418647214072196,-5.962909759688569,6.20454912594031,cluster_plus_withinstudy,agreement_natural_log_tau2_direct_v1,provisional
lft,775,4,0.3650104789236443,10.672565133798363,1.918478895023449,3.5483861160845804,-6.731761753245516,7.461782711092805,cluster_plus_withinstudy,agreement_natural_log_tau2_direct_v1,provisional
lft,776,4,-0.10089813898969419,7.865372641195647,2.0282233647143024,3.145408718419587,-6.391715575828869,6.18991929784948,cluster_plus_withinstudy,agreement_natural_log_tau2_direct_v1,provisional
lft,777,4,-1.0673891624769405,4.616845583783839,0.1555713515892007,2.184586216053978,-5.436561594584897,3.3017832696310156,cluster_plus_withinstudy,agreement_natural_log_tau2_direct_v1,provisional
lft,778,4,0.36195053448372816,10.577076512550535,1.0049207733271908,3.4032333575406972,-6.444516180597667,7.168417249565122,cluster_plus_withinstudy,agreement_natural_log_tau2_direct_v1,provisional
lft,779,4,0.7282121763522218,7.469497136374044,0.5521469757032461,2.832250714904542,-4.936289253456862,6.392713606161306,cluster_plus_withinstudy,agreement_natural_log_tau2_direct_v1,provisional
lft,780,4,0.6650332627429504,7.792688622291519,2.506718998938611,3.2092690166500737,-5.753504770557197,7.083571296043098,cluster_plus_withinstudy,agreement_natural_log_tau2_direct_v1,provisional
lft,781,4,0.45728381447700955,5.644320946718932,1.585319157891467,2.6887990078491177,-4.920314201221226,5.834881830175245,cluster_plus_withinstudy,agreement_natural_log_tau2_direct_v1,provisional
lft,782,4,0.42006157970443014,7.133990664407459,1.406577841747272,2.9224251070223732,-5.424788634340317,6.264911793749176,cluster_plus_withinstudy,agreement_natural_log_tau2_direct_v1,provisional
lft,783,4,0.32574265089870613,9.493321085806045,3.2895733344682063,3.575317387348185,-6.824892123797664,7.476377425595077,cluster_plus_withinstudy,agreement_natural_log_tau2_direct_v1,provisional
lft,784,4,-0.23912706151067037,7.846256043902202,0.9291981762302195,2.9623393154958504,-6.163805692502371,5.685551569481031,cluster_plus_withinstudy,agreement_natural_log_tau2_direct_v1,provisional
lft,785,4,0.9681197221776785,12.507079978034781,0.0,3.536535024290694,-6.10495032640371,8.041189770759066,cluster_plus_withinstudy,agreement_natural_log_tau2_direct_v1,provisional
lft,786,4,-0.20420251951650267,8.543302363707465,1.4605456487435304,3.162886025839533,-6.529974571195568,6.121569532162564,cluster_plus_withinstudy,agreement_natural_log_tau2_direct_v1,provisional
lft,787,4,-0.586793646445959,4.594561740063972,0.9792260048496804,2.3608870673782034,-5.308567781202366,4.134980488310448,cluster_plus_withinstudy,agreement_natural_log_tau2_direct_v1,provisional
lft,788,4,-0.43971329285699345,14.0949632372389,0.29831441934926667,3.793847342288322,-8.027407977433638,7.147981391719651,cluster_plus_withinstudy,agreement_natural_log_tau2_direct_v1,provisional
lft,789,4,0.7878248887375614,14.859589212294752,1.7961341117080696,4.081142404278834,-7.374459919820107,8.950109697295229,cluster_plus_withinstudy,agreement_natural_log_tau2_direct_v1,provisional
lft,790,4,-0.724033375347062,4.128870592036355,1.0307220640765968,2.2714736749768756,-5.266980725300813,3.818913974606689,cluster_plus_withinstudy,agreement_natural_log_tau2_direct_v1,provisional
lft,791,4,0.28194905759246264,13.136380784800169,0.686749122886683,3.71794700173185,-7.153944945871237,7.717843061056162,cluster_plus_withinstudy,agreement_natural_log_tau2_direct_v1,provisional
lft,792,4,1.296307405504092,12.516258944696936,0.0,3.537832520724651,-5.7793576359452095,8.371972446953393,cluster_plus_withinstudy,agreement_natural_log_tau2_direct_v1,provisional
lft,793,4,-0.39644365130772036,6.491702645856822,1.1027655226838047,2.7558062646965276,-5.908056180700775,5.115168878085335,cluster_plus_withinstudy,agreement_natural_log_tau2_direct_v1,provisional
lft,794,4,0.030751531287901198,17.719174886618877,0.7157132410728138,4.293586860387442,-8.556422189486982,8.617925252062784,cluster_plus_withinstudy,agreement_natural_log_tau2_direct_v1,provisional
lft,795,4,0.5120979819985726,9.332869286025442,1.8525945401423,3.344467644658525,-6.176837307318477,7.201033271315623,cluster_plus_withinstudy,agreement_natural_log_tau2_direct_v1,provisional
lft,796,4,-0.016578204242305734,12.095219854213218,0.6202376372634285,3.565874015087556,-7.148326234417418,7.1151698259328064,cluster_plus_withinstudy,agreement_natural_log_tau2_direct_v1,provisional
lft,797,4,-0.42272178959615997,6.86162736146488,0.6785267546323928,2.7459341062919322,-5.914590002180025,5.069146422987704,cluster_plus_withinstudy,agreement_natural_log_tau2_direct_v1,provisional
lft,798,4,-0.1556212033113168,8.925993675154375,1.4788553746697046,3.225654824965635,-6.606930853242587,6.295688446619953,cluster_plus_withinstudy,agreement_natural_log_tau2_direct_v1,provisional
lft,799,4,-0.16856027253331077,7.145791772338595,1.898984840031902,3.007453509594204,-6.183467291721719,5.846346746655097,cluster_plus_withinstudy,agreement_natural_log_tau2_direct_v1,provisional
lft,800,4,-0.049856546897410495,12.27314354299004,0.44909936179090526,3.566825325801776,-7.183507198500962,7.083794104706142,cluster_plus_withinstudy,agreement_natural_log_tau2_direct_v1,provisional
lft,801,4,0.017626916092690376,7.880163684111879,1.6074995366290505,3.080205061475766,-6.142783206858842,6.178037039044223,cluster_plus_withinstudy,agreement_natural_log_tau2_direct_v1,provisional
lft,802,4,0.28618979352983104,15.646935891260236,1.3694304980241996,4.125089864388949,-7.963989935248066,8.536369522307728,cluster_plus_withinstudy,agreement_natural_log_tau2_direct_v1,provisional
lft,803,4,-0.711114840616944,8.366230670618844,0.47534615411267594,2.9734789094142773,-6.658072659445499,5.23584297821161,cluster_plus_withinstudy,agreement_natural_log_tau2_direct_v1,provisional
lft,804,4,0.035964762836422366,17.9978794268817,0.8723580570896275,4.3439886606633,-8.652012558490176,8.723942084163022,cluster_plus_withinstudy,agreement_natural_log_tau2_direct_v1,provisional
lft,805,4,0.31689044964015567,6.609305294736357,1.908674238434761,2.9185577830790193,-5.520225116517883,6.154006015798194,cluster_plus_withinstudy,agreement_natural_log_tau2_direct_v1,provisional
lft,806,4,-0.23083967269320624,4.787683498550719,1.6211116870425137,2.531559832512997,-5.2939593377192,4.832279992332787,cluster_plus_withinstudy,agreement_natural_log_tau2_direct_v1,provisional
lft,807,4,0.4029389577287723,9.500651009603757,1.612212454081478,3.333596175856523,-6.264253393984274,7.070131309441819,cluster_plus_withinstudy,agreement_natural_log_tau2_direct_v1,provisional
lft,808,4,-0.022687885797422994,9.274850783161297,0.7956228133938249,3.1734009511177628,-6.369489788032949,6.324114016438102,cluster_plus_withinstudy,agreement_natural_log_tau2_direct_v1,provisional
lft,809,4,0.13191317577104772,8.108070785607785,1.3490734043007926,3.0752470128281693,-6.018580849885291,6.282407201427386,cluster_plus_withinstudy,agreement_natural_log_tau2_direct_v1,provisional
lft,810,4,0.5982237045006344,6.92838098246884,0.33189887840077265,2.6944906496162893,-4.790757594731944,5.987205003733213,cluster_plus_withinstudy,agreement_natural_log_tau2_direct_v1,provisional
lft,811,4,0.3118387167277081,6.722368151559256,1.7859783935799098,2.916907016882637,-5.521975317037566,6.1456527504929825,cluster_plus_withinstudy,agreement_natural_log_tau2_direct_v1,provisional
lft,812,4,0.10128149986475056,7.272733881865266,1.7839298403139785,3.0094291355968568,-5.917576771328963,6.120139771058464,cluster_plus_withinstudy,agreement_natural_log_tau2_direct_v1,provisional
lft,813,4,-0.9973718285824822,5.907142764893981,0.3509507400350916,2.501618177286269,-6.00060818315502,4.005864525990056,cluster_plus_withinstudy,agreement_natural_log_tau2_direct_v1,provisional
lft,814,4,-0.48168272567746195,6.454474764105275,0.5886391337496547,2.653886564617058,-5.789455854911578,4.826090403556654,cluster_plus_withinstudy,agreement_natural_log_tau2_direct_v1,provisional
lft,815,4,-0.5395601643489355,10.317138202046381,0.5670019423766249,3.2991120236243883,-7.137784211597712,6.058663882899841,cluster_plus_withinstudy,agreement_natural_log_tau2_direct_v1,provisional
lft,816,4,-0.6224313479152267,8.537414895297639,0.2489127004960255,2.9641740157746583,-6.550779379464544,5.30591668363409,cluster_plus_withinstudy,agreement_natural_log_tau2_direct_v1,provisional
lft,817,4,-0.2622283569903162,17.77058444838186,0.7009985205100585,4.2978579512231345,-8.857944259436586,8.333487545455952,cluster_plus_withinstudy,agreement_natural_log_tau2_direct_v1,provisional
lft,818,4,-0.8653158560798284,3.7204709418046127,0.659703757271529,2.092886690453198,-5.051089236986225,3.320457524826568,cluster_plus_withinstudy,agreement_natural_log_tau2_direct_v1,provisional
lft,819,4,-0.674484773873551,4.340066949692833,1.2769632213861777,2.370027462093849,-5.414539698061248,4.065570150314147,cluster_plus_withinstudy,agreement_natural_log_tau2_direct_v1,provisional
lft,820,4,0.4423303850825514,12.183290337752462,1.6372290812178558,3.717595919269645,-6.992861453456738,7.877522223621842,cluster_plus_withinstudy,agreement_natural_log_tau2_direct_v1,provisional
lft,821,4,0.5486320713805888,11.11587823350535,1.2936380007217483,3.522714327649504,-6.496796583918419,7.594060726679597,cluster_plus_withinstudy,agreement_natural_log_tau2_direct_v1,provisional
lft,822,4,-0.14757517344133042,7.4815430291025065,2.2398213541989076,3.1179102590198795,-6.383395691481089,6.088245344598429,cluster_plus_withinstudy,agreement_natural_log_tau2_direct_v1,provisional
lft,823,4,0.5306835121006039,13.640986102473407,1.7677043627501916,3.925390485699938,-7.320097459299273,8.38146448350048,cluster_plus_withinstudy,agreement_natural_log_tau2_direct_v1,provisional
lft,824,4,0.8676304335365587,9.306535889258969,0.026934683401378084,3.0550729242786248,-5.242515415020691,6.977776282093808,cluster_plus_withinstudy,agreement_natural_log_tau2_direct_v1,provisional
lft,825,4,0.05739042486676941,7.878326767620407,1.2051728990717814,3.013884481311815,-5.970378537756861,6.085159387490399,cluster_plus_withinstudy,agreement_natural_log_tau2_direct_v1,provisional
lft,826,4,0.25953580365958095,6.876830421328499,2.207623310145358,3.0140427554156988,-5.768549707171816,6.287621314490979,cluster_plus_withinstudy,agreement_natural_log_tau2_direct_v1,provisional
lft,827,4,-0.2179014184838154,7.53560370291155,1.5472711629869518,3.013780825789842,-6.245463070063499,5.809660233095869,cluster_plus_withinstudy,agreement_natural_log_tau2_direct_v1,provisional
lft,828,4,0.9418158692809994,11.65077610165457,0.0,3.4133233221677917,-5.884830775054584,7.768462513616583,cluster_plus_withinstudy,agreement_natural_log_tau2_direct_v1,provisional
lft,829,4,0.650563302630388,6.040954143084327,2.0809879294941664,2.8499021163153118,-5.049240930000235,6.350367535261012,cluster_plus_withinstudy,agreement_natural_log_tau2_direct_v1,provisional
lft,830,4,0.25355197943172475,9.38374717235923,2.171378803215433,3.399283156133755,-6.545014332835785,7.052118291699235,cluster_plus_withinstudy,agreement_natural_log_tau2_direct_v1,provisional
lft,831,4,0.8416568513696046,12.397644880646736,0.0,3.521028951975081,-6.200401052580557,7.883714755319766,cluster_plus_withinstudy,agreement_natural_log_tau2_direct_v1,provisional
lft,832,4,-0.15138734892965533,9.938435181184689,0.9326483024178367,3.2971326154103244,-6.745652579750304,6.442877881890993,cluster_plus_withinstudy,agreement_natural_log_tau2_direct_v1,provisional
lft,833,4,-0.13534428463129755,7.6681536333445415,1.1237205818825404,2.965109477781062,-6.065563240193422,5.794874670930826,cluster_plus_withinstudy,agreement_natural_log_tau2_direct_v1,provisional
lft,834,4,-0.27828264289382854,3.381896117742166,2.2517185888404585,2.3735236899139274,-5.0253300227216835,4.468764736934026,cluster_plus_withinstudy,agreement_natural_log_tau2_direct_v1,provisional
lft,835,4,1.0076170987048279,20.301767942262813,2.2104267497749226,4.74470174953471,-8.481786400364593,10.497020597774247,cluster_plus_withinstudy,agreement_natural_log_tau2_direct_v1,provisional
lft,836,4,0.41543873175414164,9.292022374329129,1.6528395358824743,3.3083019678094083,-6.201165203864675,7.032042667372958,cluster_plus_withinstudy,agreement_natural_log_tau2_direct_v1,provisional
lft,837,4,0.6566386794870498,11.12235693123065,0.9953557609790278,3.4810505156072753,-6.305462351727501,7.6187397107016,cluster_plus_withinstudy,agreement_natural_log_tau2_direct_v1,provisional
lft,838,4,-1.028472129913518,6.804246677223055,0.2534116845783821,2.6566253709925753,-6.341722871898669,4.284778612071633,cluster_plus_withinstudy,agreement_natural_log_tau2_direct_v1,provisional
lft,839,4,0.219669340340622,8.492935860362799,3.0415214907146457,3.3962416508660636,-6.572813961391505,7.012152642072749,cluster_plus_withinstudy,agreement_natural_log_tau2_direct_v1,provisional
lft,840,4,0.3488056505127606,15.250532208104788,3.583389607491063,4.3398066564762825,-8.330807662439804,9.028418963465326,cluster_plus_withinstudy,agreement_natural_log_tau2_direct_v1,provisional
lft,841,4,0.6802957131764862,23.599069306483575,1.3515533170746752,4.99505982181978,-9.309823930463073,10.670415356816045,cluster_plus_withinstudy,agreement_natural_log_tau2_direct_v1,provisional
lft,842,4,-0.4184904254030069,7.115873361006121,0.7821363531000413,2.8103397862369173,-6.039169997876842,5.202189147070827,cluster_plus_withinstudy,agreement_natural_log_tau2_direct_v1,provisional
lft,843,4,-0.34251697969214284,5.145841903152725,1.9756214320145458,2.668607002757669,-5.679730985207481,4.994697025823195,cluster_plus_withinstudy,agreement_natural_log_tau2_direct_v1,provisional
lft,844,4,-0.3064708973114655,4.861035148628921,2.0085598973157284,2.6209912334734446,-5.5484533642583544,4.935511569635424,cluster_plus_withinstudy,agreement_natural_log_tau2_direct_v1,provisional
lft,845,4,-0.8429235221186505,8.18703530457471,0.06806433472965337,2.8731689193822842,-6.589261360883219,4.903414316645918,cluster_plus_withinstudy,agreement_natural_log_tau2_direct_v1,provisional
lft,846,4,-0.2960469760080236,2.997815108395942,1.6272655923383235,2.150600079218418,-4.597247134444859,4.0051531824288125,cluster_plus_withinstudy,agreement_natural_log_tau2_direct_v1,provisional
lft,847,4,0.9075876910905103,10.03213793878394,0.7997512089037004,3.2911835481613054,-5.6747794052321,7.489954787413121,cluster_plus_withinstudy,agreement_natural_log_tau2_direct_v1,provisional
lft,848,4,0.43597449784568454,14.72003356043503,1.554287549502703,4.0341444086618585,-7.6323143194780325,8.504263315169402,cluster_plus_withinstudy,agreement_natural_log_tau2_direct_v1,provisional
lft,849,4,0.47556672282864576,8.665707588550468,2.2420320926527513,3.302686736764966,-6.129806750701286,7.080940196358577,cluster_plus_withinstudy,agreement_natural_log_tau2_direct_v1,provisional
lft,850,4,0.24012260029498975,9.072580027824882,0.8347881677101073,3.147597209862626,-6.055071819430262,6.535317020020242,cluster_plus_withinstudy,agreement_natural_log_tau2_direct_v1,provisional
lft,851,4,-0.21158889680517046,10.733332543789441,1.2602716441044035,3.4631783361377515,-7.1379455690806735,6.7147677754703325,cluster_plus_withinstudy,agreement_natural_log_tau2_direct_v1,provisional
lft,852,4,-0.9452081545735612,4.363725915320769,0.0,2.0889533061609513,-5.123114766895464,3.2326984577483415,cluster_plus_withinstudy,agreement_natural_log_tau2_direct_v1,provisional
lft,853,4,-0.6987299898977615,4.044180791494771,1.1889308581918938,2.287599538749443,-5.273929067396647,3.8764690876011247,cluster_plus_withinstudy,agreement_natural_log_tau2_direct_v1,provisional
lft,854,4,0.2584448900030019,12.805908428994439,1.0942264725542679,3.728288468124309,-7.198132046245616,7.71502182625162,cluster_plus_withinstudy,agreement_natural_log_tau2_direct_v1,provisional
lft,855,4,0.38053162631542736,7.401124980888224,0.5299060812602712,2.8162086325676396,-5.251885638819852,6.012948891450707,cluster_plus_withinstudy,agreement_natural_log_tau2_direct_v1,provisional
lft,856,4,-0.6039376067893132,11.288593383010118,0.0,3.3598502024658954,-7.323638011721104,6.115762798142478,cluster_plus_withinstudy,agreement_natural_log_tau2_direct_v1,provisional
lft,857,4,-0.3277936438086523,11.266545362467985,0.6112072414418511,3.446411554633288,-7.2206167530752285,6.565029465457924,cluster_plus_withinstudy,agreement_natural_log_tau2_direct_v1,provisional
lft,858,4,0.5933945655952271,10.48170145762867,1.3821780757190243,3.444398283205311,-6.295402000815395,7.482191132005848,cluster_plus_withinstudy,agreement_natural_log_tau2_direct_v1,provisional
lft,859,4,-0.26979410753017535,14.401708378301112,0.18693474677656513,3.8195082307906705,-7.908810569111516,7.369222354051166,cluster_plus_withinstudy,agreement_natural_log_tau2_direct_v1,provisional
lft,860,4,-0.0898843299969461,6.478844897507608,1.532930067318165,2.8305078987393366,-5.750900127475619,5.571131467481727,cluster_plus_withinstudy,agreement_natural_log_tau2_direct_v1,provisional
lft,861,4,-0.7672236515644659,4.2320032934113545,1.2083706029362984,2.332460909929179,-5.432145471422824,3.897698168293892,cluster_plus_withinstudy,agreement_natural_log_tau2_direct_v1,provisional
lft,862,4,0.4146813359144859,6.661589899035939,1.3774297001863502,2.8353164901333834,-5.2559516443522805,6.085314316181253,cluster_plus_withinstudy,agreement_natural_log_tau2_direct_v1,provisional
lft,863,4,-1.0469357190016493,4.443175107283236,0.001013779275059287,2.1081244950330364,-5.263184709067723,3.1693132710644236,cluster_plus_withinstudy,agreement_natural_log_tau2_direct_v1,provisional
lft,864,4,-0.10190779789886671,6.834877639647231,1.258493029018731,2.844885000956271,-5.791677799811409,5.587862204013676,cluster_plus_withinstudy,agreement_natural_log_tau2_direct_v1,provisional
lft,865,4,-0.595621894531188,5.449291068781786,0.644661813741628,2.468593300348078,-5.532808495227344,4.341564706164967,cluster_plus_withinstudy,agreement_natural_log_tau2_direct_v1,provisional
lft,866,4,-0.6636354294878869,6.99227708913275,1.4171425055884888,2.8998999283977436,-6.463435286283374,5.1361644273076,cluster_plus_withinstudy,agreement_natural_log_tau2_direct_v1,provisional
lft,867,4,-0.500221582971151,9.854251110079595,0.47948442563312,3.2146128127214193,-6.92944720841399,5.929004042471687,cluster_plus_withinstudy,agreement_natural_log_tau2_direct_v1,provisional
lft,868,4,0.5082127950965912,10.348837312907321,1.626555716252483,3.4605480821915773,-6.412883369286563,7.429308959479746,cluster_plus_withinstudy,agreement_natural_log_tau2_direct_v1,provisional
lft,869,4,-0.6519533861046727,3.724624952435438,1.029568972377194,2.1804114118240694,-5.012776209752811,3.7088694375434663,cluster_plus_withinstudy,agreement_natural_log_tau2_direct_v1,provisional
lft,870,4,-0.19435633687958817,4.672472425686278,2.3415769669172914,2.64840506580915,-5.491166468497888,5.102453794738712,cluster_plus_withinstudy,agreement_natural_log_tau2_direct_v1,provisional
lft,871,4,1.0040541653255999,12.095057787657506,0.007817450870150608,3.478918688116705,-5.95378321090781,7.961891541559011,cluster_plus_withinstudy,agreement_natural_log_tau2_direct_v1,provisional
lft,872,4,0.46800156589143,7.216464885215535,1.5191880385127177,2.955613798135381,-5.443226030379332,6.379229162162192,cluster_plus_withinstudy,agreement_natural_log_tau2_direct_v1,provisional
lft,873,4,0.2199697589973436,16.94390857953406,0.6716593585506505,4.197090413379811,-8.174211067762277,8.614150585756965,cluster_plus_withinstudy,agreement_natural_log_tau2_direct_v1,provisional
lft,874,4,-0.03628319364332562,6.731092504808375,1.4535950430213707,2.8608892931796133,-5.758061780002552,5.685495392715901,cluster_plus_withinstudy,agreement_natural_log_tau2_direct_v1,provisional
lft,875,4,-0.20234474584044024,7.815448464328068,1.5087621514789742,3.0535570431559065,-6.309458832152253,5.904769340471373,cluster_plus_withinstudy,agreement_natural_log_tau2_direct_v1,provisional
lft,876,4,0.5601453008415718,15.411080964744853,1.4664461884173967,4.108226765060839,-7.656308229280106,8.77659883096325,cluster_plus_withinstudy,agreement_natural_log_tau2_direct_v1,provisional
lft,877,4,1.1419657054133436,9.307530834690878,0.05768896578521951,3.0602646618350016,-4.9785636182566595,7.262495029083347,cluster_plus_withinstudy,agreement_natural_log_tau2_direct_v1,provisional
lft,878,4,0.6344548929259197,7.107124394243406,2.214055599665052,3.053060758306074,-5.471666623686228,6.740576409538067,cluster_plus_withinstudy,agreement_natural_log_tau2_direct_v1,provisional
lft,879,4,-0.571373022509144,6.7404224363984815,0.8043335321535218,2.7467719178249954,-6.064916858159135,4.922170813140847,cluster_plus_withinstudy,agreement_natural_log_tau2_direct_v1,provisional
lft,880,4,-0.5232216399593146,13.715365454200766,0.37298935055939897,3.753445724232624,-8.030113088424562,6.983669808505933,cluster_plus_withinstudy,agreement_natural_log_tau2_direct_v1,provisional
lft,881,4,0.5330758920607644,6.8465578859307135,2.0342053576938555,2.9800609462936443,-5.427046000526524,6.493197784648053,cluster_plus_withinstudy,agreement_natural_log_tau2_direct_v1,provisional
lft,882,4,-0.33441492192414873,4.397404106493145,1.5748436334418272,2.4438182706443152,-5.222051463212779,4.553221619364482,cluster_plus_withinstudy,agreement_natural_log_tau2_direct_v1,provisional
lft,883,4,-0.3395611503140383,6.401445702099521,1.076673212284457,2.7346149481021964,-5.808791046518431,5.1296687458903545,cluster_plus_withinstudy,agreement_natural_log_tau2_direct_v1,provisional
lft,884,4,-0.6646306278567837,10.251386738548236,0.3870319347112197,3.2616588836448632,-7.18794839514651,5.858687139432943,cluster_plus_withinstudy,agreement_natural_log_tau2_direct_v1,provisional
lft,885,4,-0.11899495182453589,18.81646395861359,0.8986526468838734,4.440170785622718,-8.999336523069973,8.7613466194209,cluster_plus_withinstudy,agreement_natural_log_tau2_direct_v1,provisional
lft,886,4,-0.7326418758798459,9.179294481696656,0.5319331429461659,3.1162842656989467,-6.965210407277739,5.499926655518047,cluster_plus_withinstudy,agreement_natural_log_tau2_direct_v1,provisional
lft,887,4,0.6065210752097062,11.839413960313774,0.6042004418025694,3.5275507653492877,-6.4485804554888695,7.661622605908281,cluster_plus_withinstudy,agreement_natural_log_tau2_direct_v1,provisional
lft,888,4,0.025076380126367072,10.784986864708978,1.594488967456646,3.5184479294378685,-7.01181947874937,7.061972239002104,cluster_plus_withinstudy,agreement_natural_log_tau2_direct_v1,provisional
lft,889,4,-0.5445147154241295,6.441558701707372,1.143300977363321,2.7540623956386123,-6.052639506701354,4.963610075853095,cluster_plus_withinstudy,agreement_natural_log_tau2_direct_v1,provisional
lft,890,4,0.38478645911117726,5.357679515441901,1.935441295354584,2.700577866086532,-5.016369273061886,5.785942191284241,cluster_plus_withinstudy,agreement_natural_log_tau2_direct_v1,provisional
lft,891,4,0.7276460732236265,19.905501576910083,1.2520565850129406,4.599734575160074,-8.471823077096522,9.927115223543774,cluster_plus_withinstudy,agreement_natural_log_tau2_direct_v1,provisional
lft,892,4,-0.8082665574180482,2.074127558350161,1.6181828123581954,1.9215385426028686,-4.651343642623785,3.034810527787689,cluster_plus_withinstudy,agreement_natural_log_tau2_direct_v1,provisional
lft,893,4,-1.2140211021809877,2.432240412724652,0.0,1.559564173968052,-4.333149450117092,1.9051072457551161,cluster_plus_withinstudy,agreement_natural_log_tau2_direct_v1,provisional
lft,894,4,0.815570879838195,11.26029162925116,0.05110488082025424,3.3632419642469102,-5.910913048655625,7.542054808332016,cluster_plus_withinstudy,agreement_natural_log_tau2_direct_v1,provisional
lft,895,4,0.12420469345823157,14.568929633026187,2.548862428902634,4.137365352724946,-8.15052601199166,8.398935398908124,cluster_plus_withinstudy,agreement_natural_log_tau2_direct_v1,provisional
lft,896,4,-0.8335344211779225,2.525879068450767,1.4381935947463285,1.990997906376874,-4.81553023393167,3.1484613915758253,cluster_plus_withinstudy,agreement_natural_log_tau2_direct_v1,provisional
lft,897,4,0.008662789010378502,4.805481623858949,1.153100261940393,2.4410206647628656,-4.873378540515353,4.890704118536109,cluster_plus_withinstudy,agreement_natural_log_tau2_direct_v1,provisional
lft,898,4,-0.4297172880354831,6.804426518732304,1.7989433511247837,2.9331501614914104,-6.2960176110183035,5.436583034947338,cluster_plus_withinstudy,agreement_natural_log_tau2_direct_v1,provisional
lft,899,4,0.16904229619641498,8.070877390077477,1.5977141211829669,3.1094358831242115,-6.049829470052008,6.387914062444838,cluster_plus_withinstudy,agreement_natural_log_tau2_direct_v1,provisional
lft,900,4,0.9421236519140685,16.417493709544498,0.0,4.05185065242347,-7.161577652932872,9.045824956761008,cluster_plus_withinstudy,agreement_natural_log_tau2_direct_v1,provisional
lft,901,4,0.4638573324571545,8.858636878635147,1.9210148504179645,3.2832379945799106,-6.102618656702667,7.030333321616975,cluster_plus_withinstudy,agreement_natural_log_tau2_direct_v1,provisional
lft,902,4,-0.24525874062882516,5.160497655784135,1.1792326514134899,2.5178821074858977,-5.281022955600621,4.79050547434297,cluster_plus_withinstudy,agreement_natural_log_tau2_direct_v1,provisional
lft,903,4,0.5511906420710212,9.225950686632336,1.4538613730379684,3.2679981731436607,-5.9848057042163,7.087186988358343,cluster_plus_withinstudy,agreement_natural_log_tau2_direct_v1,provisional
lft,904,4,-0.538827869033775,12.264720759111238,0.3564332410915267,3.5526263524613397,-7.644080573956455,6.566424835888904,cluster_plus_withinstudy,agreement_natural_log_tau2_direct_v1,provisional
lft,905,4,-0.3951187673162616,6.74348927858842,1.0289796353964338,2.787914796758476,-5.970948360833213,5.1807108262006905,cluster_plus_withinstudy,agreement_natural_log_tau2_direct_v1,provisional
lft,906,4,-0.6625589074268148,4.136776632340799,1.4285294284529246,2.3590900917077593,-5.380739090842333,4.055621275988704,cluster_plus_withinstudy,agreement_natural_log_tau2_direct_v1,provisional
lft,907,4,0.7189696027488939,6.234470011653702,2.367829670906349,2.9329677261367966,-5.146965849524699,6.584905055022487,cluster_plus_withinstudy,agreement_natural_log_tau2_direct_v1,provisional
lft,908,4,0.4283332800051824,8.304126583963587,0.9199226137921083,3.0371119830779527,-5.645890686150723,6.502557246161087,cluster_plus_withinstudy,agreement_natural_log_tau2_direct_v1,provisional
lft,909,4,0.03481385107407376,12.453423840267298,0.5739571099863882,3.6093463328217323,-7.183878814569391,7.253506516717539,cluster_plus_withinstudy,agreement_natural_log_tau2_direct_v1,provisional
lft,910,4,0.22849069568023,6.765580706505825,1.6081392923906972,2.8937380667393726,-5.5589854377985155,6.015966829158975,cluster_plus_withinstudy,agreement_natural_log_tau2_direct_v1,provisional
lft,911,4,-0.6054147323862797,4.889991069227969,0.5197928024131844,2.325894209039,-5.25720315046428,4.046373685691719,cluster_plus_withinstudy,agreement_natural_log_tau2_direct_v1,provisional
lft,912,4,0.5694776321415088,13.871381775274122,2.6712301519651507,4.067260985877261,-7.565044339613013,8.70399960389603,cluster_plus_withinstudy,agreement_natural_log_tau2_direct_v1,provisional
lft,913,4,0.3339642113711653,5.924461733708907,2.0557988891723173,2.8249355077384024,-5.31590680410564,5.98383522684797,cluster_plus_withinstudy,agreement_natural_log_tau2_direct_v1,provisional
lft,914,4,0.5058221351532769,12.887567036080059,2.4281234919294343,3.9135266101062216,-7.321231085059166,8.33287535536572,cluster_plus_withinstudy,agreement_natural_log_tau2_direct_v1,provisional
lft,915,4,-0.5106440801845624,6.814802251586355,0.8580493499048819,2.769991263793306,-6.050626607771174,5.02933844740205,cluster_plus_withinstudy,agreement_natural_log_tau2_direct_v1,provisional
lft,916,4,0.6107297848593246,21.206148553442038,1.4137339223548844,4.756036424986348,-8.901343065113371,10.122802634832022,cluster_plus_withinstudy,agreement_natural_log_tau2_direct_v1,provisional
lft,917,4,-1.1645864179957615,4.839117789952022,0.11790501653460066,2.226437245126532,-5.617460908248826,3.288288072257303,cluster_plus_withinstudy,agreement_natural_log_tau2_direct_v1,provisional
lft,918,4,0.396581117039263,9.545794363616613,2.381375530642187,3.4535734962874036,-6.510565875535544,7.30372810961407,cluster_plus_withinstudy,agreement_natural_log_tau2_direct_v1,provisional
lft,919,4,0.13549196321033463,5.589996233061671,1.1517674344647426,2.596490644605987,-5.057489326001639,5.328473252422309,cluster_plus_withinstudy,agreement_natural_log_tau2_direct_v1,provisional
lft,920,4,-0.3968777238810473,14.29664794171527,0.2492119470116212,3.813903497563473,-8.024684719007993,7.230929271245898,cluster_plus_withinstudy,agreement_natural_log_tau2_direct_v1,provisional
lft,921,4,0.1979338909579161,15.453806049728486,0.39261549754608865,3.980756403910515,-7.763578916863114,8.159446698778947,cluster_plus_withinstudy,agreement_natural_log_tau2_direct_v1,provisional
lft,922,4,0.47253457310874886,15.037323154861177,0.5936067157953613,3.9535970799585205,-7.4346595868082925,8.37972873302579,cluster_plus_withinstudy,agreement_natural_log_tau2_direct_v1,provisional
lft,923,4,-0.19936445323123134,8.112180597924944,1.7504010268491665,3.1404747451259833,-6.480313943483198,6.081585037020735,cluster_plus_withinstudy,agreement_natural_log_tau2_direct_v1,provisional
lft,924,4,-0.542236868957555,7.281995250462042,0.888907081410506,2.8584790242141973,-6.259194917385949,5.17472117947084,cluster_plus_withinstudy,agreement_natural_log_tau2_direct_v1,provisional
lft,925,4,-0.6214326839799551,4.149195330592531,0.9942876468031998,2.2679248174037276,-5.15728231878741,3.9144169508275004,cluster_plus_withinstudy,agreement_natural_log_tau2_direct_v1,provisional
lft,926,4,0.4816340923273304,15.215183677165413,1.6448716797352405,4.106099774347995,-7.73056545636866,8.693833641023321,cluster_plus_withinstudy,agreement_natural_log_tau2_direct_v1,provisional
lft,927,4,-0.9933327842453047,3.2807818073420627,0.28826123971797996,1.8891911091946316,-4.771715002634568,2.7850494341439584,cluster_plus_withinstudy,agreement_natural_log_tau2_direct_v1,provisional
lft,928,4,-0.6854860453031393,3.4147214972077498,1.187464894611119,2.1452707036220087,-4.976027452547156,3.6050553619408783,cluster_plus_withinstudy,agreement_natural_log_tau2_direct_v1,provisional
lft,929,4,-0.30637808038202513,11.80282992253059,0.6190151930709592,3.524463805403816,-7.355305691189657,6.742549530425607,cluster_plus_withinstudy,agreement_natural_log_tau2_direct_v1,provisional
lft,930,4,-0.4566385519845732,7.583098097905175,1.228344723316654,2.9684074553911612,-6.393453462766896,5.480176358797749,cluster_plus_withinstudy,agreement_natural_log_tau2_direct_v1,provisional
lft,931,4,-0.10478748037602667,6.403126579057707,1.4404614871513732,2.800640652816616,-5.706068786009259,5.496493825257205,cluster_plus_withinstudy,agreement_natural_log_tau2_direct_v1,provisional
lft,932,4,-0.23031012540966347,5.362042023519022,1.8867917866379815,2.6923658388408147,-5.615041803091293,5.154421552271966,cluster_plus_withinstudy,agreement_natural_log_tau2_direct_v1,provisional
lft,933,4,0.4454109727830821,7.415033289853472,2.3203651401932817,3.120160000712584,-5.794909028642086,6.6857309742082505,cluster_plus_withinstudy,agreement_natural_log_tau2_direct_v1,provisional
lft,934,4,-0.7702001244929813,3.675090236674461,0.8799209601640285,2.134247220178227,-5.038694564849435,3.4982943158634727,cluster_plus_withinstudy,agreement_natural_log_tau2_direct_v1,provisional
lft,935,4,-0.7482602157709205,8.696723044335991,0.05956876104534289,2.9591032096534473,-6.666466635077815,5.169946203535974,cluster_plus_withinstudy,agreement_natural_log_tau2_direct_v1,provisional
lft,936,4,0.24031162192535546,8.850735605018171,1.1553274844241666,3.1632361735163466,-6.086160725107337,6.566783968958049,cluster_plus_withinstudy,agreement_natural_log_tau2_direct_v1,provisional
lft,937,4,0.4222355897869066,6.297234953128791,2.0443556493256665,2.888181192801874,-5.354126795816841,6.198597975390655,cluster_plus_withinstudy,agreement_natural_log_tau2_direct_v1,provisional
lft,938,4,-0.8136747708170631,4.77504538401674,0.6787351531236374,2.3353330677101236,-5.4843409062373105,3.856991364603184,cluster_plus_withinstudy,agreement_natural_log_tau2_direct_v1,provisional
lft,939,4,-0.07899326474234686,5.603336528411063,1.6408485716049364,2.6915023871466284,-5.4619980390356035,5.30401150955091,cluster_plus_withinstudy,agreement_natural_log_tau2_direct_v1,provisional
lft,940,4,1.0014775099694269,23.812058130847376,0.1877288668071207,4.898957746057267,-8.796437982145108,10.79939300208396,cluster_plus_withinstudy,agreement_natural_log_tau2_direct_v1,provisional
lft,941,4,0.9724130310878054,13.469777069553594,0.31118146357888365,3.7122713442220894,-6.452129657356373,8.396955719531984,cluster_plus_withinstudy,agreement_natural_log_tau2_direct_v1,provisional
lft,942,4,-0.6742504458742765,8.236111519598095,0.4966807679229812,2.9551298258318663,-6.5845100975380095,5.236009205789456,cluster_plus_withinstudy,agreement_natural_log_tau2_direct_v1,provisional
lft,943,4,0.005065709132373077,7.718415753434827,1.7074753747610523,3.0701614172867,-6.135257125441027,6.145388543705773,cluster_plus_withinstudy,agreement_natural_log_tau2_direct_v1,provisional
lft,944,4,-0.35191545656561685,4.6029459741924175,1.688151524791552,2.508206032004542,-5.3683275205747005,4.664496607443468,cluster_plus_withinstudy,agreement_natural_log_tau2_direct_v1,provisional
lft,945,4,0.1847575086103221,8.43677913604598,1.6765250672701195,3.1801421671548114,-6.175526825699301,6.545041842919945,cluster_plus_withinstudy,agreement_natural_log_tau2_direct_v1,provisional
lft,946,4,-0.0607487493373458,8.125807561970392,1.5248470967084489,3.106550282657411,-6.2738493146521686,6.152351815977476,cluster_plus_withinstudy,agreement_natural_log_tau2_direct_v1,provisional
lft,947,4,0.9925919506585222,13.693150895357945,0.0,3.7004257721724327,-6.408259593686343,8.393443495003387,cluster_plus_withinstudy,agreement_natural_log_tau2_direct_v1,provisional
lft,948,4,0.08148829684533111,9.359702034129688,1.0577215971320053,3.227603388159966,-6.373718479474602,6.536695073165263,cluster_plus_withinstudy,agreement_natural_log_tau2_direct_v1,provisional
lft,949,4,-0.3306762987842408,3.9554681226651836,1.6876776086956535,2.375530621010985,-5.081737540806211,4.42038494323773,cluster_plus_withinstudy,agreement_natural_log_tau2_direct_v1,provisional
lft,950,4,0.10716622128466338,10.762180628596015,1.4186127672814142,3.490099338969799,-6.873032456654935,7.087364899224262,cluster_plus_withinstudy,agreement_natural_log_tau2_direct_v1,provisional
lft,951,4,-0.27499137506297716,8.540480208509312,1.381341803903422,3.1498923810842703,-6.574776137231518,6.0247933871055634,cluster_plus_withinstudy,agreement_natural_log_tau2_direct_v1,provisional
lft,952,4,0.6344860791354995,7.276806811016222,2.188785917850855,3.076620342009569,-5.518754604883638,6.787726763154637,cluster_plus_withinstudy,agreement_natural_log_tau2_direct_v1,provisional
lft,953,4,-0.15773605185445286,4.821569483659468,1.9405146834544527,2.6004007704801815,-5.358537592814816,5.04306548910591,cluster_plus_withinstudy,agreement_natural_log_tau2_direct_v1,provisional
lft,954,4,-0.6349539953934158,2.528469352356482,1.3577702347173755,1.971354759314989,-4.577663514023394,3.307755523236562,cluster_plus_withinstudy,agreement_natural_log_tau2_direct_v1,provisional
lft,955,4,-0.05849092414859601,7.335328603184916,0.5334332369752267,2.8051313409821192,-5.668753606112834,5.551771757815643,cluster_plus_withinstudy,agreement_natural_log_tau2_direct_v1,provisional
lft,956,4,-0.5166024312542372,7.260363055283299,0.950496101680036,2.8654596763806213,-6.24752178401548,5.214316921507005,cluster_plus_withinstudy,agreement_natural_log_tau2_direct_v1,provisional
lft,957,4,0.6622837319112282,13.707038667776626,1.5780248254656197,3.9096116806202437,-7.156939629329259,8.481507093151716,cluster_plus_withinstudy,agreement_natural_log_tau2_direct_v1,provisional
lft,958,4,0.8214747118975069,12.382900875750016,0.0,3.518934622261405,-6.216394532625303,7.859343956420316,cluster_plus_withinstudy,agreement_natural_log_tau2_direct_v1,provisional
lft,959,4,1.1682300800482142,8.66684644968054,0.0,2.9439508232442573,-4.719671566440301,7.056131726536728,cluster_plus_withinstudy,agreement_natural_log_tau2_direct_v1,provisional
lft,960,4,0.18767921769320986,16.363858034603002,0.8000025452063455,4.142928985610222,-8.098178753527234,8.473537188913655,cluster_plus_withinstudy,agreement_natural_log_tau2_direct_v1,provisional
lft,961,4,0.03611978205359199,5.948339907322383,1.3030852015985228,2.692847026646873,-5.349574271240154,5.421813835347338,cluster_plus_withinstudy,agreement_natural_log_tau2_direct_v1,provisional
lft,962,4,0.9807309839000805,9.610138607455246,0.014289250367547553,3.1023262010663535,-5.223921418232626,7.185383386032788,cluster_plus_withinstudy,agreement_natural_log_tau2_direct_v1,provisional
lft,963,4,0.07856528026126636,6.573411008813015,1.2288309614764075,2.793249356983623,-5.50793343370598,5.665063994228512,cluster_plus_withinstudy,agreement_natural_log_tau2_direct_v1,provisional
lft,964,4,0.5382315047392492,12.518689313296967,3.310859841216808,3.978636594929697,-7.419041685120145,8.495504694598644,cluster_plus_withinstudy,agreement_natural_log_tau2_direct_v1,provisional
lft,965,4,-0.956719997773942,4.799154301477975,0.039029393888095024,2.19958716475753,-5.355894327289002,3.442454331741118,cluster_plus_withinstudy,agreement_natural_log_tau2_direct_v1,provisional
lft,966,4,-0.49239833830082863,6.7923327622133565,0.970268718727786,2.786144554925523,-6.064687448151875,5.079890771550217,cluster_plus_withinstudy,agreement_natural_log_tau2_direct_v1,provisional
lft,967,4,-0.17269840098752215,4.62315985963939,2.117481172480955,2.596274452387564,-5.36524730576265,5.019850503787606,cluster_plus_withinstudy,agreement_natural_log_tau2_direct_v1,provisional
lft,968,4,-1.3868971639778078,1.7857231583309094,0.0,1.3363095293871512,-4.05951622275211,1.2857218947964946,cluster_plus_withinstudy,agreement_natural_log_tau2_direct_v1,provisional
lft,969,4,0.6739957540618998,16.33375147459438,1.2879421400369624,4.197820102699893,-7.721644451337887,9.069635959461687,cluster_plus_withinstudy,agreement_natural_log_tau2_direct_v1,provisional
lft,970,4,-0.42696892972127465,5.251245372005007,1.5548409441445137,2.608847698917957,-5.644664327557189,4.79072646811464,cluster_plus_withinstudy,agreement_natural_log_tau2_direct_v1,provisional
lft,971,4,-0.6301635339228497,3.8372559828293946,1.39427957434934,2.2872550267031295,-5.204673587329109,3.9443465194834095,cluster_plus_withinstudy,agreement_natural_log_tau2_direct_v1,provisional
lft,972,4,0.26677798370505346,8.029139924600782,1.931983665076184,3.1561247740982874,-6.045471564491521,6.5790275319016285,cluster_plus_withinstudy,agreement_natural_log_tau2_direct_v1,provisional
lft,973,4,-0.9337867807272935,4.572640393700718,0.1526684131612042,2.173777543094491,-5.281341866916275,3.4137683054616885,cluster_plus_withinstudy,agreement_natural_log_tau2_direct_v1,provisional
lft,974,4,0.4756803957258019,6.401060603958162,1.478308343844719,2.807021365754611,-5.13836233578342,6.089723127235024,cluster_plus_withinstudy,agreement_natural_log_tau2_direct_v1,provisional
lft,975,4,0.11118021387662397,7.442221965787162,2.1764879573154188,3.101404508138624,-6.091628802400624,6.313989230153872,cluster_plus_withinstudy,agreement_natural_log_tau2_direct_v1,provisional
lft,976,4,-0.19558848785663366,8.352990672810988,1.3896993024108997,3.1213282389428203,-6.438244965742275,6.0470679900290065,cluster_plus_withinstudy,agreement_natural_log_tau2_direct_v1,provisional
lft,977,4,-0.0923566808299983,3.470234061308254,1.9319940598245866,2.324269373616759,-4.740895428063516,4.55618206640352,cluster_plus_withinstudy,agreement_natural_log_tau2_direct_v1,provisional
lft,978,4,-0.5281344796595986,13.51282214278583,0.3169458159431539,3.7188395984135942,-7.965813676486787,6.90954471716759,cluster_plus_withinstudy,agreement_natural_log_tau2_direct_v1,provisional
lft,979,4,0.7101615714910816,6.944542822578478,0.7557129320729652,2.7749334685090097,-4.839705365526938,6.260028508509101,cluster_plus_withinstudy,agreement_natural_log_tau2_direct_v1,provisional
lft,980,4,-0.036631642002353436,6.832191837014345,1.229509563933733,2.8393135439658788,-5.715258729934111,5.641995445929404,cluster_plus_withinstudy,agreement_natural_log_tau2_direct_v1,provisional
lft,981,4,0.11972360382699142,17.081738146239474,0.6008516318124565,4.205067154999065,-8.290410706171139,8.52985791382512,cluster_plus_withinstudy,agreement_natural_log_tau2_direct_v1,provisional
lft,982,4,-0.11570713572747768,6.63748582704095,1.4539256089188894,2.84454063707303,-5.804788409873538,5.573374138418583,cluster_plus_withinstudy,agreement_natural_log_tau2_direct_v1,provisional
lft,983,4,0.3933527121583757,7.157755530713948,1.6119537669160067,2.9613694969777,-5.529386281797024,6.316091706113776,cluster_plus_withinstudy,agreement_natural_log_tau2_direct_v1,provisional
lft,984,4,-0.19762242835033336,5.228649468874118,1.355695664239834,2.565997882523279,-5.329618193396891,4.9343733366962255,cluster_plus_withinstudy,agreement_natural_log_tau2_direct_v1,provisional
lft,985,4,0.1478966542979212,12.426626496899077,1.8157605527456564,3.773908723014473,-7.3999207917310255,7.695714100326867,cluster_plus_withinstudy,agreement_natural_log_tau2_direct_v1,provisional
lft,986,4,-0.5449104771414722,3.6254247473525902,1.3641286563876436,2.233730826160626,-5.012372129462724,3.92255117517978,cluster_plus_withinstudy,agreement_natural_log_tau2_direct_v1,provisional
lft,987,4,0.15040430722549722,4.268424684628635,2.1628982548604014,2.5360053114078913,-4.921606315590285,5.22241493004128,cluster_plus_withinstudy,agreement_natural_log_tau2_direct_v1,provisional
lft,988,4,-0.46697870195816576,5.980937201377932,1.4356886312378736,2.7233482760410586,-5.913675254040283,4.979717850123952,cluster_plus_withinstudy,agreement_natural_log_tau2_direct_v1,provisional
lft,989,4,0.14054751731898257,8.267224263435802,1.0442424270981525,3.051469595217025,-5.962391673115067,6.243486707753033,cluster_plus_withinstudy,agreement_natural_log_tau2_direct_v1,provisional
lft,990,4,-0.789695429716107,2.2858375090748764,1.8003533125167772,2.021432863488583,-4.832561156693274,3.253170297261059,cluster_plus_withinstudy,agreement_natural_log_tau2_direct_v1,provisional
lft,991,4,-0.06753504207694701,7.76599168056107,0.8919495355333178,2.942437971494792,-5.952410985066531,5.817340900912638,cluster_plus_withinstudy,agreement_natural_log_tau2_direct_v1,provisional
lft,992,4,-0.034720182046555165,17.29737088322653,0.6055111327177598,4.23117974280747,-8.497079667661495,8.427639303568384,cluster_plus_withinstudy,agreement_natural_log_tau2_direct_v1,provisional
lft,993,4,-0.09624411342048633,4.281515366850165,2.21844216034949,2.549501427181333,-5.195246967783152,5.0027587409421805,cluster_plus_withinstudy,agreement_natural_log_tau2_direct_v1,provisional
lft,994,4,0.0203166919955853,16.818890437178165,0.4637061357098866,4.157234245611865,-8.294151799228144,8.334785183219315,cluster_plus_withinstudy,agreement_natural_log_tau2_direct_v1,provisional
lft,995,4,0.9314473847727008,24.895984105692804,0.12122687757839995,5.0017208022110955,-9.07199421964949,10.934888989194892,cluster_plus_withinstudy,agreement_natural_log_tau2_direct_v1,provisional
lft,996,4,0.05819403820116005,6.883717886414527,1.2519459639494046,2.8523085124796603,-5.646422986758161,5.7628110631604805,cluster_plus_withinstudy,agreement_natural_log_tau2_direct_v1,provisional
lft,997,4,-0.6843006958345544,8.17082973353172,0.43175168723928903,2.933015755288575,-6.550332206411705,5.181730814742595,cluster_plus_withinstudy,agreement_natural_log_tau2_direct_v1,provisional
lft,998,4,0.6049837546256208,10.402531689709122,1.016941669190103,3.379271128349903,-6.153558502074185,7.363526011325426,cluster_plus_withinstudy,agreement_natural_log_tau2_direct_v1,provisional
lft,999,4,-0.152240777350791,5.233828979856134,1.7346215840798525,2.6397822947993244,-5.4318053669494395,5.127323812247858,cluster_plus_withinstudy,agreement_natural_log_tau2_direct_v1,provisional
