group,label,threshold,tp_per_1000_q025,tp_per_1000_q500,tp_per_1000_q975,fp_per_1000_q025,fp_per_1000_q500,fp_per_1000_q975,fn_per_1000_q025,fn_per_1000_q500,fn_per_1000_q975,tn_per_1000_q025,tn_per_1000_q500,tn_per_1000_q975
pft,Ambulatory (PFT),45.0,212.24061995238378,233.5251447778179,254.50462875182862,9.710319503437578,30.15213740060629,47.37159269799912,10.128117996449859,31.107601970460593,52.39212679589469,687.9956605537225,705.2151158511152,725.6569337482839
ed_inp,ED/Inpatient,45.0,204.92149681501633,240.2718418103252,266.4179187026683,6.2972869228215815,13.884176744050144,27.25159422894937,37.78490530303943,63.93098219538256,99.28132719069141,668.5455817653428,681.9129992502421,689.4998890714706
icu,ICU,45.0,276.5641208339262,296.08165847717794,306.5461214143571,20.878785628247456,34.459824650861414,51.38188434007135,10.451359996053043,20.9158229332322,40.43336057648391,631.6206342495185,648.5426939387285,662.1237329613424
all,Overall,45.0,257.3093307265141,268.15413198271085,282.3018541808189,27.763364201465702,47.07697719290999,64.9417951413518,24.12512029540236,38.27284249351047,49.11764374970726,628.6312303824269,646.4960483308687,665.809661322313
