group,delta_q025,delta_q500,delta_q975,sigma2_q025,sigma2_q500,sigma2_q975,tau2_q025,tau2_q500,tau2_q975,sd_total_q025,sd_total_q500,sd_total_q975,loa_l_q025,loa_l_q500,loa_l_q975,loa_u_q025,loa_u_q500,loa_u_q975,loa_width_q025,loa_width_q500,loa_width_q975,label
pft,-1.0866497023241046,-0.05877020316799757,1.0076350964595338,1.6335702593842247,2.553438052679167,3.5785895430470243,0.0,1.0885715330226988,2.495485330292899,1.4672329714205605,1.9078468926669159,2.347016920478701,-4.47026977410091,-3.958070615582044,-2.4791956717616905,1.8446828378838132,3.863931206822123,5.249997165816073,5.868931885682242,7.6313875706676635,9.388067681914803,Ambulatory (PFT)
ed_inp,0.3223135923034727,1.5801698382219085,3.3860035066225933,3.0124330648889885,4.0354883302335685,5.465531746473473,0.641619119689164,3.1639933848674646,7.8634147587243435,2.0231423163339106,2.6833817404064506,3.5808176604015785,-5.3167918027754,-3.7144894752892768,-2.624041052317982,4.563804080614882,6.961469288210752,10.131475959497221,8.092569265335642,10.733526961625802,14.323270641606312,ED/Inpatient
icu,-1.5047655862263472,-0.6182644685035459,0.6336550947555549,3.264815689782251,3.9262382715234634,4.784882993685112,0.32610438926947494,2.207412609673924,7.145828834053833,2.000429542586791,2.4732245437599487,3.384360123955618,-6.815270039939329,-5.589644868623479,-4.473704515757478,2.8390128027765247,4.368364556148955,7.216217335505887,8.001718170347164,9.892898175039795,13.537440495822471,ICU
all,-0.6939910226410625,-0.1407762240181122,0.47592029292423743,3.0714213581080685,3.458407024032671,3.86120207488792,2.159282157629184,8.791377713821806,14.053630628744834,2.3675532678899662,3.4887170552027387,4.179416662681278,-8.576216392622433,-7.045461051897901,-4.791070156964633,4.316476898778315,6.8458741912337056,8.480486145236,9.470213071559865,13.954868220810955,16.71766665072511,Overall
